vendor_slug,vendor_name,official_site,logo,logo_source_url,global_block_id,global_block_title,direction_id,direction_title,system_id,system_title,product_group_id,product_group_title,source_direction,source_group,source_area,source_type,show_in_catalog,show_in_vendors,show_on_home,show_in_partners,status,confidence,matched_by,source,notes
kaspersky,Kaspersky,https://www.kaspersky.ru/,assets/img/logos/vendors/kaspersky.svg,https://www.kaspersky.ru/,it-equipment-and-software,IT оборудование и ПО,it-infrastructure,IT-инфраструктура,informatsionnaya-bezopasnost,Информационная безопасность,informatsionnaya-bezopasnost,Информационная безопасность,IT оборудование и ПО,IT-инфраструктура,Информационная безопасность,Информационная безопасность,true,true,false,false,published,curated_type_alias,Информационная безопасность,codex_it_p0_vendor_fill_20260702,"Official inline SVG header logo from kaspersky.ru, stored locally with official brand color."
positive-technologies,Positive Technologies,https://ptsecurity.com/,assets/img/logos/vendors/positive-technologies.svg,https://ptsecurity.com/_next/static/media/Logo_white.075512d9.svg,it-equipment-and-software,IT оборудование и ПО,it-infrastructure,IT-инфраструктура,informatsionnaya-bezopasnost,Информационная безопасность,informatsionnaya-bezopasnost,Информационная безопасность,IT оборудование и ПО,IT-инфраструктура,Информационная безопасность,Информационная безопасность,true,true,false,false,published,curated_type_alias,Информационная безопасность,codex_it_p0_vendor_fill_20260702,"Official SVG logo from ptsecurity.com, mapped to information security."
usergate,UserGate,https://usergate.com/,assets/img/logos/vendors/usergate.png,https://usergate.com/f/dist/media/favicons/favicon-96x96.png,it-equipment-and-software,IT оборудование и ПО,it-infrastructure,IT-инфраструктура,informatsionnaya-bezopasnost,Информационная безопасность,informatsionnaya-bezopasnost,Информационная безопасность,IT оборудование и ПО,IT-инфраструктура,Информационная безопасность,Информационная безопасность,true,true,false,false,published,curated_type_alias,Информационная безопасность,codex_it_p0_vendor_fill_20260702,"Official UserGate favicon from usergate.com used as temporary logo asset, replace with official wordmark if provided by supplier."
bm-technology,BM Group,https://bm-technology.ru/,assets/img/logos/vendors/bm-technology.svg,https://bm-technology.ru/templates/bmgroup_2.0/images/landings/homepage/img/logo_new.svg,it-equipment-and-software,IT оборудование и ПО,it-infrastructure,IT-инфраструктура,corporate-devices,Корпоративные устройства,interaktivnoe-oborudovanie,Интерактивное оборудование,IT оборудование и ПО,IT-инфраструктура,Корпоративные устройства,Интерактивное оборудование,true,true,false,false,published,curated_type_alias,Интерактивное оборудование,codex_it_p0_vendor_fill_20260702,"Official logo from bm-technology.ru, mapped only to interactive equipment, not broader IT categories."
systeme-electric,Systeme Electric,https://systeme.ru,assets/img/logos/vendors/import-20260630/systeme-electric.svg,https://systeme.ru/_nuxt/img/logo-main-mobile.63c6943.svg,it-equipment-and-software,IT оборудование и ПО,it-infrastructure,IT-инфраструктура,servers-and-datacenter,Серверы и ЦОД,servers,Серверы,IT-инфраструктура,IT-инфраструктура,IT-инфраструктура,IT оборудование и ПО,true,true,true,true,published,curated_vendor_slug,systeme-electric,supplier_import_20260630_official_site,"Prepared from supplier table. Sheet: IT 02.04, row 24. Logo source: official site."
systeme-electric,Systeme Electric,https://systeme.ru,assets/img/logos/vendors/import-20260630/systeme-electric.svg,https://systeme.ru/_nuxt/img/logo-main-mobile.63c6943.svg,it-equipment-and-software,IT оборудование и ПО,it-infrastructure,IT-инфраструктура,servers-and-datacenter,Серверы и ЦОД,storage-systems,Системы хранения данных,IT-инфраструктура,IT-инфраструктура,IT-инфраструктура,IT оборудование и ПО,true,true,true,true,published,curated_vendor_slug,systeme-electric,supplier_import_20260630_official_site,"Prepared from supplier table. Sheet: IT 02.04, row 24. Logo source: official site."
systeme-electric,Systeme Electric,https://systeme.ru,assets/img/logos/vendors/import-20260630/systeme-electric.svg,https://systeme.ru/_nuxt/img/logo-main-mobile.63c6943.svg,it-equipment-and-software,IT оборудование и ПО,it-infrastructure,IT-инфраструктура,servers-and-datacenter,Серверы и ЦОД,servery-i-shd,Серверы и СХД,IT-инфраструктура,IT-инфраструктура,IT-инфраструктура,IT оборудование и ПО,true,true,true,true,published,curated_vendor_slug,systeme-electric,supplier_import_20260630_official_site,"Prepared from supplier table. Sheet: IT 02.04, row 24. Logo source: official site."
systeme-electric,Systeme Electric,https://systeme.ru,assets/img/logos/vendors/import-20260630/systeme-electric.svg,https://systeme.ru/_nuxt/img/logo-main-mobile.63c6943.svg,it-equipment-and-software,IT оборудование и ПО,it-infrastructure,IT-инфраструктура,network-equipment,Сетевое оборудование,network-switches,Коммутаторы,IT-инфраструктура,IT-инфраструктура,IT-инфраструктура,IT оборудование и ПО,true,true,true,true,published,curated_vendor_slug,systeme-electric,supplier_import_20260630_official_site,"Prepared from supplier table. Sheet: IT 02.04, row 24. Logo source: official site."
systeme-electric,Systeme Electric,https://systeme.ru,assets/img/logos/vendors/import-20260630/systeme-electric.svg,https://systeme.ru/_nuxt/img/logo-main-mobile.63c6943.svg,it-equipment-and-software,IT оборудование и ПО,it-infrastructure,IT-инфраструктура,network-equipment,Сетевое оборудование,setevoe-oborudovanie-i-telekom,Сетевое оборудование и телеком,IT-инфраструктура,IT-инфраструктура,IT-инфраструктура,IT оборудование и ПО,true,true,true,true,published,curated_vendor_slug,systeme-electric,supplier_import_20260630_official_site,"Prepared from supplier table. Sheet: IT 02.04, row 24. Logo source: official site."
systeme-electric,Systeme Electric,https://systeme.ru,assets/img/logos/vendors/import-20260630/systeme-electric.svg,https://systeme.ru/_nuxt/img/logo-main-mobile.63c6943.svg,it-equipment-and-software,IT оборудование и ПО,it-infrastructure,IT-инфраструктура,software-and-management,ПО и управление,software-monitoring-and-virtualization,"ПО, мониторинг и виртуализация",IT-инфраструктура,IT-инфраструктура,IT-инфраструктура,IT оборудование и ПО,true,true,true,true,published,curated_vendor_slug,systeme-electric,supplier_import_20260630_official_site,"Prepared from supplier table. Sheet: IT 02.04, row 24. Logo source: official site."
systeme-electric,Systeme Electric,https://systeme.ru,assets/img/logos/vendors/import-20260630/systeme-electric.svg,https://systeme.ru/_nuxt/img/logo-main-mobile.63c6943.svg,energy,Энергетика,eom,ЭОМ,lighting-devices,Световые приборы,input-distribution-device,Вводно-распределительное устройство (ВРУ),IT-инфраструктура,IT-инфраструктура,IT-инфраструктура,IT оборудование и ПО,true,true,true,true,published,curated_vendor_slug,systeme-electric,supplier_import_20260630_official_site,"Prepared from supplier table. Sheet: IT 02.04, row 24. Logo source: official site."
kit,КИТ,https://www.ocs.ru/vendors/kit/,assets/img/logos/vendors/import-20260630/kit.svg,https://www.ocs.ru/uploads/vendors/kit_logo_renewed.svg,it-equipment-and-software,IT оборудование и ПО,it-infrastructure,IT-инфраструктура,servers-and-datacenter,Серверы и ЦОД,servers,Серверы,IT-инфраструктура,IT-инфраструктура,IT-инфраструктура,IT оборудование и ПО,true,true,true,true,published,curated_type_alias,IT оборудование и ПО,supplier_import_20260630_official_site,"Prepared from supplier table. Sheet: IT 02.04, row 12. Logo source: official site."
kit,КИТ,https://www.ocs.ru/vendors/kit/,assets/img/logos/vendors/import-20260630/kit.svg,https://www.ocs.ru/uploads/vendors/kit_logo_renewed.svg,it-equipment-and-software,IT оборудование и ПО,it-infrastructure,IT-инфраструктура,servers-and-datacenter,Серверы и ЦОД,storage-systems,Системы хранения данных,IT-инфраструктура,IT-инфраструктура,IT-инфраструктура,IT оборудование и ПО,true,true,true,true,published,curated_type_alias,IT оборудование и ПО,supplier_import_20260630_official_site,"Prepared from supplier table. Sheet: IT 02.04, row 12. Logo source: official site."
kit,КИТ,https://www.ocs.ru/vendors/kit/,assets/img/logos/vendors/import-20260630/kit.svg,https://www.ocs.ru/uploads/vendors/kit_logo_renewed.svg,it-equipment-and-software,IT оборудование и ПО,it-infrastructure,IT-инфраструктура,servers-and-datacenter,Серверы и ЦОД,servery-i-shd,Серверы и СХД,IT-инфраструктура,IT-инфраструктура,IT-инфраструктура,IT оборудование и ПО,true,true,true,true,published,curated_type_alias,IT оборудование и ПО,supplier_import_20260630_official_site,"Prepared from supplier table. Sheet: IT 02.04, row 12. Logo source: official site."
kit,КИТ,https://www.ocs.ru/vendors/kit/,assets/img/logos/vendors/import-20260630/kit.svg,https://www.ocs.ru/uploads/vendors/kit_logo_renewed.svg,it-equipment-and-software,IT оборудование и ПО,it-infrastructure,IT-инфраструктура,network-equipment,Сетевое оборудование,network-switches,Коммутаторы,IT-инфраструктура,IT-инфраструктура,IT-инфраструктура,IT оборудование и ПО,true,true,true,true,published,curated_type_alias,IT оборудование и ПО,supplier_import_20260630_official_site,"Prepared from supplier table. Sheet: IT 02.04, row 12. Logo source: official site."
kit,КИТ,https://www.ocs.ru/vendors/kit/,assets/img/logos/vendors/import-20260630/kit.svg,https://www.ocs.ru/uploads/vendors/kit_logo_renewed.svg,it-equipment-and-software,IT оборудование и ПО,it-infrastructure,IT-инфраструктура,network-equipment,Сетевое оборудование,setevoe-oborudovanie-i-telekom,Сетевое оборудование и телеком,IT-инфраструктура,IT-инфраструктура,IT-инфраструктура,IT оборудование и ПО,true,true,true,true,published,curated_type_alias,IT оборудование и ПО,supplier_import_20260630_official_site,"Prepared from supplier table. Sheet: IT 02.04, row 12. Logo source: official site."
kit,КИТ,https://www.ocs.ru/vendors/kit/,assets/img/logos/vendors/import-20260630/kit.svg,https://www.ocs.ru/uploads/vendors/kit_logo_renewed.svg,it-equipment-and-software,IT оборудование и ПО,it-infrastructure,IT-инфраструктура,software-and-management,ПО и управление,software-monitoring-and-virtualization,"ПО, мониторинг и виртуализация",IT-инфраструктура,IT-инфраструктура,IT-инфраструктура,IT оборудование и ПО,true,true,true,true,published,curated_type_alias,IT оборудование и ПО,supplier_import_20260630_official_site,"Prepared from supplier table. Sheet: IT 02.04, row 12. Logo source: official site."
terek-radio,Терек-Радио,https://terek-radio.ru/,assets/img/logos/vendors/import-20260630/terek-radio.png,https://terek-radio.ru/wp-content/uploads/2022/03/logo_for_heder_v2-1536x768.png,it-equipment-and-software,IT оборудование и ПО,it-infrastructure,IT-инфраструктура,servers-and-datacenter,Серверы и ЦОД,servers,Серверы,IT-инфраструктура,IT-инфраструктура,IT-инфраструктура,IT оборудование и ПО,true,true,true,true,published,curated_type_alias,IT оборудование и ПО,supplier_import_20260630_official_site,"Prepared from supplier table. Sheet: IT 02.04, row 20. Logo source: official site."
terek-radio,Терек-Радио,https://terek-radio.ru/,assets/img/logos/vendors/import-20260630/terek-radio.png,https://terek-radio.ru/wp-content/uploads/2022/03/logo_for_heder_v2-1536x768.png,it-equipment-and-software,IT оборудование и ПО,it-infrastructure,IT-инфраструктура,servers-and-datacenter,Серверы и ЦОД,storage-systems,Системы хранения данных,IT-инфраструктура,IT-инфраструктура,IT-инфраструктура,IT оборудование и ПО,true,true,true,true,published,curated_type_alias,IT оборудование и ПО,supplier_import_20260630_official_site,"Prepared from supplier table. Sheet: IT 02.04, row 20. Logo source: official site."
terek-radio,Терек-Радио,https://terek-radio.ru/,assets/img/logos/vendors/import-20260630/terek-radio.png,https://terek-radio.ru/wp-content/uploads/2022/03/logo_for_heder_v2-1536x768.png,it-equipment-and-software,IT оборудование и ПО,it-infrastructure,IT-инфраструктура,servers-and-datacenter,Серверы и ЦОД,servery-i-shd,Серверы и СХД,IT-инфраструктура,IT-инфраструктура,IT-инфраструктура,IT оборудование и ПО,true,true,true,true,published,curated_type_alias,IT оборудование и ПО,supplier_import_20260630_official_site,"Prepared from supplier table. Sheet: IT 02.04, row 20. Logo source: official site."
terek-radio,Терек-Радио,https://terek-radio.ru/,assets/img/logos/vendors/import-20260630/terek-radio.png,https://terek-radio.ru/wp-content/uploads/2022/03/logo_for_heder_v2-1536x768.png,it-equipment-and-software,IT оборудование и ПО,it-infrastructure,IT-инфраструктура,network-equipment,Сетевое оборудование,network-switches,Коммутаторы,IT-инфраструктура,IT-инфраструктура,IT-инфраструктура,IT оборудование и ПО,true,true,true,true,published,curated_type_alias,IT оборудование и ПО,supplier_import_20260630_official_site,"Prepared from supplier table. Sheet: IT 02.04, row 20. Logo source: official site."
terek-radio,Терек-Радио,https://terek-radio.ru/,assets/img/logos/vendors/import-20260630/terek-radio.png,https://terek-radio.ru/wp-content/uploads/2022/03/logo_for_heder_v2-1536x768.png,it-equipment-and-software,IT оборудование и ПО,it-infrastructure,IT-инфраструктура,network-equipment,Сетевое оборудование,setevoe-oborudovanie-i-telekom,Сетевое оборудование и телеком,IT-инфраструктура,IT-инфраструктура,IT-инфраструктура,IT оборудование и ПО,true,true,true,true,published,curated_type_alias,IT оборудование и ПО,supplier_import_20260630_official_site,"Prepared from supplier table. Sheet: IT 02.04, row 20. Logo source: official site."
terek-radio,Терек-Радио,https://terek-radio.ru/,assets/img/logos/vendors/import-20260630/terek-radio.png,https://terek-radio.ru/wp-content/uploads/2022/03/logo_for_heder_v2-1536x768.png,it-equipment-and-software,IT оборудование и ПО,it-infrastructure,IT-инфраструктура,software-and-management,ПО и управление,software-monitoring-and-virtualization,"ПО, мониторинг и виртуализация",IT-инфраструктура,IT-инфраструктура,IT-инфраструктура,IT оборудование и ПО,true,true,true,true,published,curated_type_alias,IT оборудование и ПО,supplier_import_20260630_official_site,"Prepared from supplier table. Sheet: IT 02.04, row 20. Logo source: official site."
kvadra,KVADRA,https://квадра.рф/,assets/img/logos/partners/kvadra-on-white.svg,https://xn--80aaej1a3b.xn--p1ai/wp-content/themes/kvadra/assets/public/static/images/logo.svg?v2,it-equipment-and-software,IT оборудование и ПО,it-infrastructure,IT-инфраструктура,corporate-devices,Корпоративные устройства,all-in-one-laptops-and-tablets,"Моноблоки, ноутбуки и планшеты",IT-инфраструктура,IT-инфраструктура,Корпоративные устройства,"ПК, моноблоки, ноутбуки, планшеты, клиентские устройства",true,true,true,true,published,curated_type_alias,"ПК, моноблоки, ноутбуки, планшеты, клиентские устройства",official_site_header_asset_adapted_on_white_card,IT-инфраструктура: корпоративные клиентские устройства YADRO/KVADRA.
kvadra,KVADRA,https://квадра.рф/,assets/img/logos/partners/kvadra-on-white.svg,https://xn--80aaej1a3b.xn--p1ai/wp-content/themes/kvadra/assets/public/static/images/logo.svg?v2,it-equipment-and-software,IT оборудование и ПО,it-infrastructure,IT-инфраструктура,workstations,Рабочие станции,personalnoe-oborudovanie,Персональное оборудование,IT-инфраструктура,IT-инфраструктура,Корпоративные устройства,"ПК, моноблоки, ноутбуки, планшеты, клиентские устройства",true,true,true,true,published,curated_type_alias,"ПК, моноблоки, ноутбуки, планшеты, клиентские устройства",official_site_header_asset_adapted_on_white_card,IT-инфраструктура: корпоративные клиентские устройства YADRO/KVADRA.
gitflic,GitFlic,https://gitflic.ru/,assets/img/logos/vendors/gitflic.svg,https://gitflic.ru/static/images/logo-black.svg,it-equipment-and-software,IT оборудование и ПО,it-infrastructure,IT-инфраструктура,software-and-management,ПО и управление,platformy-razrabotki-i-sborki-po,Платформы разработки и сборки ПО,IT-инфраструктура,IT-инфраструктура,ПО и управление,Платформы разработки и сборки ПО,true,true,false,false,published,curated_type_alias,Платформы разработки и сборки ПО,codex_p0_vendor_coverage_20260702,"Official black SVG logo from gitflic.ru static assets, site title confirms source-code repository platform."
postgres-professional,Postgres Professional,https://postgrespro.ru/,assets/img/logos/vendors/postgres-professional.svg,https://postgrespro.ru/media/2025/04/02/Postgres%20Pro.%20%D0%9B%D0%BE%D0%B3%D0%BE%D1%82%D0%B8%D0%BF%20%28%D1%81%D0%B8%D0%BD%D0%B8%D0%B9%29..svg,it-equipment-and-software,IT оборудование и ПО,it-infrastructure,IT-инфраструктура,software-and-management,ПО и управление,upravlenie-dannymi-i-analitika,Управление данными и аналитика,IT-инфраструктура,IT-инфраструктура,ПО и управление,Управление данными и аналитика,true,true,false,false,published,curated_type_alias,Управление данными и аналитика,codex_p0_vendor_coverage_20260702,Official blue SVG from Postgres Pro press materials.
gk-astra,Группа Астра,https://astra.ru/,assets/img/logos/vendors/gk-astra.svg,https://astra.ru/upload/logotipy/logoGroupAstra.zip,it-equipment-and-software,IT оборудование и ПО,it-infrastructure,IT-инфраструктура,software-and-management,ПО и управление,operatsionnye-sistemy,Операционные системы,IT-инфраструктура,IT-инфраструктура,ПО и управление,"Операционные системы, виртуализация и управление ИТ-инфраструктурой",true,true,false,false,published,curated_type_alias,"Операционные системы, виртуализация и управление ИТ-инфраструктурой",codex_p0_vendor_coverage_20260702,"Official logo package downloaded from Astra press/logo materials page, using color SVG from official ZIP."
gk-astra,Группа Астра,https://astra.ru/,assets/img/logos/vendors/gk-astra.svg,https://astra.ru/upload/logotipy/logoGroupAstra.zip,it-equipment-and-software,IT оборудование и ПО,it-infrastructure,IT-инфраструктура,software-and-management,ПО и управление,virtualizatsiya-i-vdi,Виртуализация и VDI,IT-инфраструктура,IT-инфраструктура,ПО и управление,"Операционные системы, виртуализация и управление ИТ-инфраструктурой",true,true,false,false,published,curated_type_alias,"Операционные системы, виртуализация и управление ИТ-инфраструктурой",codex_p0_vendor_coverage_20260702,"Official logo package downloaded from Astra press/logo materials page, using color SVG from official ZIP."
gk-astra,Группа Астра,https://astra.ru/,assets/img/logos/vendors/gk-astra.svg,https://astra.ru/upload/logotipy/logoGroupAstra.zip,it-equipment-and-software,IT оборудование и ПО,it-infrastructure,IT-инфраструктура,software-and-management,ПО и управление,upravlenie-it-infrastrukturoy,Управление ИТ-инфраструктурой,IT-инфраструктура,IT-инфраструктура,ПО и управление,"Операционные системы, виртуализация и управление ИТ-инфраструктурой",true,true,false,false,published,curated_type_alias,"Операционные системы, виртуализация и управление ИТ-инфраструктурой",codex_p0_vendor_coverage_20260702,"Official logo package downloaded from Astra press/logo materials page, using color SVG from official ZIP."
kiberprotekt,Киберпротект,https://cyberprotect.ru/,assets/img/logos/vendors/kiberprotekt.svg,https://cyberprotect.ru/static/img/main_new/logo_10.svg,it-equipment-and-software,IT оборудование и ПО,it-infrastructure,IT-инфраструктура,software-and-management,ПО и управление,rezervnoe-kopirovanie,Резервное копирование,IT-инфраструктура,IT-инфраструктура,ПО и управление,Резервное копирование,true,true,false,false,published,curated_type_alias,Резервное копирование,codex_p0_vendor_coverage_20260702,"Official SVG logo from cyberprotect.ru header, page title confirms backup, storage and data protection solutions."
depo-computers,DEPO Computers,https://depo-computers.com/,assets/img/logos/partners/depo-computers.png,https://static.tildacdn.com/tild6264-3332-4438-a439-373663373064/Logo_DepoComputers.png,it-equipment-and-software,IT оборудование и ПО,it-infrastructure,IT-инфраструктура,servers-and-datacenter,Серверы и ЦОД,servers,Серверы,IT-инфраструктура,IT-инфраструктура,Серверы и ЦОД,"Серверы, СХД, коммутаторы, инфраструктурные компоненты, рабочие станции",true,true,true,true,published,curated_type_alias,"Серверы, СХД, коммутаторы, инфраструктурные компоненты, рабочие станции",official_site_og_logo_asset,"IT-инфраструктура: серверы, СХД, коммутаторы, компьютеры и рабочие станции."
depo-computers,DEPO Computers,https://depo-computers.com/,assets/img/logos/partners/depo-computers.png,https://static.tildacdn.com/tild6264-3332-4438-a439-373663373064/Logo_DepoComputers.png,it-equipment-and-software,IT оборудование и ПО,it-infrastructure,IT-инфраструктура,servers-and-datacenter,Серверы и ЦОД,storage-systems,Системы хранения данных,IT-инфраструктура,IT-инфраструктура,Серверы и ЦОД,"Серверы, СХД, коммутаторы, инфраструктурные компоненты, рабочие станции",true,true,true,true,published,curated_type_alias,"Серверы, СХД, коммутаторы, инфраструктурные компоненты, рабочие станции",official_site_og_logo_asset,"IT-инфраструктура: серверы, СХД, коммутаторы, компьютеры и рабочие станции."
depo-computers,DEPO Computers,https://depo-computers.com/,assets/img/logos/partners/depo-computers.png,https://static.tildacdn.com/tild6264-3332-4438-a439-373663373064/Logo_DepoComputers.png,it-equipment-and-software,IT оборудование и ПО,it-infrastructure,IT-инфраструктура,servers-and-datacenter,Серверы и ЦОД,servery-i-shd,Серверы и СХД,IT-инфраструктура,IT-инфраструктура,Серверы и ЦОД,"Серверы, СХД, коммутаторы, инфраструктурные компоненты, рабочие станции",true,true,true,true,published,curated_type_alias,"Серверы, СХД, коммутаторы, инфраструктурные компоненты, рабочие станции",official_site_og_logo_asset,"IT-инфраструктура: серверы, СХД, коммутаторы, компьютеры и рабочие станции."
depo-computers,DEPO Computers,https://depo-computers.com/,assets/img/logos/partners/depo-computers.png,https://static.tildacdn.com/tild6264-3332-4438-a439-373663373064/Logo_DepoComputers.png,it-equipment-and-software,IT оборудование и ПО,it-infrastructure,IT-инфраструктура,network-equipment,Сетевое оборудование,network-switches,Коммутаторы,IT-инфраструктура,IT-инфраструктура,Серверы и ЦОД,"Серверы, СХД, коммутаторы, инфраструктурные компоненты, рабочие станции",true,true,true,true,published,curated_type_alias,"Серверы, СХД, коммутаторы, инфраструктурные компоненты, рабочие станции",official_site_og_logo_asset,"IT-инфраструктура: серверы, СХД, коммутаторы, компьютеры и рабочие станции."
depo-computers,DEPO Computers,https://depo-computers.com/,assets/img/logos/partners/depo-computers.png,https://static.tildacdn.com/tild6264-3332-4438-a439-373663373064/Logo_DepoComputers.png,it-equipment-and-software,IT оборудование и ПО,it-infrastructure,IT-инфраструктура,network-equipment,Сетевое оборудование,setevoe-oborudovanie-i-telekom,Сетевое оборудование и телеком,IT-инфраструктура,IT-инфраструктура,Серверы и ЦОД,"Серверы, СХД, коммутаторы, инфраструктурные компоненты, рабочие станции",true,true,true,true,published,curated_type_alias,"Серверы, СХД, коммутаторы, инфраструктурные компоненты, рабочие станции",official_site_og_logo_asset,"IT-инфраструктура: серверы, СХД, коммутаторы, компьютеры и рабочие станции."
depo-computers,DEPO Computers,https://depo-computers.com/,assets/img/logos/partners/depo-computers.png,https://static.tildacdn.com/tild6264-3332-4438-a439-373663373064/Logo_DepoComputers.png,it-equipment-and-software,IT оборудование и ПО,it-infrastructure,IT-инфраструктура,datacenter-infrastructure,ЦОД и инфраструктура,datacenter-infrastructure-components,Инфраструктурные компоненты ЦОД,IT-инфраструктура,IT-инфраструктура,Серверы и ЦОД,"Серверы, СХД, коммутаторы, инфраструктурные компоненты, рабочие станции",true,true,true,true,published,curated_type_alias,"Серверы, СХД, коммутаторы, инфраструктурные компоненты, рабочие станции",official_site_og_logo_asset,"IT-инфраструктура: серверы, СХД, коммутаторы, компьютеры и рабочие станции."
depo-computers,DEPO Computers,https://depo-computers.com/,assets/img/logos/partners/depo-computers.png,https://static.tildacdn.com/tild6264-3332-4438-a439-373663373064/Logo_DepoComputers.png,it-equipment-and-software,IT оборудование и ПО,it-infrastructure,IT-инфраструктура,workstations,Рабочие станции,workstations-and-corporate-pcs,Рабочие станции и корпоративные ПК,IT-инфраструктура,IT-инфраструктура,Серверы и ЦОД,"Серверы, СХД, коммутаторы, инфраструктурные компоненты, рабочие станции",true,true,true,true,published,curated_type_alias,"Серверы, СХД, коммутаторы, инфраструктурные компоненты, рабочие станции",official_site_og_logo_asset,"IT-инфраструктура: серверы, СХД, коммутаторы, компьютеры и рабочие станции."
yadro,YADRO,https://yadro.com/,assets/img/logos/partners/yadro-on-white.svg,https://yadro.com/assets/shared/svgs/logo_yadro_white_193x48.svg,it-equipment-and-software,IT оборудование и ПО,it-infrastructure,IT-инфраструктура,servers-and-datacenter,Серверы и ЦОД,servers,Серверы,IT-инфраструктура,IT-инфраструктура,"Серверы, СХД и ПО","Серверы, системы хранения, коммутаторы, ПО, интегрированные решения",true,true,true,true,published,curated_type_alias,"Серверы, системы хранения, коммутаторы, ПО, интегрированные решения",official_site_header_asset,"IT-инфраструктура: серверы, СХД, сетевые коммутаторы, ПО и ЦОД-решения."
yadro,YADRO,https://yadro.com/,assets/img/logos/partners/yadro-on-white.svg,https://yadro.com/assets/shared/svgs/logo_yadro_white_193x48.svg,it-equipment-and-software,IT оборудование и ПО,it-infrastructure,IT-инфраструктура,servers-and-datacenter,Серверы и ЦОД,storage-systems,Системы хранения данных,IT-инфраструктура,IT-инфраструктура,"Серверы, СХД и ПО","Серверы, системы хранения, коммутаторы, ПО, интегрированные решения",true,true,true,true,published,curated_type_alias,"Серверы, системы хранения, коммутаторы, ПО, интегрированные решения",official_site_header_asset,"IT-инфраструктура: серверы, СХД, сетевые коммутаторы, ПО и ЦОД-решения."
yadro,YADRO,https://yadro.com/,assets/img/logos/partners/yadro-on-white.svg,https://yadro.com/assets/shared/svgs/logo_yadro_white_193x48.svg,it-equipment-and-software,IT оборудование и ПО,it-infrastructure,IT-инфраструктура,servers-and-datacenter,Серверы и ЦОД,servery-i-shd,Серверы и СХД,IT-инфраструктура,IT-инфраструктура,"Серверы, СХД и ПО","Серверы, системы хранения, коммутаторы, ПО, интегрированные решения",true,true,true,true,published,curated_type_alias,"Серверы, системы хранения, коммутаторы, ПО, интегрированные решения",official_site_header_asset,"IT-инфраструктура: серверы, СХД, сетевые коммутаторы, ПО и ЦОД-решения."
yadro,YADRO,https://yadro.com/,assets/img/logos/partners/yadro-on-white.svg,https://yadro.com/assets/shared/svgs/logo_yadro_white_193x48.svg,it-equipment-and-software,IT оборудование и ПО,it-infrastructure,IT-инфраструктура,network-equipment,Сетевое оборудование,network-switches,Коммутаторы,IT-инфраструктура,IT-инфраструктура,"Серверы, СХД и ПО","Серверы, системы хранения, коммутаторы, ПО, интегрированные решения",true,true,true,true,published,curated_type_alias,"Серверы, системы хранения, коммутаторы, ПО, интегрированные решения",official_site_header_asset,"IT-инфраструктура: серверы, СХД, сетевые коммутаторы, ПО и ЦОД-решения."
yadro,YADRO,https://yadro.com/,assets/img/logos/partners/yadro-on-white.svg,https://yadro.com/assets/shared/svgs/logo_yadro_white_193x48.svg,it-equipment-and-software,IT оборудование и ПО,it-infrastructure,IT-инфраструктура,network-equipment,Сетевое оборудование,setevoe-oborudovanie-i-telekom,Сетевое оборудование и телеком,IT-инфраструктура,IT-инфраструктура,"Серверы, СХД и ПО","Серверы, системы хранения, коммутаторы, ПО, интегрированные решения",true,true,true,true,published,curated_type_alias,"Серверы, системы хранения, коммутаторы, ПО, интегрированные решения",official_site_header_asset,"IT-инфраструктура: серверы, СХД, сетевые коммутаторы, ПО и ЦОД-решения."
yadro,YADRO,https://yadro.com/,assets/img/logos/partners/yadro-on-white.svg,https://yadro.com/assets/shared/svgs/logo_yadro_white_193x48.svg,it-equipment-and-software,IT оборудование и ПО,it-infrastructure,IT-инфраструктура,software-and-management,ПО и управление,software-monitoring-and-virtualization,"ПО, мониторинг и виртуализация",IT-инфраструктура,IT-инфраструктура,"Серверы, СХД и ПО","Серверы, системы хранения, коммутаторы, ПО, интегрированные решения",true,true,true,true,published,curated_type_alias,"Серверы, системы хранения, коммутаторы, ПО, интегрированные решения",official_site_header_asset,"IT-инфраструктура: серверы, СХД, сетевые коммутаторы, ПО и ЦОД-решения."
yadro,YADRO,https://yadro.com/,assets/img/logos/partners/yadro-on-white.svg,https://yadro.com/assets/shared/svgs/logo_yadro_white_193x48.svg,it-equipment-and-software,IT оборудование и ПО,it-infrastructure,IT-инфраструктура,software-and-management,ПО и управление,programmnoe-obespechenie,Программное обеспечение,IT-инфраструктура,IT-инфраструктура,"Серверы, СХД и ПО","Серверы, системы хранения, коммутаторы, ПО, интегрированные решения",true,true,true,true,published,curated_type_alias,"Серверы, системы хранения, коммутаторы, ПО, интегрированные решения",official_site_header_asset,"IT-инфраструктура: серверы, СХД, сетевые коммутаторы, ПО и ЦОД-решения."
yadro,YADRO,https://yadro.com/,assets/img/logos/partners/yadro-on-white.svg,https://yadro.com/assets/shared/svgs/logo_yadro_white_193x48.svg,it-equipment-and-software,IT оборудование и ПО,it-infrastructure,IT-инфраструктура,datacenter-infrastructure,ЦОД и инфраструктура,datacenter-infrastructure-components,Инфраструктурные компоненты ЦОД,IT-инфраструктура,IT-инфраструктура,"Серверы, СХД и ПО","Серверы, системы хранения, коммутаторы, ПО, интегрированные решения",true,true,true,true,published,curated_type_alias,"Серверы, системы хранения, коммутаторы, ПО, интегрированные решения",official_site_header_asset,"IT-инфраструктура: серверы, СХД, сетевые коммутаторы, ПО и ЦОД-решения."
masterscada,MasterSCADA,https://iek-digital.ru/,assets/img/logos/partners/masterscada-clean.svg,https://profesko.ru/local/templates/profesco/img/companies/scada/scada-active.svg,engineering-equipment,Инженерное оборудование,low-current,Слаботочные сети и связь,sistemy-svyazi-i-dispetcherizatsii,Системы связи и диспетчеризации,asu-inzhenernymi-setyami,АСУ инженерными сетями,Автоматизация / диспетчеризация,Автоматизация / диспетчеризация,Автоматизация / диспетчеризация,Автоматизация / диспетчеризация,true,true,false,false,published,curated_vendor_slug,masterscada,partner_catalog_backfill_20260702,"Backfilled from confirmed partner source for catalog vendor coverage, official site/logo already tracked in partners data."
masterscada,MasterSCADA,https://iek-digital.ru/,assets/img/logos/partners/masterscada-clean.svg,https://profesko.ru/local/templates/profesco/img/companies/scada/scada-active.svg,engineering-equipment,Инженерное оборудование,low-current,Слаботочные сети и связь,sistemy-svyazi-i-dispetcherizatsii,Системы связи и диспетчеризации,sistemy-svyazi-i-dispetcherizatsii,Системы связи и диспетчеризации,Автоматизация / диспетчеризация,Автоматизация / диспетчеризация,Автоматизация / диспетчеризация,Автоматизация / диспетчеризация,true,true,false,false,published,curated_vendor_slug,masterscada,partner_catalog_backfill_20260702,"Backfilled from confirmed partner source for catalog vendor coverage, official site/logo already tracked in partners data."
ecophon,Ecophon,https://www.ecophon.com/,assets/img/logos/partners/ecophon.svg,https://www.ecophon.com/globalassets/new-site/media/logo/ecophon-logo-2023r3_black-01.svg,building-materials,Строительные материалы,architecture,Архитектурные решения,ceilings,Потолки,ceiling-systems,Потолочные системы,Акустические потолки,Акустические потолки,Акустические потолки,Акустические потолки,true,true,false,false,published,curated_vendor_slug,ecophon,partner_catalog_backfill_20260702,"Backfilled from confirmed partner source for catalog vendor coverage, official site/logo already tracked in partners data."
ecophon,Ecophon,https://www.ecophon.com/,assets/img/logos/partners/ecophon.svg,https://www.ecophon.com/globalassets/new-site/media/logo/ecophon-logo-2023r3_black-01.svg,building-materials,Строительные материалы,architecture,Архитектурные решения,finishing-materials,Отделочные материалы,akusticheskie-resheniya,Акустические решения,Акустические потолки,Акустические потолки,Акустические потолки,Акустические потолки,true,true,false,false,published,curated_vendor_slug,ecophon,partner_catalog_backfill_20260702,"Backfilled from confirmed partner source for catalog vendor coverage, official site/logo already tracked in partners data."
alroks,АЛРОКС,https://alrox.ru/,assets/img/logos/partners/alrox.png,https://static.tildacdn.com/tild6536-3333-4262-a466-653230353139/_x0020_1_2.png,building-materials,Строительные материалы,architecture,Архитектурные решения,windows-doors-glazing,"Окна, витражи, двери",aluminum-windows-glazing,Окна и витражи в алюминиевом профиле,Архитектура / алюминиевые профили,Архитектура / алюминиевые профили,Архитектура / алюминиевые профили,Архитектура / алюминиевые профили,true,true,false,false,published,curated_vendor_slug,alroks,partner_catalog_backfill_20260702,"Backfilled from confirmed partner source for catalog vendor coverage, official site/logo already tracked in partners data."
alroks,АЛРОКС,https://alrox.ru/,assets/img/logos/partners/alrox.png,https://static.tildacdn.com/tild6536-3333-4262-a466-653230353139/_x0020_1_2.png,building-materials,Строительные материалы,architecture,Архитектурные решения,facades,Фасады,facade-substructure,Алюминиевый каркас,Архитектура / алюминиевые профили,Архитектура / алюминиевые профили,Архитектура / алюминиевые профили,Архитектура / алюминиевые профили,true,true,false,false,published,curated_vendor_slug,alroks,partner_catalog_backfill_20260702,"Backfilled from confirmed partner source for catalog vendor coverage, official site/logo already tracked in partners data."
magma,Магма,https://magma-td.ru/catalog/gipsokartonnye-listy/gipsokarton-vlagostoykiy/,assets/img/logos/partners/magma-clean.png,https://magma-td.ru/img/logo.png?v=1.0,building-materials,Строительные материалы,constructive,Конструктивные решения,partitions,Перегородки,drywall,Гипсокартон,Архитектура / гипсокартон,Архитектура / гипсокартон,Архитектура / гипсокартон,Архитектура / гипсокартон,true,true,false,false,published,curated_vendor_slug,magma,partner_catalog_backfill_20260702,"Backfilled from confirmed partner source for catalog vendor coverage, official site/logo already tracked in partners data."
magma,Магма,https://magma-td.ru/catalog/gipsokartonnye-listy/gipsokarton-vlagostoykiy/,assets/img/logos/partners/magma-clean.png,https://magma-td.ru/img/logo.png?v=1.0,building-materials,Строительные материалы,constructive,Конструктивные решения,partitions,Перегородки,gypsum-partition-blocks,ПГП,Архитектура / гипсокартон,Архитектура / гипсокартон,Архитектура / гипсокартон,Архитектура / гипсокартон,true,true,false,false,published,curated_vendor_slug,magma,partner_catalog_backfill_20260702,"Backfilled from confirmed partner source for catalog vendor coverage, official site/logo already tracked in partners data."
kaleva,Kaleva,https://www.okna.ru/,assets/img/logos/partners/kaleva.svg,https://www.okna.ru/local/templates/kaleva/images/logo.svg,building-materials,Строительные материалы,architecture,Архитектурные решения,windows-doors-glazing,"Окна, витражи, двери",okna,Окна,Архитектура / окна,Архитектура / окна,Архитектура / окна,Архитектура / окна,true,true,false,false,published,curated_vendor_slug,kaleva,partner_catalog_backfill_20260702,"Backfilled from confirmed partner source for catalog vendor coverage, official site/logo already tracked in partners data."
kaleva,Kaleva,https://www.okna.ru/,assets/img/logos/partners/kaleva.svg,https://www.okna.ru/local/templates/kaleva/images/logo.svg,building-materials,Строительные материалы,architecture,Архитектурные решения,windows-doors-glazing,"Окна, витражи, двери",aluminum-windows-glazing,Окна и витражи в алюминиевом профиле,Архитектура / окна,Архитектура / окна,Архитектура / окна,Архитектура / окна,true,true,false,false,published,curated_vendor_slug,kaleva,partner_catalog_backfill_20260702,"Backfilled from confirmed partner source for catalog vendor coverage, official site/logo already tracked in partners data."
kaleva,Kaleva,https://www.okna.ru/,assets/img/logos/partners/kaleva.svg,https://www.okna.ru/local/templates/kaleva/images/logo.svg,building-materials,Строительные материалы,architecture,Архитектурные решения,windows-doors-glazing,"Окна, витражи, двери",pvc-windows,Окна ПВХ,Архитектура / окна,Архитектура / окна,Архитектура / окна,Архитектура / окна,true,true,false,false,published,curated_vendor_slug,kaleva,partner_catalog_backfill_20260702,"Backfilled from confirmed partner source for catalog vendor coverage, official site/logo already tracked in partners data."
melke,Melke,https://www.melke.ru/,assets/img/logos/partners/melke.webp,https://www.melke.ru/assets/logo/melke-logo-hor-dark-fry.webp,building-materials,Строительные материалы,architecture,Архитектурные решения,windows-doors-glazing,"Окна, витражи, двери",okna,Окна,Архитектура / окна,Архитектура / окна,Архитектура / окна,Архитектура / окна,true,true,false,false,published,curated_vendor_slug,melke,partner_catalog_backfill_20260702,"Backfilled from confirmed partner source for catalog vendor coverage, official site/logo already tracked in partners data."
melke,Melke,https://www.melke.ru/,assets/img/logos/partners/melke.webp,https://www.melke.ru/assets/logo/melke-logo-hor-dark-fry.webp,building-materials,Строительные материалы,architecture,Архитектурные решения,windows-doors-glazing,"Окна, витражи, двери",aluminum-windows-glazing,Окна и витражи в алюминиевом профиле,Архитектура / окна,Архитектура / окна,Архитектура / окна,Архитектура / окна,true,true,false,false,published,curated_vendor_slug,melke,partner_catalog_backfill_20260702,"Backfilled from confirmed partner source for catalog vendor coverage, official site/logo already tracked in partners data."
melke,Melke,https://www.melke.ru/,assets/img/logos/partners/melke.webp,https://www.melke.ru/assets/logo/melke-logo-hor-dark-fry.webp,building-materials,Строительные материалы,architecture,Архитектурные решения,windows-doors-glazing,"Окна, витражи, двери",pvc-windows,Окна ПВХ,Архитектура / окна,Архитектура / окна,Архитектура / окна,Архитектура / окна,true,true,false,false,published,curated_vendor_slug,melke,partner_catalog_backfill_20260702,"Backfilled from confirmed partner source for catalog vendor coverage, official site/logo already tracked in partners data."
volma,Волма,https://www.volma.ru/,assets/img/logos/partners/volma.svg,https://www.volma.ru/img/a-logo.svg,building-materials,Строительные материалы,constructive,Конструктивные решения,partitions,Перегородки,drywall,Гипсокартон,Архитектура / сухие смеси,Архитектура / сухие смеси,Архитектура / сухие смеси,Архитектура / сухие смеси,true,true,false,false,published,curated_vendor_slug,volma,partner_catalog_backfill_20260702,"Backfilled from confirmed partner source for catalog vendor coverage, official site/logo already tracked in partners data."
volma,Волма,https://www.volma.ru/,assets/img/logos/partners/volma.svg,https://www.volma.ru/img/a-logo.svg,building-materials,Строительные материалы,constructive,Конструктивные решения,partitions,Перегородки,gypsum-partition-blocks,ПГП,Архитектура / сухие смеси,Архитектура / сухие смеси,Архитектура / сухие смеси,Архитектура / сухие смеси,true,true,false,false,published,curated_vendor_slug,volma,partner_catalog_backfill_20260702,"Backfilled from confirmed partner source for catalog vendor coverage, official site/logo already tracked in partners data."
volma,Волма,https://www.volma.ru/,assets/img/logos/partners/volma.svg,https://www.volma.ru/img/a-logo.svg,building-materials,Строительные материалы,architecture,Архитектурные решения,finishing-materials,Отделочные материалы,plasters-and-leveling-compounds,Штукатурные и выравнивающие смеси,Архитектура / сухие смеси,Архитектура / сухие смеси,Архитектура / сухие смеси,Архитектура / сухие смеси,true,true,false,false,published,curated_vendor_slug,volma,partner_catalog_backfill_20260702,"Backfilled from confirmed partner source for catalog vendor coverage, official site/logo already tracked in partners data."
volma,Волма,https://www.volma.ru/,assets/img/logos/partners/volma.svg,https://www.volma.ru/img/a-logo.svg,building-materials,Строительные материалы,architecture,Архитектурные решения,finishing-materials,Отделочные материалы,suhie-smesi,Сухие смеси,Архитектура / сухие смеси,Архитектура / сухие смеси,Архитектура / сухие смеси,Архитектура / сухие смеси,true,true,false,false,published,curated_vendor_slug,volma,partner_catalog_backfill_20260702,"Backfilled from confirmed partner source for catalog vendor coverage, official site/logo already tracked in partners data."
gyproc,Gyproc,https://www.gyproc.ru/,assets/img/logos/partners/gyproc.png,,building-materials,Строительные материалы,constructive,Конструктивные решения,partitions,Перегородки,drywall,Гипсокартон,Архитектура / сухое строительство,Архитектура / сухое строительство,Архитектура / сухое строительство,Архитектура / сухое строительство,true,true,false,false,published,curated_vendor_slug,gyproc,partner_catalog_backfill_20260702,"Backfilled from confirmed partner source for catalog vendor coverage, official site/logo already tracked in partners data."
gyproc,Gyproc,https://www.gyproc.ru/,assets/img/logos/partners/gyproc.png,,building-materials,Строительные материалы,constructive,Конструктивные решения,partitions,Перегородки,drywall-profile,Профиль для ГКЛ,Архитектура / сухое строительство,Архитектура / сухое строительство,Архитектура / сухое строительство,Архитектура / сухое строительство,true,true,false,false,published,curated_vendor_slug,gyproc,partner_catalog_backfill_20260702,"Backfilled from confirmed partner source for catalog vendor coverage, official site/logo already tracked in partners data."
gyproc,Gyproc,https://www.gyproc.ru/,assets/img/logos/partners/gyproc.png,,building-materials,Строительные материалы,constructive,Конструктивные решения,partitions,Перегородки,profil-dlya-gipsokartona,Профиль для гипсокартона,Архитектура / сухое строительство,Архитектура / сухое строительство,Архитектура / сухое строительство,Архитектура / сухое строительство,true,true,false,false,published,curated_vendor_slug,gyproc,partner_catalog_backfill_20260702,"Backfilled from confirmed partner source for catalog vendor coverage, official site/logo already tracked in partners data."
knauf,Кнауф,https://www.knauf.ru/,assets/img/logos/partners/knauf.svg,https://www.knauf.ru/local/templates/main/dist/images/header/logo.svg,building-materials,Строительные материалы,constructive,Конструктивные решения,partitions,Перегородки,drywall,Гипсокартон,Архитектура / сухое строительство,Архитектура / сухое строительство,Архитектура / сухое строительство,Архитектура / сухое строительство,true,true,false,false,published,curated_vendor_slug,knauf,partner_catalog_backfill_20260702,"Backfilled from confirmed partner source for catalog vendor coverage, official site/logo already tracked in partners data."
knauf,Кнауф,https://www.knauf.ru/,assets/img/logos/partners/knauf.svg,https://www.knauf.ru/local/templates/main/dist/images/header/logo.svg,building-materials,Строительные материалы,constructive,Конструктивные решения,partitions,Перегородки,drywall-profile,Профиль для ГКЛ,Архитектура / сухое строительство,Архитектура / сухое строительство,Архитектура / сухое строительство,Архитектура / сухое строительство,true,true,false,false,published,curated_vendor_slug,knauf,partner_catalog_backfill_20260702,"Backfilled from confirmed partner source for catalog vendor coverage, official site/logo already tracked in partners data."
knauf,Кнауф,https://www.knauf.ru/,assets/img/logos/partners/knauf.svg,https://www.knauf.ru/local/templates/main/dist/images/header/logo.svg,building-materials,Строительные материалы,constructive,Конструктивные решения,partitions,Перегородки,profil-dlya-gipsokartona,Профиль для гипсокартона,Архитектура / сухое строительство,Архитектура / сухое строительство,Архитектура / сухое строительство,Архитектура / сухое строительство,true,true,false,false,published,curated_vendor_slug,knauf,partner_catalog_backfill_20260702,"Backfilled from confirmed partner source for catalog vendor coverage, official site/logo already tracked in partners data."
knauf,Кнауф,https://www.knauf.ru/,assets/img/logos/partners/knauf.svg,https://www.knauf.ru/local/templates/main/dist/images/header/logo.svg,building-materials,Строительные материалы,constructive,Конструктивные решения,partitions,Перегородки,gypsum-partition-blocks,ПГП,Архитектура / сухое строительство,Архитектура / сухое строительство,Архитектура / сухое строительство,Архитектура / сухое строительство,true,true,false,false,published,curated_vendor_slug,knauf,partner_catalog_backfill_20260702,"Backfilled from confirmed partner source for catalog vendor coverage, official site/logo already tracked in partners data."
knauf,Кнауф,https://www.knauf.ru/,assets/img/logos/partners/knauf.svg,https://www.knauf.ru/local/templates/main/dist/images/header/logo.svg,building-materials,Строительные материалы,architecture,Архитектурные решения,finishing-materials,Отделочные материалы,plasters-and-leveling-compounds,Штукатурные и выравнивающие смеси,Архитектура / сухое строительство,Архитектура / сухое строительство,Архитектура / сухое строительство,Архитектура / сухое строительство,true,true,false,false,published,curated_vendor_slug,knauf,partner_catalog_backfill_20260702,"Backfilled from confirmed partner source for catalog vendor coverage, official site/logo already tracked in partners data."
knauf,Кнауф,https://www.knauf.ru/,assets/img/logos/partners/knauf.svg,https://www.knauf.ru/local/templates/main/dist/images/header/logo.svg,building-materials,Строительные материалы,architecture,Архитектурные решения,finishing-materials,Отделочные материалы,suhie-smesi,Сухие смеси,Архитектура / сухое строительство,Архитектура / сухое строительство,Архитектура / сухое строительство,Архитектура / сухое строительство,true,true,false,false,published,curated_vendor_slug,knauf,partner_catalog_backfill_20260702,"Backfilled from confirmed partner source for catalog vendor coverage, official site/logo already tracked in partners data."
knauf,Кнауф,https://www.knauf.ru/,assets/img/logos/partners/knauf.svg,https://www.knauf.ru/local/templates/main/dist/images/header/logo.svg,building-materials,Строительные материалы,architecture,Архитектурные решения,ceilings,Потолки,ceiling-systems,Потолочные системы,Архитектура / сухое строительство,Архитектура / сухое строительство,Архитектура / сухое строительство,Архитектура / сухое строительство,true,true,false,false,published,curated_vendor_slug,knauf,partner_catalog_backfill_20260702,"Backfilled from confirmed partner source for catalog vendor coverage, official site/logo already tracked in partners data."
cesal,Cesal,https://cesal.ru,assets/img/logos/vendors/import-20260630/cesal.svg,https://www.cesal.ru/bitrix/templates/cesal/images/logo.svg,building-materials,Строительные материалы,architecture,Архитектурные решения,ceilings,Потолки,ceiling-systems,Потолочные системы,Архитектурные решения,Архитектурные решения,Архитектурные решения,потолки и системы,true,true,false,false,published,curated_type_alias,потолки и системы,supplier_import_20260630_official_site,"Official CESAL logo from official site, normalized from supplier table row that contained category text instead of brand name."
ortex,ORTEX,https://ortex.org,assets/img/logos/vendors/import-20260630/ortex.svg,https://www.ortex.org/local/templates/ortex/img/logo.svg,building-materials,Строительные материалы,architecture,Архитектурные решения,windows-doors-glazing,"Окна, витражи, двери",okna,Окна,Архитектурные решения,Архитектурные решения,Архитектурные решения,Окна,true,true,false,false,published,curated_type_alias,Окна,supplier_import_20260630_official_site,"Prepared from supplier table. Sheet: Окна, row 36. Logo source: official site."
ortex,ORTEX,https://ortex.org,assets/img/logos/vendors/import-20260630/ortex.svg,https://www.ortex.org/local/templates/ortex/img/logo.svg,building-materials,Строительные материалы,architecture,Архитектурные решения,windows-doors-glazing,"Окна, витражи, двери",aluminum-windows-glazing,Окна и витражи в алюминиевом профиле,Архитектурные решения,Архитектурные решения,Архитектурные решения,Окна,true,true,false,false,published,curated_type_alias,Окна,supplier_import_20260630_official_site,"Prepared from supplier table. Sheet: Окна, row 36. Logo source: official site."
ortex,ORTEX,https://ortex.org,assets/img/logos/vendors/import-20260630/ortex.svg,https://www.ortex.org/local/templates/ortex/img/logo.svg,building-materials,Строительные материалы,architecture,Архитектурные решения,windows-doors-glazing,"Окна, витражи, двери",pvc-windows,Окна ПВХ,Архитектурные решения,Архитектурные решения,Архитектурные решения,Окна,true,true,false,false,published,curated_type_alias,Окна,supplier_import_20260630_official_site,"Prepared from supplier table. Sheet: Окна, row 36. Logo source: official site."
thermo-glass,Thermo Glass,https://thermo-glass.ru,assets/img/logos/vendors/import-20260630/thermo-glass.svg,https://thermo-glass.ru/wp-content/themes/thermoglass/assets/img/logo-new.svg,building-materials,Строительные материалы,architecture,Архитектурные решения,windows-doors-glazing,"Окна, витражи, двери",okna,Окна,Архитектурные решения,Архитектурные решения,Архитектурные решения,Окна,true,true,false,false,published,curated_type_alias,Окна,supplier_import_20260630_official_site,"Prepared from supplier table. Sheet: Окна, row 31. Logo source: official site."
thermo-glass,Thermo Glass,https://thermo-glass.ru,assets/img/logos/vendors/import-20260630/thermo-glass.svg,https://thermo-glass.ru/wp-content/themes/thermoglass/assets/img/logo-new.svg,building-materials,Строительные материалы,architecture,Архитектурные решения,windows-doors-glazing,"Окна, витражи, двери",aluminum-windows-glazing,Окна и витражи в алюминиевом профиле,Архитектурные решения,Архитектурные решения,Архитектурные решения,Окна,true,true,false,false,published,curated_type_alias,Окна,supplier_import_20260630_official_site,"Prepared from supplier table. Sheet: Окна, row 31. Logo source: official site."
thermo-glass,Thermo Glass,https://thermo-glass.ru,assets/img/logos/vendors/import-20260630/thermo-glass.svg,https://thermo-glass.ru/wp-content/themes/thermoglass/assets/img/logo-new.svg,building-materials,Строительные материалы,architecture,Архитектурные решения,windows-doors-glazing,"Окна, витражи, двери",pvc-windows,Окна ПВХ,Архитектурные решения,Архитектурные решения,Архитектурные решения,Окна,true,true,false,false,published,curated_type_alias,Окна,supplier_import_20260630_official_site,"Prepared from supplier table. Sheet: Окна, row 31. Logo source: official site."
zavod-sloistyh-plastikov,«Завод слоистых пластиков»,https://sloplast.ru,assets/img/logos/vendors/import-20260630/zavod-sloistyh-plastikov.svg,https://sloplast.ru/local/templates/sloplast/img/logo_sloplast.svg,building-materials,Строительные материалы,architecture,Архитектурные решения,interior-wall-panels,Стены / интерьерные панели,hpl-wall-panels,HPL стеновые панели,Архитектурные решения,Архитектурные решения,Архитектурные решения,HPL,true,true,true,true,published,curated_vendor_slug,zavod-sloistyh-plastikov,supplier_import_20260630_official_site,"Prepared from supplier table. Sheet: HPL, row 3. Logo source: official site."
zavod-sloistyh-plastikov,«Завод слоистых пластиков»,https://sloplast.ru,assets/img/logos/vendors/import-20260630/zavod-sloistyh-plastikov.svg,https://sloplast.ru/local/templates/sloplast/img/logo_sloplast.svg,building-materials,Строительные материалы,architecture,Архитектурные решения,facades,Фасады,facade-hpl-panels,HPL панели,Архитектурные решения,Архитектурные решения,Архитектурные решения,HPL,true,true,true,true,published,curated_vendor_slug,zavod-sloistyh-plastikov,supplier_import_20260630_official_site,"Prepared from supplier table. Sheet: HPL, row 3. Logo source: official site."
zavod-sloistyh-plastikov,«Завод слоистых пластиков»,https://sloplast.ru,assets/img/logos/vendors/import-20260630/zavod-sloistyh-plastikov.svg,https://sloplast.ru/local/templates/sloplast/img/logo_sloplast.svg,building-materials,Строительные материалы,architecture,Архитектурные решения,interior-wall-panels,Стены / интерьерные панели,santehnicheskie-peregorodki,Сантехнические перегородки,Архитектурные решения,Архитектурные решения,Архитектурные решения,HPL,true,true,true,true,published,curated_vendor_slug,zavod-sloistyh-plastikov,supplier_import_20260630_official_site,"Prepared from supplier table. Sheet: HPL, row 3. Logo source: official site."
podolskiy-zavod-stenovyh-i-potolochnyh-paneley-ooo-pzspp,«Подольский завод стеновых и потолочных панелей» ООО «ПЗСПП»,https://gipsometal.ru,assets/img/logos/vendors/import-20260630/podolskiy-zavod-stenovyh-i-potolochnyh-paneley-ooo-pzspp.png,https://gipsometal.ru/bitrix/templates/base/img/logo.png,building-materials,Строительные материалы,architecture,Архитектурные решения,interior-wall-panels,Стены / интерьерные панели,gml-wall-panels,GML стеновые панели,Архитектурные решения,Архитектурные решения,Архитектурные решения,GML панели,true,true,false,false,published,curated_type_alias,GML панели,supplier_import_20260630_official_site,"Prepared from supplier table. Sheet: GML панели, row 27. Logo source: official site."
podolskiy-zavod-stenovyh-i-potolochnyh-paneley-ooo-pzspp,«Подольский завод стеновых и потолочных панелей» ООО «ПЗСПП»,https://gipsometal.ru,assets/img/logos/vendors/import-20260630/podolskiy-zavod-stenovyh-i-potolochnyh-paneley-ooo-pzspp.png,https://gipsometal.ru/bitrix/templates/base/img/logo.png,building-materials,Строительные материалы,architecture,Архитектурные решения,interior-wall-panels,Стены / интерьерные панели,gml-paneli,GML панели,Архитектурные решения,Архитектурные решения,Архитектурные решения,GML панели,true,true,false,false,published,curated_type_alias,GML панели,supplier_import_20260630_official_site,"Prepared from supplier table. Sheet: GML панели, row 27. Logo source: official site."
ao-zki-ao-zavod-keramicheskih-izdeliy-g-ekaterinburg,"АО “ЗКИ” АО ""Завод керамических изделий г. Екатеринбург""",https://almaceramica.ru,assets/img/logos/vendors/import-20260630/ao-zki-ao-zavod-keramicheskih-izdeliy-g-ekaterinburg.png,https://almaceramica.ru/themes/almatheme/img/logo.png,building-materials,Строительные материалы,architecture,Архитектурные решения,floors,Полы,porcelain-tile,Керамогранитная плитка,Архитектурные решения,Архитектурные решения,Архитектурные решения,Плитка керамическая,true,true,false,false,published,curated_type_alias,Плитка керамическая,supplier_import_20260630_official_site,"Prepared from supplier table. Sheet: Плитка керамическая, row 22. Logo source: official site."
ao-zki-ao-zavod-keramicheskih-izdeliy-g-ekaterinburg,"АО “ЗКИ” АО ""Завод керамических изделий г. Екатеринбург""",https://almaceramica.ru,assets/img/logos/vendors/import-20260630/ao-zki-ao-zavod-keramicheskih-izdeliy-g-ekaterinburg.png,https://almaceramica.ru/themes/almatheme/img/logo.png,building-materials,Строительные материалы,architecture,Архитектурные решения,facades,Фасады,facade-porcelain-slabs,Керамогранитные плиты,Архитектурные решения,Архитектурные решения,Архитектурные решения,Плитка керамическая,true,true,false,false,published,curated_type_alias,Плитка керамическая,supplier_import_20260630_official_site,"Prepared from supplier table. Sheet: Плитка керамическая, row 22. Logo source: official site."
kompaniya-ardko,"Компания ""Ардко""",https://ardco.ru,assets/img/logos/vendors/import-20260630/kompaniya-ardko.png,https://www.ardco.ru/upload/logo%202021.png,building-materials,Строительные материалы,architecture,Архитектурные решения,interior-wall-panels,Стены / интерьерные панели,gml-wall-panels,GML стеновые панели,Архитектурные решения,Архитектурные решения,Архитектурные решения,GML панели,true,true,true,true,published,curated_type_alias,GML панели,supplier_import_20260630_official_site,"Prepared from supplier table. Sheet: GML панели, row 16. Logo source: official site."
kompaniya-ardko,"Компания ""Ардко""",https://ardco.ru,assets/img/logos/vendors/import-20260630/kompaniya-ardko.png,https://www.ardco.ru/upload/logo%202021.png,building-materials,Строительные материалы,architecture,Архитектурные решения,interior-wall-panels,Стены / интерьерные панели,gml-paneli,GML панели,Архитектурные решения,Архитектурные решения,Архитектурные решения,GML панели,true,true,true,true,published,curated_type_alias,GML панели,supplier_import_20260630_official_site,"Prepared from supplier table. Sheet: GML панели, row 16. Logo source: official site."
npp-spektr,НПП СПЕКТР,https://certa.ru,assets/img/logos/vendors/import-20260630/npp-spektr.svg,https://certa.ru/local/templates/certa/assets/icons/logo-site.svg,building-materials,Строительные материалы,architecture,Архитектурные решения,finishing-materials,Отделочные материалы,paints-and-coatings,Краска / лакокрасочные материалы,Архитектурные решения,Архитектурные решения,Архитектурные решения,ЛКМ,true,true,false,false,published,curated_type_alias,ЛКМ,supplier_import_20260630_official_site,"Prepared from supplier table. Sheet: ЛКМ, row 9. Logo source: official site."
npp-spektr,НПП СПЕКТР,https://certa.ru,assets/img/logos/vendors/import-20260630/npp-spektr.svg,https://certa.ru/local/templates/certa/assets/icons/logo-site.svg,building-materials,Строительные материалы,architecture,Архитектурные решения,finishing-materials,Отделочные материалы,kraska,Краска,Архитектурные решения,Архитектурные решения,Архитектурные решения,ЛКМ,true,true,false,false,published,curated_type_alias,ЛКМ,supplier_import_20260630_official_site,"Prepared from supplier table. Sheet: ЛКМ, row 9. Logo source: official site."
ooo-parallel,"ООО ""Параллель""",https://unitile.ru,assets/img/logos/vendors/import-20260630/ooo-parallel.png,https://unitile.ru/local/templates/main/images/Unitile_logo_stock company.png,building-materials,Строительные материалы,architecture,Архитектурные решения,floors,Полы,porcelain-tile,Керамогранитная плитка,Архитектурные решения,Архитектурные решения,Архитектурные решения,Плитка керамическая,true,true,false,false,published,curated_type_alias,Плитка керамическая,supplier_import_20260630_official_site,"Prepared from supplier table. Sheet: Плитка керамическая, row 19. Logo source: official site."
ooo-parallel,"ООО ""Параллель""",https://unitile.ru,assets/img/logos/vendors/import-20260630/ooo-parallel.png,https://unitile.ru/local/templates/main/images/Unitile_logo_stock company.png,building-materials,Строительные материалы,architecture,Архитектурные решения,facades,Фасады,facade-porcelain-slabs,Керамогранитные плиты,Архитектурные решения,Архитектурные решения,Архитектурные решения,Плитка керамическая,true,true,false,false,published,curated_type_alias,Плитка керамическая,supplier_import_20260630_official_site,"Prepared from supplier table. Sheet: Плитка керамическая, row 19. Logo source: official site."
ooo-ok-siti,ООО «ОК-СИТИ»,https://www.oknadomkom.ru,assets/img/logos/vendors/import-20260630/ooo-ok-siti.svg,https://www.oknadomkom.ru/include/img/logo2.svg,building-materials,Строительные материалы,architecture,Архитектурные решения,windows-doors-glazing,"Окна, витражи, двери",okna,Окна,Архитектурные решения,Архитектурные решения,Архитектурные решения,Окна,true,true,false,false,published,curated_type_alias,Окна,supplier_import_20260630_official_site,"Prepared from supplier table. Sheet: Окна, row 39. Logo source: official site."
ooo-ok-siti,ООО «ОК-СИТИ»,https://www.oknadomkom.ru,assets/img/logos/vendors/import-20260630/ooo-ok-siti.svg,https://www.oknadomkom.ru/include/img/logo2.svg,building-materials,Строительные материалы,architecture,Архитектурные решения,windows-doors-glazing,"Окна, витражи, двери",aluminum-windows-glazing,Окна и витражи в алюминиевом профиле,Архитектурные решения,Архитектурные решения,Архитектурные решения,Окна,true,true,false,false,published,curated_type_alias,Окна,supplier_import_20260630_official_site,"Prepared from supplier table. Sheet: Окна, row 39. Logo source: official site."
ooo-ok-siti,ООО «ОК-СИТИ»,https://www.oknadomkom.ru,assets/img/logos/vendors/import-20260630/ooo-ok-siti.svg,https://www.oknadomkom.ru/include/img/logo2.svg,building-materials,Строительные материалы,architecture,Архитектурные решения,windows-doors-glazing,"Окна, витражи, двери",pvc-windows,Окна ПВХ,Архитектурные решения,Архитектурные решения,Архитектурные решения,Окна,true,true,false,false,published,curated_type_alias,Окна,supplier_import_20260630_official_site,"Prepared from supplier table. Sheet: Окна, row 39. Logo source: official site."
okonnye-tehnologii,Оконные технологии,https://okonteh.ru,assets/img/logos/vendors/import-20260630/okonnye-tehnologii.svg,https://okonteh.ru/wp-content/themes/okonteh/img/logo-color.svg,building-materials,Строительные материалы,architecture,Архитектурные решения,windows-doors-glazing,"Окна, витражи, двери",okna,Окна,Архитектурные решения,Архитектурные решения,Архитектурные решения,Окна,true,true,false,false,published,curated_type_alias,Окна,supplier_import_20260630_official_site,"Prepared from supplier table. Sheet: Окна, row 10. Logo source: official site."
okonnye-tehnologii,Оконные технологии,https://okonteh.ru,assets/img/logos/vendors/import-20260630/okonnye-tehnologii.svg,https://okonteh.ru/wp-content/themes/okonteh/img/logo-color.svg,building-materials,Строительные материалы,architecture,Архитектурные решения,windows-doors-glazing,"Окна, витражи, двери",aluminum-windows-glazing,Окна и витражи в алюминиевом профиле,Архитектурные решения,Архитектурные решения,Архитектурные решения,Окна,true,true,false,false,published,curated_type_alias,Окна,supplier_import_20260630_official_site,"Prepared from supplier table. Sheet: Окна, row 10. Logo source: official site."
okonnye-tehnologii,Оконные технологии,https://okonteh.ru,assets/img/logos/vendors/import-20260630/okonnye-tehnologii.svg,https://okonteh.ru/wp-content/themes/okonteh/img/logo-color.svg,building-materials,Строительные материалы,architecture,Архитектурные решения,windows-doors-glazing,"Окна, витражи, двери",pvc-windows,Окна ПВХ,Архитектурные решения,Архитектурные решения,Архитектурные решения,Окна,true,true,false,false,published,curated_type_alias,Окна,supplier_import_20260630_official_site,"Prepared from supplier table. Sheet: Окна, row 10. Logo source: official site."
proizvodstvennaya-kompaniya-avi-stroykomplekt,Производственная компания АВИ СтройКомплект,https://www.avi-sk.com,assets/img/logos/vendors/import-20260630/proizvodstvennaya-kompaniya-avi-stroykomplekt.png,https://spezokna.com/wp-content/themes/specokna/images/header-logo.png,building-materials,Строительные материалы,architecture,Архитектурные решения,windows-doors-glazing,"Окна, витражи, двери",okna,Окна,Архитектурные решения,Архитектурные решения,Архитектурные решения,Окна,true,true,false,false,published,curated_type_alias,Окна,supplier_import_20260630_official_site,"Prepared from supplier table. Sheet: Окна, row 48. Logo source: official site."
proizvodstvennaya-kompaniya-avi-stroykomplekt,Производственная компания АВИ СтройКомплект,https://www.avi-sk.com,assets/img/logos/vendors/import-20260630/proizvodstvennaya-kompaniya-avi-stroykomplekt.png,https://spezokna.com/wp-content/themes/specokna/images/header-logo.png,building-materials,Строительные материалы,architecture,Архитектурные решения,windows-doors-glazing,"Окна, витражи, двери",aluminum-windows-glazing,Окна и витражи в алюминиевом профиле,Архитектурные решения,Архитектурные решения,Архитектурные решения,Окна,true,true,false,false,published,curated_type_alias,Окна,supplier_import_20260630_official_site,"Prepared from supplier table. Sheet: Окна, row 48. Logo source: official site."
proizvodstvennaya-kompaniya-avi-stroykomplekt,Производственная компания АВИ СтройКомплект,https://www.avi-sk.com,assets/img/logos/vendors/import-20260630/proizvodstvennaya-kompaniya-avi-stroykomplekt.png,https://spezokna.com/wp-content/themes/specokna/images/header-logo.png,building-materials,Строительные материалы,architecture,Архитектурные решения,windows-doors-glazing,"Окна, витражи, двери",pvc-windows,Окна ПВХ,Архитектурные решения,Архитектурные решения,Архитектурные решения,Окна,true,true,false,false,published,curated_type_alias,Окна,supplier_import_20260630_official_site,"Prepared from supplier table. Sheet: Окна, row 48. Logo source: official site."
stroyoboi,Стройобои,https://malex.ru,assets/img/logos/vendors/import-20260630/stroyoboi.svg,https://malex.ru/pictures/logo.svg,building-materials,Строительные материалы,architecture,Архитектурные решения,finishing-materials,Отделочные материалы,oboi,Обои,Архитектурные решения,Архитектурные решения,Архитектурные решения,ОБОИ,true,true,false,false,published,curated_type_alias,ОБОИ,supplier_import_20260630_official_site,"Prepared from supplier table. Sheet: ОБОИ, row 14. Logo source: official site."
tarkett,Tarkett,https://www.tarkett.ru/,assets/img/logos/partners/tarkett.svg,https://www.tarkett.ru/,building-materials,Строительные материалы,architecture,Архитектурные решения,floors,Полы,linoleum,Линолеум,Архитектурные решения,Полы,Напольные покрытия,Напольные покрытия,true,true,false,false,published,curated_vendor_slug,tarkett,partner_catalog_backfill_20260702,"Backfilled from confirmed partner source for catalog vendor coverage, official site/logo already tracked in partners data."
tarkett,Tarkett,https://www.tarkett.ru/,assets/img/logos/partners/tarkett.svg,https://www.tarkett.ru/,building-materials,Строительные материалы,architecture,Архитектурные решения,floors,Полы,laminat,Ламинат,Архитектурные решения,Полы,Напольные покрытия,Напольные покрытия,true,true,false,false,published,curated_vendor_slug,tarkett,partner_catalog_backfill_20260702,"Backfilled from confirmed partner source for catalog vendor coverage, official site/logo already tracked in partners data."
tarkett,Tarkett,https://www.tarkett.ru/,assets/img/logos/partners/tarkett.svg,https://www.tarkett.ru/,building-materials,Строительные материалы,architecture,Архитектурные решения,floors,Полы,komplektuyuschie-k-linoleumu,Комплектующие к линолеуму,Архитектурные решения,Полы,Напольные покрытия,Напольные покрытия,true,true,false,false,published,curated_vendor_slug,tarkett,partner_catalog_backfill_20260702,"Backfilled from confirmed partner source for catalog vendor coverage, official site/logo already tracked in partners data."
tarkett,Tarkett,https://www.tarkett.ru/,assets/img/logos/partners/tarkett.svg,https://www.tarkett.ru/,building-materials,Строительные материалы,architecture,Архитектурные решения,floors,Полы,plintus,Плинтус,Архитектурные решения,Полы,Напольные покрытия,Напольные покрытия,true,true,false,false,published,curated_vendor_slug,tarkett,partner_catalog_backfill_20260702,"Backfilled from confirmed partner source for catalog vendor coverage, official site/logo already tracked in partners data."
tarkett,Tarkett,https://www.tarkett.ru/,assets/img/logos/partners/tarkett.svg,https://www.tarkett.ru/,building-materials,Строительные материалы,architecture,Архитектурные решения,floors,Полы,podlozhka,Подложка,Архитектурные решения,Полы,Напольные покрытия,Напольные покрытия,true,true,false,false,published,curated_vendor_slug,tarkett,partner_catalog_backfill_20260702,"Backfilled from confirmed partner source for catalog vendor coverage, official site/logo already tracked in partners data."
interfloor,INTERFLOOR,https://interfloor.pro/,assets/img/logos/vendors/interfloor.png,https://interfloor.pro/wp-content/uploads/2022/03/group_2_1.png,building-materials,Строительные материалы,architecture,Архитектурные решения,floors,Полы,falshpoly,Фальшполы,Архитектурные решения,Полы,Фальшполы,Фальшполы,true,true,false,false,published,curated_vendor_slug,interfloor,official_p2_remaining_groups_20260706,"Official site title identifies INTERFLOOR as production and installation of raised-floor systems, logo from official schema/header image."
magelan,MAGELAN,https://www.magelan-import.com/,assets/img/logos/vendors/magelan.svg,https://www.magelan-import.com/sites/all/themes/interface/layout/images/magelan.svg,building-materials,Строительные материалы,architecture,Архитектурные решения,interior-wall-panels,Стены / интерьерные панели,sml-wall-panels,СМЛ стеновые панели,Архитектурные решения,Стены / интерьерные панели,СМЛ,СМЛ панели,true,true,false,false,published,curated_vendor_slug,magelan,official_p0_vendor_batch_20260703,"Official MAGELAN site uses this SVG as the header logo background, catalog hint covers SML panels."
magelan,MAGELAN,https://www.magelan-import.com/,assets/img/logos/vendors/magelan.svg,https://www.magelan-import.com/sites/all/themes/interface/layout/images/magelan.svg,building-materials,Строительные материалы,architecture,Архитектурные решения,interior-wall-panels,Стены / интерьерные панели,sml-paneli,СМЛ панели,Архитектурные решения,Стены / интерьерные панели,СМЛ,СМЛ панели,true,true,false,false,published,curated_vendor_slug,magelan,official_p0_vendor_batch_20260703,"Official MAGELAN site uses this SVG as the header logo background, catalog hint covers SML panels."
grand-line,GRAND LINE,https://www.grandline.ru/,assets/img/logos/partners/grand-line.png,https://www.grandline.ru/image/data/logo.png,building-materials,Строительные материалы,architecture,Архитектурные решения,facades,Фасады,facade-substructure,Алюминиевый каркас,Архитектурные решения,Фасады,Фасадные системы,Фасадные системы,true,true,false,false,published,curated_vendor_slug,grand-line,partner_catalog_backfill_20260702,"Backfilled from confirmed partner source for catalog vendor coverage, official site/logo already tracked in partners data."
grand-line,GRAND LINE,https://www.grandline.ru/,assets/img/logos/partners/grand-line.png,https://www.grandline.ru/image/data/logo.png,building-materials,Строительные материалы,architecture,Архитектурные решения,facades,Фасады,metallokassety,Металлокассеты,Архитектурные решения,Фасады,Фасадные системы,Фасадные системы,true,true,false,false,published,curated_vendor_slug,grand-line,partner_catalog_backfill_20260702,"Backfilled from confirmed partner source for catalog vendor coverage, official site/logo already tracked in partners data."
grand-line,GRAND LINE,https://www.grandline.ru/,assets/img/logos/partners/grand-line.png,https://www.grandline.ru/image/data/logo.png,building-materials,Строительные материалы,architecture,Архитектурные решения,facades,Фасады,ventilated-facade-systems,Навесные фасадные системы,Архитектурные решения,Фасады,Фасадные системы,Фасадные системы,true,true,false,false,published,curated_vendor_slug,grand-line,partner_catalog_backfill_20260702,"Backfilled from confirmed partner source for catalog vendor coverage, official site/logo already tracked in partners data."
grand-line,GRAND LINE,https://www.grandline.ru/,assets/img/logos/partners/grand-line.png,https://www.grandline.ru/image/data/logo.png,building-materials,Строительные материалы,constructive,Конструктивные решения,metall,Металл,profnastil,Профнастил,Архитектурные решения,Фасады,Фасадные системы,Фасадные системы,true,true,false,false,published,curated_vendor_slug,grand-line,partner_catalog_backfill_20260702,"Backfilled from confirmed partner source for catalog vendor coverage, official site/logo already tracked in partners data."
grand-line,GRAND LINE,https://www.grandline.ru/,assets/img/logos/partners/grand-line.png,https://www.grandline.ru/image/data/logo.png,building-materials,Строительные материалы,architecture,Архитектурные решения,facades,Фасады,aluminum-cassettes,Алюминиевые кассеты,Архитектурные решения,Фасады,Фасадные системы,Фасадные системы,true,true,false,false,published,curated_vendor_slug,grand-line,partner_catalog_backfill_20260702,"Backfilled from confirmed partner source for catalog vendor coverage, official site/logo already tracked in partners data."
grand-line,GRAND LINE,https://www.grandline.ru/,assets/img/logos/partners/grand-line.png,https://www.grandline.ru/image/data/logo.png,building-materials,Строительные материалы,architecture,Архитектурные решения,facades,Фасады,podsistema-dlya-keramogranita,Подсистема для керамогранита,Архитектурные решения,Фасады,Фасадные системы,Фасадные системы,true,true,false,false,published,curated_vendor_slug,grand-line,partner_catalog_backfill_20260702,"Backfilled from confirmed partner source for catalog vendor coverage, official site/logo already tracked in partners data."
grand-line,GRAND LINE,https://www.grandline.ru/,assets/img/logos/partners/grand-line.png,https://www.grandline.ru/image/data/logo.png,building-materials,Строительные материалы,landscaping-and-site-improvement,Благоустройство и озеленение,ograzhdeniya-i-zonirovanie,Ограждения и зонирование,zabory,Заборы,Архитектурные решения,Фасады,Фасадные системы,Фасадные системы,true,true,false,false,published,curated_vendor_slug,grand-line,partner_catalog_backfill_20260702,"Backfilled from confirmed partner source for catalog vendor coverage, official site/logo already tracked in partners data."
nordfox,NORDFOX,https://nordfox.ru/,assets/img/logos/partners/nordfox.png,https://nordfox.ru/wp-content/uploads/2021/01/NF-Blue.png,building-materials,Строительные материалы,architecture,Архитектурные решения,facades,Фасады,facade-substructure,Алюминиевый каркас,Архитектурные решения,Фасады,Фасадные системы,Фасадные системы,true,true,false,false,published,curated_vendor_slug,nordfox,partner_catalog_backfill_20260702,"Backfilled from confirmed partner source for catalog vendor coverage, official site/logo already tracked in partners data."
nordfox,NORDFOX,https://nordfox.ru/,assets/img/logos/partners/nordfox.png,https://nordfox.ru/wp-content/uploads/2021/01/NF-Blue.png,building-materials,Строительные материалы,architecture,Архитектурные решения,facades,Фасады,ventilated-facade-systems,Навесные фасадные системы,Архитектурные решения,Фасады,Фасадные системы,Фасадные системы,true,true,false,false,published,curated_vendor_slug,nordfox,partner_catalog_backfill_20260702,"Backfilled from confirmed partner source for catalog vendor coverage, official site/logo already tracked in partners data."
nordfox,NORDFOX,https://nordfox.ru/,assets/img/logos/partners/nordfox.png,https://nordfox.ru/wp-content/uploads/2021/01/NF-Blue.png,building-materials,Строительные материалы,architecture,Архитектурные решения,facades,Фасады,podsistema-dlya-keramogranita,Подсистема для керамогранита,Архитектурные решения,Фасады,Фасадные системы,Фасадные системы,true,true,false,false,published,curated_vendor_slug,nordfox,partner_catalog_backfill_20260702,"Backfilled from confirmed partner source for catalog vendor coverage, official site/logo already tracked in partners data."
vivana,Вивана,https://vivana.ru,assets/img/logos/vendors/import-20260630/vivana.svg,https://vivana.ru/templates/vivana/images/logo.svg,tech-equipment,ТХ оборудование,tech-equipment,Технологическое оборудование,small-architectural-forms,МАФ,street-furniture-and-small-architectural-forms,Уличная мебель и малые архитектурные формы,Благоустройство и озеленение,Благоустройство,Благоустройство,МАФ,true,true,false,false,published,curated_type_alias,МАФ,supplier_import_20260630_official_site,"Prepared from supplier table. Sheet: МАФ, row 7. Logo source: official site."
vivana,Вивана,https://vivana.ru,assets/img/logos/vendors/import-20260630/vivana.svg,https://vivana.ru/templates/vivana/images/logo.svg,building-materials,Строительные материалы,landscaping-and-site-improvement,Благоустройство и озеленение,malye-arhitekturnye-formy-maf,Малые архитектурные формы (МАФ),sadovaya-mebel,Садовая мебель,Благоустройство и озеленение,Благоустройство,Благоустройство,МАФ,true,true,false,false,published,curated_type_alias,МАФ,supplier_import_20260630_official_site,"Prepared from supplier table. Sheet: МАФ, row 7. Logo source: official site."
aktivstok,АктивСток,https://akstok.com/,assets/img/logos/partners/aktivstok.png,https://akstok.com/wp-content/uploads/2017/09/aktivstok.png,engineering-equipment,Инженерное оборудование,water,Водоснабжение и водоотведение,wastewater-and-drainage,Водоотведение,cast-iron-drainage,Чугунная канализация,ВК / водоотведение,ВК / водоотведение,ВК / водоотведение,ВК / водоотведение,true,true,false,false,published,curated_vendor_slug,aktivstok,partner_catalog_backfill_20260702,"Backfilled from confirmed partner source for catalog vendor coverage, official site/logo already tracked in partners data."
aktivstok,АктивСток,https://akstok.com/,assets/img/logos/partners/aktivstok.png,https://akstok.com/wp-content/uploads/2017/09/aktivstok.png,engineering-equipment,Инженерное оборудование,water,Водоснабжение и водоотведение,wastewater-and-drainage,Водоотведение,indoor-sewage-pumping-stations,КНС внутренней установки,ВК / водоотведение,ВК / водоотведение,ВК / водоотведение,ВК / водоотведение,true,true,false,false,published,curated_vendor_slug,aktivstok,partner_catalog_backfill_20260702,"Backfilled from confirmed partner source for catalog vendor coverage, official site/logo already tracked in partners data."
aktivstok,АктивСток,https://akstok.com/,assets/img/logos/partners/aktivstok.png,https://akstok.com/wp-content/uploads/2017/09/aktivstok.png,engineering-equipment,Инженерное оборудование,water,Водоснабжение и водоотведение,wastewater-and-drainage,Водоотведение,siphonic-vacuum-storm-drainage,Сифонно-вакуумная ливневая канализация,ВК / водоотведение,ВК / водоотведение,ВК / водоотведение,ВК / водоотведение,true,true,false,false,published,curated_vendor_slug,aktivstok,partner_catalog_backfill_20260702,"Backfilled from confirmed partner source for catalog vendor coverage, official site/logo already tracked in partners data."
aktivstok,АктивСток,https://akstok.com/,assets/img/logos/partners/aktivstok.png,https://akstok.com/wp-content/uploads/2017/09/aktivstok.png,engineering-equipment,Инженерное оборудование,water,Водоснабжение и водоотведение,wastewater-and-drainage,Водоотведение,drenazhn-sistemy-i-vodootvedenie,Дренажн. системы и водоотведение,ВК / водоотведение,ВК / водоотведение,ВК / водоотведение,ВК / водоотведение,true,true,false,false,published,curated_vendor_slug,aktivstok,partner_catalog_backfill_20260702,"Backfilled from confirmed partner source for catalog vendor coverage, official site/logo already tracked in partners data."
aktivstok,АктивСток,https://akstok.com/,assets/img/logos/partners/aktivstok.png,https://akstok.com/wp-content/uploads/2017/09/aktivstok.png,engineering-equipment,Инженерное оборудование,water,Водоснабжение и водоотведение,stormwater-treatment-facilities,Ливнево-очистные сооружения,stormwater-treatment-facilities-group,Ливнево-очистные сооружения,ВК / водоотведение,ВК / водоотведение,ВК / водоотведение,ВК / водоотведение,true,true,false,false,published,curated_vendor_slug,aktivstok,partner_catalog_backfill_20260702,"Backfilled from confirmed partner source for catalog vendor coverage, official site/logo already tracked in partners data."
aktivstok,АктивСток,https://akstok.com/,assets/img/logos/partners/aktivstok.png,https://akstok.com/wp-content/uploads/2017/09/aktivstok.png,engineering-equipment,Инженерное оборудование,water,Водоснабжение и водоотведение,external-water-and-sewer-networks,Наружные сети водоснабжения и канализации,los,ЛОС,ВК / водоотведение,ВК / водоотведение,ВК / водоотведение,ВК / водоотведение,true,true,false,false,published,curated_vendor_slug,aktivstok,partner_catalog_backfill_20260702,"Backfilled from confirmed partner source for catalog vendor coverage, official site/logo already tracked in partners data."
wilo,Wilo,https://wilo.ru/,assets/img/logos/partners/wilo.png,,engineering-equipment,Инженерное оборудование,water,Водоснабжение и водоотведение,water-supply,Водоснабжение,water-pumps,Насосное оборудование,ВК / насосное оборудование,ВК / насосное оборудование,ВК / насосное оборудование,ВК / насосное оборудование,true,true,false,false,published,curated_vendor_slug,wilo,partner_catalog_backfill_20260702,"Backfilled from confirmed partner source for catalog vendor coverage, official site/logo already tracked in partners data."
wilo,Wilo,https://wilo.ru/,assets/img/logos/partners/wilo.png,,engineering-equipment,Инженерное оборудование,water,Водоснабжение и водоотведение,wastewater-and-drainage,Водоотведение,water-fire-pumps,"Насосное оборудование для ХВС, пожаротушения и автоматического пожаротушения",ВК / насосное оборудование,ВК / насосное оборудование,ВК / насосное оборудование,ВК / насосное оборудование,true,true,false,false,published,curated_vendor_slug,wilo,partner_catalog_backfill_20260702,"Backfilled from confirmed partner source for catalog vendor coverage, official site/logo already tracked in partners data."
wilo,Wilo,https://wilo.ru/,assets/img/logos/partners/wilo.png,,engineering-equipment,Инженерное оборудование,hvac,ОВиК и тепловые сети,individual-heat-substation,Индивидуальный тепловой пункт,heat-exchanger-and-pumps,"Теплообменник, насосы",ВК / насосное оборудование,ВК / насосное оборудование,ВК / насосное оборудование,ВК / насосное оборудование,true,true,false,false,published,curated_vendor_slug,wilo,partner_catalog_backfill_20260702,"Backfilled from confirmed partner source for catalog vendor coverage, official site/logo already tracked in partners data."
ob-lift-kompleks-ds,Обь Лифт-Комплекс ДС,https://www.lkds.ru/,assets/img/logos/vendors/ob-lift-kompleks-ds.png,https://www.lkds.ru/local/templates/general/img/logo.png,engineering-equipment,Инженерное оборудование,vertical-transport,Вертикальный транспорт,automation-and-dispatching,Автоматизация и диспетчеризация,elevator-dispatch-communication,Диспетчерская связь (Лифты),Вертикальный транспорт,Автоматизация и диспетчеризация,Диспетчерская связь лифтов,Диспетчерская связь (Лифты),true,true,false,false,published,curated_vendor_slug,ob-lift-kompleks-ds,official_p0_vendor_batch_20260703,"Official LKDS site logo, catalog hint covers lift dispatch communication."
ob-lift-kompleks-ds,Обь Лифт-Комплекс ДС,https://www.lkds.ru/,assets/img/logos/vendors/ob-lift-kompleks-ds.png,https://www.lkds.ru/local/templates/general/img/logo.png,engineering-equipment,Инженерное оборудование,vertical-transport,Вертикальный транспорт,automation-and-dispatching,Автоматизация и диспетчеризация,avtomatizatsiya-i-dispetcherizatsiya,Автоматизация и диспетчеризация,Вертикальный транспорт,Автоматизация и диспетчеризация,Диспетчерская связь лифтов,Диспетчерская связь (Лифты),true,true,false,false,published,curated_vendor_slug,ob-lift-kompleks-ds,official_p0_vendor_batch_20260703,"Official LKDS site logo, catalog hint covers lift dispatch communication."
doppler,Doppler,https://doppler-lifts.ru,assets/img/logos/vendors/import-20260630/doppler.svg,https://doppler-lifts.ru/wp-content/uploads/2023/04/Doppler_logo-1.svg,engineering-equipment,Инженерное оборудование,vertical-transport,Вертикальный транспорт,eskalatory-i-travolatory,Эскалаторы и траволаторы,eskalatory-i-travolatory,Эскалаторы и траволаторы,Вертикальный транспорт,Вертикальный транспорт,Вертикальный транспорт,Лифты,true,true,true,true,published,curated_vendor_slug,doppler,supplier_import_20260630_official_site,"Prepared from supplier table. Sheet: Лифты , row 28. Logo source: official site."
karacharovskiy-mehanicheskiy-zavod,Карачаровский Механический завод,https://kmzlift.ru,assets/img/logos/vendors/import-20260630/karacharovskiy-mehanicheskiy-zavod.svg,https://kmzlift.ru/images_index/logo.svg,engineering-equipment,Инженерное оборудование,vertical-transport,Вертикальный транспорт,lifty,Лифты,lifty,Лифты,Вертикальный транспорт,Вертикальный транспорт,Вертикальный транспорт,Лифты,true,true,false,false,published,curated_type_alias,Лифты,supplier_import_20260630_official_site,"Prepared from supplier table. Sheet: Лифты , row 5. Logo source: official site."
karacharovskiy-mehanicheskiy-zavod,Карачаровский Механический завод,https://kmzlift.ru,assets/img/logos/vendors/import-20260630/karacharovskiy-mehanicheskiy-zavod.svg,https://kmzlift.ru/images_index/logo.svg,engineering-equipment,Инженерное оборудование,vertical-transport,Вертикальный транспорт,vertical-lifters,Подъемники,passenger-and-cargo-lifts,"Лифты (пассажирские, грузовые и т.д)",Вертикальный транспорт,Вертикальный транспорт,Вертикальный транспорт,Лифты,true,true,false,false,published,curated_type_alias,Лифты,supplier_import_20260630_official_site,"Prepared from supplier table. Sheet: Лифты , row 5. Logo source: official site."
moslift-ao,МОСЛИФТ АО,https://moslift.ru,assets/img/logos/vendors/import-20260630/moslift-ao.svg,https://moslift.ru/local/templates/moslift/assets/images/header-logo-first.svg,engineering-equipment,Инженерное оборудование,vertical-transport,Вертикальный транспорт,lifty,Лифты,lifty,Лифты,Вертикальный транспорт,Вертикальный транспорт,Вертикальный транспорт,Лифты,true,true,true,true,published,curated_type_alias,Лифты,supplier_import_20260630_official_site,"Prepared from supplier table. Sheet: Лифты , row 30. Logo source: official site."
moslift-ao,МОСЛИФТ АО,https://moslift.ru,assets/img/logos/vendors/import-20260630/moslift-ao.svg,https://moslift.ru/local/templates/moslift/assets/images/header-logo-first.svg,engineering-equipment,Инженерное оборудование,vertical-transport,Вертикальный транспорт,vertical-lifters,Подъемники,passenger-and-cargo-lifts,"Лифты (пассажирские, грузовые и т.д)",Вертикальный транспорт,Вертикальный транспорт,Вертикальный транспорт,Лифты,true,true,true,true,published,curated_type_alias,Лифты,supplier_import_20260630_official_site,"Prepared from supplier table. Sheet: Лифты , row 30. Logo source: official site."
ooo-vtk-promteh,ООО «ВТК «ПРОМТЕХ»,https://vtk-promteh.ru,assets/img/logos/vendors/import-20260630/ooo-vtk-promteh.png,http://vtk-promteh.ru/a/promteh/files/66739/65607/logo_small.png,engineering-equipment,Инженерное оборудование,vertical-transport,Вертикальный транспорт,lifty,Лифты,lifty,Лифты,Вертикальный транспорт,Вертикальный транспорт,Вертикальный транспорт,Лифты,true,true,false,false,published,curated_type_alias,Лифты,supplier_import_20260630_official_site,"Prepared from supplier table. Sheet: Лифты , row 36. Logo source: official site."
ooo-vtk-promteh,ООО «ВТК «ПРОМТЕХ»,https://vtk-promteh.ru,assets/img/logos/vendors/import-20260630/ooo-vtk-promteh.png,http://vtk-promteh.ru/a/promteh/files/66739/65607/logo_small.png,engineering-equipment,Инженерное оборудование,vertical-transport,Вертикальный транспорт,vertical-lifters,Подъемники,passenger-and-cargo-lifts,"Лифты (пассажирские, грузовые и т.д)",Вертикальный транспорт,Вертикальный транспорт,Вертикальный транспорт,Лифты,true,true,false,false,published,curated_type_alias,Лифты,supplier_import_20260630_official_site,"Prepared from supplier table. Sheet: Лифты , row 36. Logo source: official site."
otis-ranee-meteor-lift,Отис - ранее METEOR Lift,https://meteor.ru,assets/img/logos/vendors/import-20260630/otis-ranee-meteor-lift.png,https://meteor.ru/assets/img/blocks/synchro-logo.png,engineering-equipment,Инженерное оборудование,vertical-transport,Вертикальный транспорт,eskalatory-i-travolatory,Эскалаторы и траволаторы,eskalatory-i-travolatory,Эскалаторы и траволаторы,Вертикальный транспорт,Вертикальный транспорт,Вертикальный транспорт,Лифты,true,true,false,false,published,curated_vendor_slug,otis-ranee-meteor-lift,supplier_import_20260630_official_site,"Prepared from supplier table. Sheet: Лифты , row 12. Logo source: official site."
privodnaya-tehnika,Приводная техника,https://privod.ru,assets/img/logos/vendors/import-20260630/privodnaya-tehnika.svg,https://privod.ru/bitrix/templates/privod/images/logo25years.svg,engineering-equipment,Инженерное оборудование,vertical-transport,Вертикальный транспорт,lifty,Лифты,lifty,Лифты,Вертикальный транспорт,Вертикальный транспорт,Вертикальный транспорт,Лифты,true,true,false,false,published,curated_type_alias,Лифты,supplier_import_20260630_official_site,"Prepared from supplier table. Sheet: Лифты , row 26. Logo source: official site."
privodnaya-tehnika,Приводная техника,https://privod.ru,assets/img/logos/vendors/import-20260630/privodnaya-tehnika.svg,https://privod.ru/bitrix/templates/privod/images/logo25years.svg,engineering-equipment,Инженерное оборудование,vertical-transport,Вертикальный транспорт,vertical-lifters,Подъемники,passenger-and-cargo-lifts,"Лифты (пассажирские, грузовые и т.д)",Вертикальный транспорт,Вертикальный транспорт,Вертикальный транспорт,Лифты,true,true,false,false,published,curated_type_alias,Лифты,supplier_import_20260630_official_site,"Prepared from supplier table. Sheet: Лифты , row 26. Logo source: official site."
sankt-peterburgskiy-liftovoy-zavod,САНКТ-ПЕТЕРБУРГСКИЙ ЛИФТОВОЙ ЗАВОД,https://lzspb.com,assets/img/logos/vendors/import-20260630/sankt-peterburgskiy-liftovoy-zavod.svg,https://lzspb.com/local/templates/lzspb/img/logo.svg,engineering-equipment,Инженерное оборудование,vertical-transport,Вертикальный транспорт,lifty,Лифты,lifty,Лифты,Вертикальный транспорт,Вертикальный транспорт,Вертикальный транспорт,Лифты,true,true,false,false,published,curated_type_alias,Лифты,supplier_import_20260630_official_site,"Prepared from supplier table. Sheet: Лифты , row 20. Logo source: official site."
sankt-peterburgskiy-liftovoy-zavod,САНКТ-ПЕТЕРБУРГСКИЙ ЛИФТОВОЙ ЗАВОД,https://lzspb.com,assets/img/logos/vendors/import-20260630/sankt-peterburgskiy-liftovoy-zavod.svg,https://lzspb.com/local/templates/lzspb/img/logo.svg,engineering-equipment,Инженерное оборудование,vertical-transport,Вертикальный транспорт,vertical-lifters,Подъемники,passenger-and-cargo-lifts,"Лифты (пассажирские, грузовые и т.д)",Вертикальный транспорт,Вертикальный транспорт,Вертикальный транспорт,Лифты,true,true,false,false,published,curated_type_alias,Лифты,supplier_import_20260630_official_site,"Prepared from supplier table. Sheet: Лифты , row 20. Logo source: official site."
serpuhovskiy-liftostroitelnyy-zavod,Серпуховский лифтостроительный завод,https://slz-lift.ru,assets/img/logos/vendors/import-20260630/serpuhovskiy-liftostroitelnyy-zavod.svg,https://slz-lift.ru/local/templates/slz-lift.v2/images/logo-grey.svg,engineering-equipment,Инженерное оборудование,vertical-transport,Вертикальный транспорт,lifty,Лифты,lifty,Лифты,Вертикальный транспорт,Вертикальный транспорт,Вертикальный транспорт,Лифты,true,true,false,false,published,curated_type_alias,Лифты,supplier_import_20260630_official_site,"Prepared from supplier table. Sheet: Лифты , row 15. Logo source: official site."
serpuhovskiy-liftostroitelnyy-zavod,Серпуховский лифтостроительный завод,https://slz-lift.ru,assets/img/logos/vendors/import-20260630/serpuhovskiy-liftostroitelnyy-zavod.svg,https://slz-lift.ru/local/templates/slz-lift.v2/images/logo-grey.svg,engineering-equipment,Инженерное оборудование,vertical-transport,Вертикальный транспорт,vertical-lifters,Подъемники,passenger-and-cargo-lifts,"Лифты (пассажирские, грузовые и т.д)",Вертикальный транспорт,Вертикальный транспорт,Вертикальный транспорт,Лифты,true,true,false,false,published,curated_type_alias,Лифты,supplier_import_20260630_official_site,"Prepared from supplier table. Sheet: Лифты , row 15. Logo source: official site."
sovremennye-liftovye-tehnologii,Современные лифтовые технологии,https://sltlift.ru,assets/img/logos/vendors/import-20260630/sovremennye-liftovye-tehnologii.svg,https://sltlift.ru/markup/build/img/logo.svg,engineering-equipment,Инженерное оборудование,vertical-transport,Вертикальный транспорт,lifty,Лифты,lifty,Лифты,Вертикальный транспорт,Вертикальный транспорт,Вертикальный транспорт,Лифты,true,true,false,false,published,curated_type_alias,Лифты,supplier_import_20260630_official_site,"Prepared from supplier table. Sheet: Лифты , row 25. Logo source: official site."
sovremennye-liftovye-tehnologii,Современные лифтовые технологии,https://sltlift.ru,assets/img/logos/vendors/import-20260630/sovremennye-liftovye-tehnologii.svg,https://sltlift.ru/markup/build/img/logo.svg,engineering-equipment,Инженерное оборудование,vertical-transport,Вертикальный транспорт,vertical-lifters,Подъемники,passenger-and-cargo-lifts,"Лифты (пассажирские, грузовые и т.д)",Вертикальный транспорт,Вертикальный транспорт,Вертикальный транспорт,Лифты,true,true,false,false,published,curated_type_alias,Лифты,supplier_import_20260630_official_site,"Prepared from supplier table. Sheet: Лифты , row 25. Logo source: official site."
chelyabinskiy-liftostroitelnyy-zavod-vitchel,ЧЕЛЯБИНСКИЙ ЛИФТОСТРОИТЕЛЬНЫЙ ЗАВОД «ВИТЧЕЛ»,https://witchel.ru,assets/img/logos/vendors/import-20260630/chelyabinskiy-liftostroitelnyy-zavod-vitchel.png,https://witchel.ru/wp-content/uploads/2017/05/logo.png,engineering-equipment,Инженерное оборудование,vertical-transport,Вертикальный транспорт,lifty,Лифты,lifty,Лифты,Вертикальный транспорт,Вертикальный транспорт,Вертикальный транспорт,Лифты,true,true,false,false,published,curated_type_alias,Лифты,supplier_import_20260630_official_site,"Prepared from supplier table. Sheet: Лифты , row 17. Logo source: official site."
chelyabinskiy-liftostroitelnyy-zavod-vitchel,ЧЕЛЯБИНСКИЙ ЛИФТОСТРОИТЕЛЬНЫЙ ЗАВОД «ВИТЧЕЛ»,https://witchel.ru,assets/img/logos/vendors/import-20260630/chelyabinskiy-liftostroitelnyy-zavod-vitchel.png,https://witchel.ru/wp-content/uploads/2017/05/logo.png,engineering-equipment,Инженерное оборудование,vertical-transport,Вертикальный транспорт,vertical-lifters,Подъемники,passenger-and-cargo-lifts,"Лифты (пассажирские, грузовые и т.д)",Вертикальный транспорт,Вертикальный транспорт,Вертикальный транспорт,Лифты,true,true,false,false,published,curated_type_alias,Лифты,supplier_import_20260630_official_site,"Prepared from supplier table. Sheet: Лифты , row 17. Logo source: official site."
akvalid,Аквалид,https://aqualid.ru/,assets/img/logos/partners/aqualid.svg,https://static.tildacdn.com/tild6264-3533-4535-a366-363135623431/photo.svg,engineering-equipment,Инженерное оборудование,water,Водоснабжение и водоотведение,water-supply,Водоснабжение,water-pipes-and-accessories,Трубы и аксессуары для трубопровода,Водоподготовка,Водоподготовка,Водоподготовка,Водоподготовка,true,true,false,false,published,curated_vendor_slug,akvalid,partner_catalog_backfill_20260702,"Backfilled from confirmed partner source for catalog vendor coverage, official site/logo already tracked in partners data."
akvalid,Аквалид,https://aqualid.ru/,assets/img/logos/partners/aqualid.svg,https://static.tildacdn.com/tild6264-3533-4535-a366-363135623431/photo.svg,engineering-equipment,Инженерное оборудование,water,Водоснабжение и водоотведение,water-supply,Водоснабжение,goryachee-vodosnabzhenie,Горячее водоснабжение,Водоподготовка,Водоподготовка,Водоподготовка,Водоподготовка,true,true,false,false,published,curated_vendor_slug,akvalid,partner_catalog_backfill_20260702,"Backfilled from confirmed partner source for catalog vendor coverage, official site/logo already tracked in partners data."
akvalid,Аквалид,https://aqualid.ru/,assets/img/logos/partners/aqualid.svg,https://static.tildacdn.com/tild6264-3533-4535-a366-363135623431/photo.svg,engineering-equipment,Инженерное оборудование,water,Водоснабжение и водоотведение,water-supply,Водоснабжение,water-valves-safety-control,"Запорная, предохранительная и регулирующая арматура",Водоподготовка,Водоподготовка,Водоподготовка,Водоподготовка,true,true,false,false,published,curated_vendor_slug,akvalid,partner_catalog_backfill_20260702,"Backfilled from confirmed partner source for catalog vendor coverage, official site/logo already tracked in partners data."
akvalid,Аквалид,https://aqualid.ru/,assets/img/logos/partners/aqualid.svg,https://static.tildacdn.com/tild6264-3533-4535-a366-363135623431/photo.svg,engineering-equipment,Инженерное оборудование,water,Водоснабжение и водоотведение,water-treatment,Водоподготовка,water-treatment-equipment,Водоподготовка,Водоподготовка,Водоподготовка,Водоподготовка,Водоподготовка,true,true,false,false,published,curated_vendor_slug,akvalid,partner_catalog_backfill_20260702,"Backfilled from confirmed partner source for catalog vendor coverage, official site/logo already tracked in partners data."
rusinzh,РусИнж,https://www.rusinzh.ru/,assets/img/logos/vendors/rusinzh.svg,https://www.rusinzh.ru/wa-data/public/site/themes/supreme/img/logo.svg?v1631525408,engineering-equipment,Инженерное оборудование,water,Водоснабжение и водоотведение,wastewater-and-drainage,Водоотведение,industrial-electric-water-heaters,Накопительные электрические промышленные водонагреватели,Водоснабжение и водоотведение,Водоотведение,Промышленные водонагреватели,Накопительные электрические промышленные водонагреватели,true,true,false,false,published,curated_vendor_slug,rusinzh,official_p1_vendor_hint_batch_20260703,"Official РусИнж header logo, catalog brand hint covers industrial electric storage water heaters."
danfoss,Danfoss,https://www.danfoss.com/en/,assets/img/logos/partners/danfoss.svg,https://www.danfoss.com/static/images/new-logo.svg,engineering-equipment,Инженерное оборудование,water,Водоснабжение и водоотведение,water-supply,Водоснабжение,zapornaya-i-reguliruyuschaya-armatura,Запорная и регулирующая арматура,Водоснабжение и водоотведение,Водоснабжение,Запорная арматура,Запорная и регулирующая арматура,true,true,false,false,published,curated_type_alias,Запорная и регулирующая арматура,partner_catalog_backfill_20260702,"Backfilled from confirmed partner source for catalog vendor coverage, official site/logo already tracked in partners data."
danfoss,Danfoss,https://www.danfoss.com/en/,assets/img/logos/partners/danfoss.svg,https://www.danfoss.com/static/images/new-logo.svg,engineering-equipment,Инженерное оборудование,water,Водоснабжение и водоотведение,water-supply,Водоснабжение,water-valves-safety-control,"Запорная, предохранительная и регулирующая арматура",Водоснабжение и водоотведение,Водоснабжение,Запорная арматура,Запорная и регулирующая арматура,true,true,false,false,published,curated_type_alias,Запорная и регулирующая арматура,partner_catalog_backfill_20260702,"Backfilled from confirmed partner source for catalog vendor coverage, official site/logo already tracked in partners data."
rehau,REHAU,https://rhsolutions.ru/,assets/img/logos/partners/rehau.svg,https://rhsolutions.ru/,engineering-equipment,Инженерное оборудование,water,Водоснабжение и водоотведение,water-supply,Водоснабжение,water-pipes-and-accessories,Трубы и аксессуары для трубопровода,Водоснабжение и водоотведение,Водоснабжение,Трубопроводные системы,Трубопроводные системы водоснабжения,true,true,false,false,published,curated_type_alias,Трубопроводные системы водоснабжения,partner_catalog_backfill_20260702,"Backfilled from confirmed partner source for catalog vendor coverage, official site/logo already tracked in partners data."
rehau,REHAU,https://rhsolutions.ru/,assets/img/logos/partners/rehau.svg,https://rhsolutions.ru/,engineering-equipment,Инженерное оборудование,water,Водоснабжение и водоотведение,water-supply,Водоснабжение,goryachee-vodosnabzhenie,Горячее водоснабжение,Водоснабжение и водоотведение,Водоснабжение,Трубопроводные системы,Трубопроводные системы водоснабжения,true,true,false,false,published,curated_type_alias,Трубопроводные системы водоснабжения,partner_catalog_backfill_20260702,"Backfilled from confirmed partner source for catalog vendor coverage, official site/logo already tracked in partners data."
sanext,Sanext,https://sanext.ru/,assets/img/logos/partners/sanext.svg,https://sanext.ru/,engineering-equipment,Инженерное оборудование,water,Водоснабжение и водоотведение,water-supply,Водоснабжение,water-pipes-and-accessories,Трубы и аксессуары для трубопровода,Водоснабжение и водоотведение,Водоснабжение,Трубопроводные системы,Трубопроводные системы водоснабжения,true,true,false,false,published,curated_type_alias,Трубопроводные системы водоснабжения,partner_catalog_backfill_20260702,"Backfilled from confirmed partner source for catalog vendor coverage, official site/logo already tracked in partners data."
sanext,Sanext,https://sanext.ru/,assets/img/logos/partners/sanext.svg,https://sanext.ru/,engineering-equipment,Инженерное оборудование,water,Водоснабжение и водоотведение,water-supply,Водоснабжение,goryachee-vodosnabzhenie,Горячее водоснабжение,Водоснабжение и водоотведение,Водоснабжение,Трубопроводные системы,Трубопроводные системы водоснабжения,true,true,false,false,published,curated_type_alias,Трубопроводные системы водоснабжения,partner_catalog_backfill_20260702,"Backfilled from confirmed partner source for catalog vendor coverage, official site/logo already tracked in partners data."
uponor,Uponor,https://uponor.company/,assets/img/logos/partners/uponor-clean.png,https://uponor.company/wp-content/themes/upanor-wp/images/logo.png,engineering-equipment,Инженерное оборудование,water,Водоснабжение и водоотведение,water-supply,Водоснабжение,water-pipes-and-accessories,Трубы и аксессуары для трубопровода,Водоснабжение и водоотведение,Водоснабжение,Трубопроводные системы,Трубопроводные системы водоснабжения,true,true,false,false,published,curated_type_alias,Трубопроводные системы водоснабжения,partner_catalog_backfill_20260702,"Backfilled from confirmed partner source for catalog vendor coverage, official site/logo already tracked in partners data."
uponor,Uponor,https://uponor.company/,assets/img/logos/partners/uponor-clean.png,https://uponor.company/wp-content/themes/upanor-wp/images/logo.png,engineering-equipment,Инженерное оборудование,water,Водоснабжение и водоотведение,water-supply,Водоснабжение,goryachee-vodosnabzhenie,Горячее водоснабжение,Водоснабжение и водоотведение,Водоснабжение,Трубопроводные системы,Трубопроводные системы водоснабжения,true,true,false,false,published,curated_type_alias,Трубопроводные системы водоснабжения,partner_catalog_backfill_20260702,"Backfilled from confirmed partner source for catalog vendor coverage, official site/logo already tracked in partners data."
vzljot,ВЗЛЕТ,https://vzljot.ru/,assets/img/logos/vendors/vzljot.svg,https://vzljot.ru/#inline-header-logo,engineering-equipment,Инженерное оборудование,water,Водоснабжение и водоотведение,water-supply,Водоснабжение,uzly-ucheta-vody,Узлы учета воды,Водоснабжение и водоотведение,Водоснабжение,Узлы учета воды,Узлы учета воды,true,true,false,false,published,curated_vendor_slug,vzljot,official_p2_remaining_groups_20260706,"Official site title identifies VZLJOT as manufacturer of liquid, heat and gas metering devices, logo extracted from official inline SVG header."
polyplastic,ПОЛИПЛАСТИК,https://www.polyplastic.ru/,assets/img/logos/vendors/polyplastic.svg,https://www.polyplastic.ru/sites/all/themes/polyplastic_rustamus/logo_blue.svg,engineering-equipment,Инженерное оборудование,water,Водоснабжение и водоотведение,external-water-and-sewer-networks,Наружные сети водоснабжения и канализации,naruzhnye-seti-vodosnabzheniya-i-kanalizatsii,Наружные сети водоснабжения и канализации,Водоснабжение и водоотведение,Наружные сети водоснабжения и канализации,Наружные сети водоснабжения и канализации,Наружные сети водоснабжения и канализации,true,true,false,false,published,curated_vendor_slug,polyplastic,official_p2_remaining_groups_20260706,"Official site title identifies POLYPLASTIC Group as polymer pipe manufacturer, logo from official theme asset."
gazoanalit,НПП «ГазоАналит»,https://gazoanalit.ru/,assets/img/logos/vendors/gazoanalit.jpg,https://gazoanalit.ru/img/logo70-70.jpg,engineering-equipment,Инженерное оборудование,gas,Газоснабжение,gas-analysis,Газоанализаторы,gas-analyzers,Газоанализаторы,Газоснабжение,Газоанализаторы,Газоанализаторы,Газоанализаторы,true,true,false,false,published,exact_catalog_match,Газоанализаторы,official_catalog_hint_gas_analyzers_20260703,"Official site identifies ООО НПП ГазоАналит as a manufacturer/system integrator of gas analysis systems. Official 70x70 logo image is used without redraw, mapped only to gas analyzers."
tiflocentre,Тифлоцентр,https://tiflocentre.ru/,assets/img/logos/vendors/tiflocentre.svg,https://tiflocentre.ru/images/site/tiflocentre-logo.svg,engineering-equipment,Инженерное оборудование,accessibility,Доступная среда,ramps,Пандусы,folding-ramps,Откидные,Доступная среда,Пандусы / подъемники / поручни,Доступная среда,"Пандусы, подъемники, поручни, рампы и трапы",true,true,false,false,published,curated_vendor_slug,tiflocentre,official_p1_vendor_hint_batch_20260703,"Official Тифлоцентр logo from official site, catalog hints cover accessible environment groups."
tiflocentre,Тифлоцентр,https://tiflocentre.ru/,assets/img/logos/vendors/tiflocentre.svg,https://tiflocentre.ru/images/site/tiflocentre-logo.svg,engineering-equipment,Инженерное оборудование,accessibility,Доступная среда,accessibility-lifters-system,Подъемники,accessibility-lifts,Подъемники,Доступная среда,Пандусы / подъемники / поручни,Доступная среда,"Пандусы, подъемники, поручни, рампы и трапы",true,true,false,false,published,curated_vendor_slug,tiflocentre,official_p1_vendor_hint_batch_20260703,"Official Тифлоцентр logo from official site, catalog hints cover accessible environment groups."
tiflocentre,Тифлоцентр,https://tiflocentre.ru/,assets/img/logos/vendors/tiflocentre.svg,https://tiflocentre.ru/images/site/tiflocentre-logo.svg,engineering-equipment,Инженерное оборудование,accessibility,Доступная среда,handrails,Поручни,accessibility-handrails,Поручни,Доступная среда,Пандусы / подъемники / поручни,Доступная среда,"Пандусы, подъемники, поручни, рампы и трапы",true,true,false,false,published,curated_vendor_slug,tiflocentre,official_p1_vendor_hint_batch_20260703,"Official Тифлоцентр logo from official site, catalog hints cover accessible environment groups."
tiflocentre,Тифлоцентр,https://tiflocentre.ru/,assets/img/logos/vendors/tiflocentre.svg,https://tiflocentre.ru/images/site/tiflocentre-logo.svg,engineering-equipment,Инженерное оборудование,accessibility,Доступная среда,ramps-and-traps,Рампы и трапы,accessibility-ramps-and-traps,Рампы и трапы,Доступная среда,Пандусы / подъемники / поручни,Доступная среда,"Пандусы, подъемники, поручни, рампы и трапы",true,true,false,false,published,curated_vendor_slug,tiflocentre,official_p1_vendor_hint_batch_20260703,"Official Тифлоцентр logo from official site, catalog hints cover accessible environment groups."
tiflocentre,Тифлоцентр,https://tiflocentre.ru/,assets/img/logos/vendors/tiflocentre.svg,https://tiflocentre.ru/images/site/tiflocentre-logo.svg,engineering-equipment,Инженерное оборудование,accessibility,Доступная среда,vertikalnoe-peremeschenie,Вертикальное перемещение,podemnye-platformy,Подъемные платформы,Доступная среда,Пандусы / подъемники / поручни,Доступная среда,"Пандусы, подъемники, поручни, рампы и трапы",true,true,false,false,published,curated_vendor_slug,tiflocentre,official_p1_vendor_hint_batch_20260703,"Official Тифлоцентр logo from official site, catalog hints cover accessible environment groups."
tiflocentre,Тифлоцентр,https://tiflocentre.ru/,assets/img/logos/vendors/tiflocentre.svg,https://tiflocentre.ru/images/site/tiflocentre-logo.svg,engineering-equipment,Инженерное оборудование,accessibility,Доступная среда,vhodnaya-gruppa,Входная группа,pandusy,Пандусы,Доступная среда,Пандусы / подъемники / поручни,Доступная среда,"Пандусы, подъемники, поручни, рампы и трапы",true,true,false,false,published,curated_vendor_slug,tiflocentre,official_p1_vendor_hint_batch_20260703,"Official Тифлоцентр logo from official site, catalog hints cover accessible environment groups."
tiflocentre,Тифлоцентр,https://tiflocentre.ru/,assets/img/logos/vendors/tiflocentre.svg,https://tiflocentre.ru/images/site/tiflocentre-logo.svg,engineering-equipment,Инженерное оборудование,accessibility,Доступная среда,informatsionnoe-obespechenie,Информационное обеспечение,informatsionnoe-obespechenie,Информационное обеспечение,Доступная среда,Пандусы / подъемники / поручни,Доступная среда,"Пандусы, подъемники, поручни, рампы и трапы",true,true,false,false,published,curated_vendor_slug,tiflocentre,official_p1_vendor_hint_batch_20260703,"Official Тифлоцентр logo from official site, catalog hints cover accessible environment groups."
tiflocentre,Тифлоцентр,https://tiflocentre.ru/,assets/img/logos/vendors/tiflocentre.svg,https://tiflocentre.ru/images/site/tiflocentre-logo.svg,engineering-equipment,Инженерное оборудование,accessibility,Доступная среда,puti-dvizheniya-po-territorii,Пути движения по территории,taktilnaya-plitka,Тактильная плитка,Доступная среда,Пандусы / подъемники / поручни,Доступная среда,"Пандусы, подъемники, поручни, рампы и трапы",true,true,false,false,published,curated_vendor_slug,tiflocentre,official_p1_vendor_hint_batch_20260703,"Official Тифлоцентр logo from official site, catalog hints cover accessible environment groups."
rusdorznak,РусДорЗнак,https://rusdorznak.ru/,assets/img/logos/vendors/rusdorznak.svg,https://rusdorznak.ru/img/logo.svg,engineering-equipment,Инженерное оборудование,accessibility,Доступная среда,parkovochnye-mesta,Парковочные места,dorozhnye-znaki,Дорожные знаки,Доступная среда,Парковочные места,Дорожные знаки,Дорожные знаки,true,true,false,false,published,curated_vendor_slug,rusdorznak,official_p2_remaining_groups_20260706,"Official site title identifies road signs, logo from official site asset."
iru,iRU,https://www.iru.ru/,assets/img/logos/partners/iru-dark.svg,https://static.iru.ru/img/logo.svg,it-equipment-and-software,IT оборудование и ПО,it-infrastructure,IT-инфраструктура,workstations,Рабочие станции,workstations-and-corporate-pcs,Рабочие станции и корпоративные ПК,ИТ-оборудование,ИТ-оборудование,ИТ-оборудование,ИТ-оборудование,true,true,false,false,published,curated_vendor_slug,iru,partner_catalog_backfill_20260702,"Backfilled from confirmed partner source for catalog vendor coverage, official site/logo already tracked in partners data."
iru,iRU,https://www.iru.ru/,assets/img/logos/partners/iru-dark.svg,https://static.iru.ru/img/logo.svg,it-equipment-and-software,IT оборудование и ПО,it-infrastructure,IT-инфраструктура,workstations,Рабочие станции,personalnoe-oborudovanie,Персональное оборудование,ИТ-оборудование,ИТ-оборудование,ИТ-оборудование,ИТ-оборудование,true,true,false,false,published,curated_vendor_slug,iru,partner_catalog_backfill_20260702,"Backfilled from confirmed partner source for catalog vendor coverage, official site/logo already tracked in partners data."
iru,iRU,https://www.iru.ru/,assets/img/logos/partners/iru-dark.svg,https://static.iru.ru/img/logo.svg,it-equipment-and-software,IT оборудование и ПО,it-infrastructure,IT-инфраструктура,corporate-devices,Корпоративные устройства,all-in-one-laptops-and-tablets,"Моноблоки, ноутбуки и планшеты",ИТ-оборудование,ИТ-оборудование,ИТ-оборудование,ИТ-оборудование,true,true,false,false,published,curated_vendor_slug,iru,partner_catalog_backfill_20260702,"Backfilled from confirmed partner source for catalog vendor coverage, official site/logo already tracked in partners data."
k-flex,K-FLEX,https://kflex.ru/,assets/img/logos/partners/k-flex.svg,https://kflex.ru/markup/public/css/styles.css,engineering-equipment,Инженерное оборудование,hvac,ОВиК и тепловые сети,teplovye-seti,Тепловые сети,truba-v-ppu,Труба в ППУ,Изоляция / инженерная изоляция,Изоляция / инженерная изоляция,Изоляция / инженерная изоляция,Изоляция / инженерная изоляция,true,true,false,false,published,curated_vendor_slug,k-flex,partner_catalog_backfill_20260702,"Backfilled from confirmed partner source for catalog vendor coverage, official site/logo already tracked in partners data."
k-flex,K-FLEX,https://kflex.ru/,assets/img/logos/partners/k-flex.svg,https://kflex.ru/markup/public/css/styles.css,building-materials,Строительные материалы,architecture,Архитектурные решения,facades,Фасады,uteplitel,Утеплитель,Изоляция / инженерная изоляция,Изоляция / инженерная изоляция,Изоляция / инженерная изоляция,Изоляция / инженерная изоляция,true,true,false,false,published,curated_vendor_slug,k-flex,partner_catalog_backfill_20260702,"Backfilled from confirmed partner source for catalog vendor coverage, official site/logo already tracked in partners data."
bolid,НВП Болид,https://bolid.ru/production/,assets/img/logos/vendors/bolid.png,https://bolid.ru/bld/images/logo.png,engineering-equipment,Инженерное оборудование,fire,Пожарная безопасность,automatic-fire-alarm,АПС,fire-alarm-systems,Системы пожарной сигнализации,Инженерное оборудование,Пожарная безопасность,АПС,Пожарная сигнализация и СОУЭ,true,true,false,false,published,curated_vendor_slug,bolid,codex_fire_p0_vendor_fill_20260702,"Official logo from bolid.ru. Mapped only to fire alarm, security-fire alarm, SOUE and emergency notification groups."
bolid,НВП Болид,https://bolid.ru/production/,assets/img/logos/vendors/bolid.png,https://bolid.ru/bld/images/logo.png,engineering-equipment,Инженерное оборудование,fire,Пожарная безопасность,automatic-fire-alarm,АПС,security-and-fire-alarm,Охранно-пожарная сигнализация,Инженерное оборудование,Пожарная безопасность,АПС,Пожарная сигнализация и СОУЭ,true,true,false,false,published,curated_vendor_slug,bolid,codex_fire_p0_vendor_fill_20260702,"Official logo from bolid.ru. Mapped only to fire alarm, security-fire alarm, SOUE and emergency notification groups."
bolid,НВП Болид,https://bolid.ru/production/,assets/img/logos/vendors/bolid.png,https://bolid.ru/bld/images/logo.png,engineering-equipment,Инженерное оборудование,fire,Пожарная безопасность,automatic-fire-alarm,АПС,soue,СОУЭ,Инженерное оборудование,Пожарная безопасность,АПС,Пожарная сигнализация и СОУЭ,true,true,false,false,published,curated_vendor_slug,bolid,codex_fire_p0_vendor_fill_20260702,"Official logo from bolid.ru. Mapped only to fire alarm, security-fire alarm, SOUE and emergency notification groups."
bolid,НВП Болид,https://bolid.ru/production/,assets/img/logos/vendors/bolid.png,https://bolid.ru/bld/images/logo.png,engineering-equipment,Инженерное оборудование,fire,Пожарная безопасность,automatic-fire-alarm,АПС,emergency-notification-and-control-equipment,"Оборудование для экстренного уведомления и контроля (СПС, СКУД, СОТС)",Инженерное оборудование,Пожарная безопасность,АПС,Пожарная сигнализация и СОУЭ,true,true,false,false,published,curated_vendor_slug,bolid,codex_fire_p0_vendor_fill_20260702,"Official logo from bolid.ru. Mapped only to fire alarm, security-fire alarm, SOUE and emergency notification groups."
bolid,НВП Болид,https://bolid.ru/production/,assets/img/logos/vendors/bolid.png,https://bolid.ru/bld/images/logo.png,engineering-equipment,Инженерное оборудование,low-current,Слаботочные сети и связь,intrusion-alarm-systems,Системы охранной сигнализации,intrusion-controllers-detectors,"Контроллеры, извещатели",Инженерное оборудование,Пожарная безопасность,АПС,Пожарная сигнализация и СОУЭ,true,true,false,false,published,curated_vendor_slug,bolid,codex_fire_p0_vendor_fill_20260702,"Official logo from bolid.ru. Mapped only to fire alarm, security-fire alarm, SOUE and emergency notification groups."
bolid,НВП Болид,https://bolid.ru/production/,assets/img/logos/vendors/bolid.png,https://bolid.ru/bld/images/logo.png,engineering-equipment,Инженерное оборудование,low-current,Слаботочные сети и связь,intrusion-alarm-systems,Системы охранной сигнализации,sistemy-ohrannoy-signalizatsii,Системы охранной сигнализации,Инженерное оборудование,Пожарная безопасность,АПС,Пожарная сигнализация и СОУЭ,true,true,false,false,published,curated_vendor_slug,bolid,codex_fire_p0_vendor_fill_20260702,"Official logo from bolid.ru. Mapped only to fire alarm, security-fire alarm, SOUE and emergency notification groups."
bolid,НВП Болид,https://bolid.ru/production/,assets/img/logos/vendors/bolid.png,https://bolid.ru/bld/images/logo.png,engineering-equipment,Инженерное оборудование,fire,Пожарная безопасность,automatic-fire-alarm,АПС,protivodymnaya-zaschita-i-avtomaticheskoe-pozharotushenie,Противодымная защита и автоматическое пожаротушение,Инженерное оборудование,Пожарная безопасность,АПС,Пожарная сигнализация и СОУЭ,true,true,false,false,published,curated_vendor_slug,bolid,codex_fire_p0_vendor_fill_20260702,"Official logo from bolid.ru. Mapped only to fire alarm, security-fire alarm, SOUE and emergency notification groups."
rubezh,Рубеж,https://products.rubezh.ru/,assets/img/logos/vendors/rubezh.svg,https://products.rubezh.ru/local/templates/td_rubezh_template/img/rubezh.svg,engineering-equipment,Инженерное оборудование,fire,Пожарная безопасность,automatic-fire-alarm,АПС,fire-alarm-systems,Системы пожарной сигнализации,Инженерное оборудование,Пожарная безопасность,АПС,Охранно-пожарная сигнализация и СОУЭ,true,true,false,false,published,curated_vendor_slug,rubezh,codex_fire_p0_vendor_fill_20260702,"Official SVG logo from products.rubezh.ru. Mapped to security/fire alarm, SOUE and emergency notification groups."
rubezh,Рубеж,https://products.rubezh.ru/,assets/img/logos/vendors/rubezh.svg,https://products.rubezh.ru/local/templates/td_rubezh_template/img/rubezh.svg,engineering-equipment,Инженерное оборудование,fire,Пожарная безопасность,automatic-fire-alarm,АПС,security-and-fire-alarm,Охранно-пожарная сигнализация,Инженерное оборудование,Пожарная безопасность,АПС,Охранно-пожарная сигнализация и СОУЭ,true,true,false,false,published,curated_vendor_slug,rubezh,codex_fire_p0_vendor_fill_20260702,"Official SVG logo from products.rubezh.ru. Mapped to security/fire alarm, SOUE and emergency notification groups."
rubezh,Рубеж,https://products.rubezh.ru/,assets/img/logos/vendors/rubezh.svg,https://products.rubezh.ru/local/templates/td_rubezh_template/img/rubezh.svg,engineering-equipment,Инженерное оборудование,fire,Пожарная безопасность,automatic-fire-alarm,АПС,soue,СОУЭ,Инженерное оборудование,Пожарная безопасность,АПС,Охранно-пожарная сигнализация и СОУЭ,true,true,false,false,published,curated_vendor_slug,rubezh,codex_fire_p0_vendor_fill_20260702,"Official SVG logo from products.rubezh.ru. Mapped to security/fire alarm, SOUE and emergency notification groups."
rubezh,Рубеж,https://products.rubezh.ru/,assets/img/logos/vendors/rubezh.svg,https://products.rubezh.ru/local/templates/td_rubezh_template/img/rubezh.svg,engineering-equipment,Инженерное оборудование,fire,Пожарная безопасность,automatic-fire-alarm,АПС,emergency-notification-and-control-equipment,"Оборудование для экстренного уведомления и контроля (СПС, СКУД, СОТС)",Инженерное оборудование,Пожарная безопасность,АПС,Охранно-пожарная сигнализация и СОУЭ,true,true,false,false,published,curated_vendor_slug,rubezh,codex_fire_p0_vendor_fill_20260702,"Official SVG logo from products.rubezh.ru. Mapped to security/fire alarm, SOUE and emergency notification groups."
rubezh,Рубеж,https://products.rubezh.ru/,assets/img/logos/vendors/rubezh.svg,https://products.rubezh.ru/local/templates/td_rubezh_template/img/rubezh.svg,engineering-equipment,Инженерное оборудование,low-current,Слаботочные сети и связь,intrusion-alarm-systems,Системы охранной сигнализации,intrusion-controllers-detectors,"Контроллеры, извещатели",Инженерное оборудование,Пожарная безопасность,АПС,Охранно-пожарная сигнализация и СОУЭ,true,true,false,false,published,curated_vendor_slug,rubezh,codex_fire_p0_vendor_fill_20260702,"Official SVG logo from products.rubezh.ru. Mapped to security/fire alarm, SOUE and emergency notification groups."
rubezh,Рубеж,https://products.rubezh.ru/,assets/img/logos/vendors/rubezh.svg,https://products.rubezh.ru/local/templates/td_rubezh_template/img/rubezh.svg,engineering-equipment,Инженерное оборудование,low-current,Слаботочные сети и связь,intrusion-alarm-systems,Системы охранной сигнализации,sistemy-ohrannoy-signalizatsii,Системы охранной сигнализации,Инженерное оборудование,Пожарная безопасность,АПС,Охранно-пожарная сигнализация и СОУЭ,true,true,false,false,published,curated_vendor_slug,rubezh,codex_fire_p0_vendor_fill_20260702,"Official SVG logo from products.rubezh.ru. Mapped to security/fire alarm, SOUE and emergency notification groups."
rubezh,Рубеж,https://products.rubezh.ru/,assets/img/logos/vendors/rubezh.svg,https://products.rubezh.ru/local/templates/td_rubezh_template/img/rubezh.svg,engineering-equipment,Инженерное оборудование,fire,Пожарная безопасность,automatic-fire-alarm,АПС,protivodymnaya-zaschita-i-avtomaticheskoe-pozharotushenie,Противодымная защита и автоматическое пожаротушение,Инженерное оборудование,Пожарная безопасность,АПС,Охранно-пожарная сигнализация и СОУЭ,true,true,false,false,published,curated_vendor_slug,rubezh,codex_fire_p0_vendor_fill_20260702,"Official SVG logo from products.rubezh.ru. Mapped to security/fire alarm, SOUE and emergency notification groups."
spetsavtomatika-biysk,Спецавтоматика,https://sa-biysk.ru/,assets/img/logos/vendors/spetsavtomatika-biysk.png,https://sa-biysk.ru/upload/library/logo2023.png,engineering-equipment,Инженерное оборудование,fire,Пожарная безопасность,automatic-fire-alarm,АПС,automatic-fire-extinguishing-systems,Системы автоматического пожаротушения,Инженерное оборудование,Пожарная безопасность,АПС,Автоматическое пожаротушение,true,true,false,false,published,curated_type_alias,Автоматическое пожаротушение,codex_fire_p0_vendor_fill_20260702,"Official logo from sa-biysk.ru. Mapped to automatic fire extinguishing product groups, broader fire systems need business confirmation."
spetsavtomatika-biysk,Спецавтоматика,https://sa-biysk.ru/,assets/img/logos/vendors/spetsavtomatika-biysk.png,https://sa-biysk.ru/upload/library/logo2023.png,engineering-equipment,Инженерное оборудование,fire,Пожарная безопасность,automatic-fire-alarm,АПС,automatic-sprinkler-fire-extinguishing,Автоматическое (спринклерное) пожаротушение,Инженерное оборудование,Пожарная безопасность,АПС,Автоматическое пожаротушение,true,true,false,false,published,curated_type_alias,Автоматическое пожаротушение,codex_fire_p0_vendor_fill_20260702,"Official logo from sa-biysk.ru. Mapped to automatic fire extinguishing product groups, broader fire systems need business confirmation."
spetsavtomatika-biysk,Спецавтоматика,https://sa-biysk.ru/,assets/img/logos/vendors/spetsavtomatika-biysk.png,https://sa-biysk.ru/upload/library/logo2023.png,engineering-equipment,Инженерное оборудование,fire,Пожарная безопасность,automatic-fire-alarm,АПС,avtomaticheskoe-sprinklernoe-pozharotushenie,Автоматическое спринклерное пожаротушение,Инженерное оборудование,Пожарная безопасность,АПС,Автоматическое пожаротушение,true,true,false,false,published,curated_type_alias,Автоматическое пожаротушение,codex_fire_p0_vendor_fill_20260702,"Official logo from sa-biysk.ru. Mapped to automatic fire extinguishing product groups, broader fire systems need business confirmation."
spetsavtomatika-biysk,Спецавтоматика,https://sa-biysk.ru/,assets/img/logos/vendors/spetsavtomatika-biysk.png,https://sa-biysk.ru/upload/library/logo2023.png,engineering-equipment,Инженерное оборудование,fire,Пожарная безопасность,automatic-fire-alarm,АПС,autonomous-fire-extinguishing-system,Автономная система пожаротушения,Инженерное оборудование,Пожарная безопасность,АПС,Автоматическое пожаротушение,true,true,false,false,published,curated_type_alias,Автоматическое пожаротушение,codex_fire_p0_vendor_fill_20260702,"Official logo from sa-biysk.ru. Mapped to automatic fire extinguishing product groups, broader fire systems need business confirmation."
spetsavtomatika-biysk,Спецавтоматика,https://sa-biysk.ru/,assets/img/logos/vendors/spetsavtomatika-biysk.png,https://sa-biysk.ru/upload/library/logo2023.png,engineering-equipment,Инженерное оборудование,fire,Пожарная безопасность,automatic-fire-alarm,АПС,aerozolnoe-pozharotushenie,Аэрозольное пожаротушение,Инженерное оборудование,Пожарная безопасность,АПС,Автоматическое пожаротушение,true,true,false,false,published,curated_type_alias,Автоматическое пожаротушение,codex_fire_p0_vendor_fill_20260702,"Official logo from sa-biysk.ru. Mapped to automatic fire extinguishing product groups, broader fire systems need business confirmation."
spetsavtomatika-biysk,Спецавтоматика,https://sa-biysk.ru/,assets/img/logos/vendors/spetsavtomatika-biysk.png,https://sa-biysk.ru/upload/library/logo2023.png,engineering-equipment,Инженерное оборудование,fire,Пожарная безопасность,automatic-fire-alarm,АПС,internal-fire-extinguishing,Внутреннее пожаротушение,Инженерное оборудование,Пожарная безопасность,АПС,Автоматическое пожаротушение,true,true,false,false,published,curated_type_alias,Автоматическое пожаротушение,codex_fire_p0_vendor_fill_20260702,"Official logo from sa-biysk.ru. Mapped to automatic fire extinguishing product groups, broader fire systems need business confirmation."
spetsavtomatika-biysk,Спецавтоматика,https://sa-biysk.ru/,assets/img/logos/vendors/spetsavtomatika-biysk.png,https://sa-biysk.ru/upload/library/logo2023.png,engineering-equipment,Инженерное оборудование,fire,Пожарная безопасность,automatic-fire-alarm,АПС,vodyanoe-pozharotushenie,Водяное пожаротушение,Инженерное оборудование,Пожарная безопасность,АПС,Автоматическое пожаротушение,true,true,false,false,published,curated_type_alias,Автоматическое пожаротушение,codex_fire_p0_vendor_fill_20260702,"Official logo from sa-biysk.ru. Mapped to automatic fire extinguishing product groups, broader fire systems need business confirmation."
spetsavtomatika-biysk,Спецавтоматика,https://sa-biysk.ru/,assets/img/logos/vendors/spetsavtomatika-biysk.png,https://sa-biysk.ru/upload/library/logo2023.png,engineering-equipment,Инженерное оборудование,fire,Пожарная безопасность,automatic-fire-alarm,АПС,gazovoe-pozharotushenie,Газовое пожаротушение,Инженерное оборудование,Пожарная безопасность,АПС,Автоматическое пожаротушение,true,true,false,false,published,curated_type_alias,Автоматическое пожаротушение,codex_fire_p0_vendor_fill_20260702,"Official logo from sa-biysk.ru. Mapped to automatic fire extinguishing product groups, broader fire systems need business confirmation."
spetsavtomatika-biysk,Спецавтоматика,https://sa-biysk.ru/,assets/img/logos/vendors/spetsavtomatika-biysk.png,https://sa-biysk.ru/upload/library/logo2023.png,engineering-equipment,Инженерное оборудование,fire,Пожарная безопасность,automatic-fire-alarm,АПС,poroshkovoe-pozharotushenie,Порошковое пожаротушение,Инженерное оборудование,Пожарная безопасность,АПС,Автоматическое пожаротушение,true,true,false,false,published,curated_type_alias,Автоматическое пожаротушение,codex_fire_p0_vendor_fill_20260702,"Official logo from sa-biysk.ru. Mapped to automatic fire extinguishing product groups, broader fire systems need business confirmation."
spetsavtomatika-biysk,Спецавтоматика,https://sa-biysk.ru/,assets/img/logos/vendors/spetsavtomatika-biysk.png,https://sa-biysk.ru/upload/library/logo2023.png,engineering-equipment,Инженерное оборудование,fire,Пожарная безопасность,automatic-fire-alarm,АПС,automatic-gas-fire-extinguishing,Установки автоматического газового пожаротушения,Инженерное оборудование,Пожарная безопасность,АПС,Автоматическое пожаротушение,true,true,false,false,published,curated_type_alias,Автоматическое пожаротушение,codex_fire_p0_vendor_fill_20260702,"Official logo from sa-biysk.ru. Mapped to automatic fire extinguishing product groups, broader fire systems need business confirmation."
chzsk,ЧЗСК,https://silicatbrick.ru/,assets/img/logos/partners/chzsk.png,https://silicatbrick.ru/images/logos/8/logo8.png,building-materials,Строительные материалы,constructive,Конструктивные решения,masonry-and-wall-materials,Стены / кладочные материалы,bricks,Кирпич,Конструктив / силикатный кирпич,Конструктив / силикатный кирпич,Конструктив / силикатный кирпич,Конструктив / силикатный кирпич,true,true,false,false,published,curated_vendor_slug,chzsk,partner_catalog_backfill_20260702,"Backfilled from confirmed partner source for catalog vendor coverage, official site/logo already tracked in partners data."
elakor,Элакор,https://www.teohim.ru/,assets/img/logos/vendors/elakor.png,https://www.teohim.ru/cssjs/astyle_025_00.css#dlogoimg,building-materials,Строительные материалы,constructive,Конструктивные решения,concrete-structures,Бетонные конструкции,toppingovyy-betonnyy-pol,Топпинговый бетонный пол,Конструктивные решения,Бетонные конструкции,Топпинговый бетонный пол,Топпинговый бетонный пол,true,true,false,false,published,curated_vendor_slug,elakor,official_p2_remaining_groups_20260706,"Official TeoHim/Elakor site title identifies industrial and concrete floors, page contains topping materials, logo extracted from official CSS data URI."
komitex,Комитекс,https://www.komitex.ru/,assets/img/logos/vendors/komitex.png,https://www.komitex.ru/well/templates/ve01/pics/sprite.png#logo,building-materials,Строительные материалы,constructive,Конструктивные решения,geosynthetic-materials,Геосинтетические материалы,geotekstil,Геотекстиль,Конструктивные решения,Геосинтетические материалы,Геотекстиль,Геотекстиль,true,true,false,false,published,curated_vendor_slug,komitex,official_p2_remaining_groups_20260706,"Official site title identifies Komitex as producer of nonwoven materials and synthetic fibers, white official logo cropped from official sprite, visual check required on white cards."
bereznik,Березник,https://bereznik.com,assets/img/logos/vendors/import-20260630/bereznik.svg,https://bereznik.com/build/assets/logo-footer-NtiaFQl_.svg,building-materials,Строительные материалы,constructive,Конструктивные решения,wood-based-panel-materials,Древесно-плитные материалы,plywood,Фанера,Конструктивные решения,Древесно-плитные материалы,Древесно-плитные материалы,Фанера,true,true,false,false,published,curated_type_alias,Фанера,supplier_import_20260630_official_site,"Prepared from supplier table. Sheet: Фанера, row 10. Logo source: official site."
vyatskiy-fk,Вятский ФК,https://segezha-group.com,assets/img/logos/vendors/import-20260630/vyatskiy-fk.svg,https://segezha-group.com/local/templates/segezha/assets/img/components/main-navbar/logo-color.svg,building-materials,Строительные материалы,constructive,Конструктивные решения,wood-based-panel-materials,Древесно-плитные материалы,plywood,Фанера,Конструктивные решения,Древесно-плитные материалы,Древесно-плитные материалы,Фанера,true,true,false,false,published,curated_type_alias,Фанера,supplier_import_20260630_official_site,"Prepared from supplier table. Sheet: Фанера, row 26. Logo source: official site."
galichskiy-fk,Галичский ФК,https://segezha-group.com,assets/img/logos/vendors/import-20260630/galichskiy-fk.svg,https://segezha-group.com/local/templates/segezha/assets/img/components/main-navbar/logo-color.svg,building-materials,Строительные материалы,constructive,Конструктивные решения,wood-based-panel-materials,Древесно-плитные материалы,plywood,Фанера,Конструктивные решения,Древесно-плитные материалы,Древесно-плитные материалы,Фанера,true,true,false,false,published,curated_type_alias,Фанера,supplier_import_20260630_official_site,"Prepared from supplier table. Sheet: Фанера, row 27. Logo source: official site."
gomeldrev,Гомельдрев,https://gomeldrev.by,assets/img/logos/vendors/import-20260630/gomeldrev.png,https://gomeldrev.by/wp-content/uploads/2017/08/logo41.png,building-materials,Строительные материалы,constructive,Конструктивные решения,wood-based-panel-materials,Древесно-плитные материалы,plywood,Фанера,Конструктивные решения,Древесно-плитные материалы,Древесно-плитные материалы,Фанера,true,true,false,false,published,curated_type_alias,Фанера,supplier_import_20260630_official_site,"Prepared from supplier table. Sheet: Фанера, row 107. Logo source: official site."
dk-zhunda,ДК Жуньда,https://vsp-komplekt96.ru,assets/img/logos/vendors/import-20260630/dk-zhunda.png,https://vsp-komplekt96.ru/img/logo.png,building-materials,Строительные материалы,constructive,Конструктивные решения,wood-based-panel-materials,Древесно-плитные материалы,plywood,Фанера,Конструктивные решения,Древесно-плитные материалы,Древесно-плитные материалы,Фанера,true,true,false,false,published,curated_type_alias,Фанера,supplier_import_20260630_official_site,"Prepared from supplier table. Sheet: Фанера, row 51. Logo source: official site."
demidovskiy-fk,Демидовский ФК,https://demidovo.ru,assets/img/logos/vendors/import-20260630/demidovskiy-fk.gif,https://demidovo.ru/i/header-logo.gif,building-materials,Строительные материалы,constructive,Конструктивные решения,wood-based-panel-materials,Древесно-плитные материалы,plywood,Фанера,Конструктивные решения,Древесно-плитные материалы,Древесно-плитные материалы,Фанера,true,true,false,false,published,curated_type_alias,Фанера,supplier_import_20260630_official_site,"Prepared from supplier table. Sheet: Фанера, row 32. Logo source: official site."
ilim-timber,Илим Тимбер,https://ilimtimber.com,assets/img/logos/vendors/import-20260630/ilim-timber.svg,https://ilimtimber.eu/wp-content/uploads/2024/04/itd-logo.svg,building-materials,Строительные материалы,constructive,Конструктивные решения,wood-based-panel-materials,Древесно-плитные материалы,plywood,Фанера,Конструктивные решения,Древесно-плитные материалы,Древесно-плитные материалы,Фанера,true,true,false,false,published,curated_type_alias,Фанера,supplier_import_20260630_official_site,"Prepared from supplier table. Sheet: Фанера, row 55. Logo source: official site."
investforest,ИнвестФорэст,https://if12.ru,assets/img/logos/vendors/import-20260630/investforest.png,https://if12.ru/images/logo2.png,building-materials,Строительные материалы,constructive,Конструктивные решения,wood-based-panel-materials,Древесно-плитные материалы,plywood,Фанера,Конструктивные решения,Древесно-плитные материалы,Древесно-плитные материалы,Фанера,true,true,false,false,published,curated_type_alias,Фанера,supplier_import_20260630_official_site,"Prepared from supplier table. Sheet: Фанера, row 56. Logo source: official site."
krasfan,Красфан,https://segezha-group.com,assets/img/logos/vendors/import-20260630/krasfan.svg,https://segezha-group.com/local/templates/segezha/assets/img/components/main-navbar/logo-color.svg,building-materials,Строительные материалы,constructive,Конструктивные решения,wood-based-panel-materials,Древесно-плитные материалы,plywood,Фанера,Конструктивные решения,Древесно-плитные материалы,Древесно-плитные материалы,Фанера,true,true,false,false,published,curated_type_alias,Фанера,supplier_import_20260630_official_site,"Prepared from supplier table. Sheet: Фанера, row 19. Logo source: official site."
kronospan,Кроноспан,https://ultradecor.com,assets/img/logos/vendors/import-20260630/kronospan.webp,https://ultradecor.com/wp-content/smush-webp/logo.png.webp,building-materials,Строительные материалы,constructive,Конструктивные решения,wood-based-panel-materials,Древесно-плитные материалы,plywood,Фанера,Конструктивные решения,Древесно-плитные материалы,Древесно-плитные материалы,Фанера,true,true,false,false,published,curated_type_alias,Фанера,supplier_import_20260630_official_site,"Prepared from supplier table. Sheet: Фанера, row 4. Logo source: official site."
lk-sinergiya,ЛК Синергия,https://snerg.ru,assets/img/logos/vendors/import-20260630/lk-sinergiya.png,https://snerg.ru/local/templates/snerg/img/logo.png,building-materials,Строительные материалы,constructive,Конструктивные решения,wood-based-panel-materials,Древесно-плитные материалы,plywood,Фанера,Конструктивные решения,Древесно-плитные материалы,Древесно-плитные материалы,Фанера,true,true,false,false,published,curated_type_alias,Фанера,supplier_import_20260630_official_site,Official header PNG selected instead of footer SVG for readable white-card rendering.
les-horoshiy,Лес Хороший,https://les71.ru,assets/img/logos/vendors/import-20260630/les-horoshiy.png,http://les71.ru/images/i7logo.png,building-materials,Строительные материалы,constructive,Конструктивные решения,wood-based-panel-materials,Древесно-плитные материалы,plywood,Фанера,Конструктивные решения,Древесно-плитные материалы,Древесно-плитные материалы,Фанера,true,true,false,false,published,curated_type_alias,Фанера,supplier_import_20260630_official_site,"Prepared from supplier table. Sheet: Фанера, row 72. Logo source: official site."
mostodrev,Мостодрев,https://mostovdrev.by,assets/img/logos/vendors/import-20260630/mostodrev.svg,https://mostovdrev.by/images/logo.svg,building-materials,Строительные материалы,constructive,Конструктивные решения,wood-based-panel-materials,Древесно-плитные материалы,plywood,Фанера,Конструктивные решения,Древесно-плитные материалы,Древесно-плитные материалы,Фанера,true,true,false,false,published,curated_type_alias,Фанера,supplier_import_20260630_official_site,"Prepared from supplier table. Sheet: Фанера, row 103. Logo source: official site."
nalidovskiy-dok,Налидовский ДОК,https://neldok.ru,assets/img/logos/vendors/import-20260630/nalidovskiy-dok.gif,https://neldok.ru/logoZN.gif,building-materials,Строительные материалы,constructive,Конструктивные решения,wood-based-panel-materials,Древесно-плитные материалы,plywood,Фанера,Конструктивные решения,Древесно-плитные материалы,Древесно-плитные материалы,Фанера,true,true,false,false,published,curated_type_alias,Фанера,supplier_import_20260630_official_site,"Prepared from supplier table. Sheet: Фанера, row 20. Logo source: official site."
nikolskiy-dok,Никольский ДОК,https://nikdok.ru,assets/img/logos/vendors/import-20260630/nikolskiy-dok.svg,https://nikdok.ru/wp-content/themes/nikdok/img/logo.svg,building-materials,Строительные материалы,constructive,Конструктивные решения,wood-based-panel-materials,Древесно-плитные материалы,plywood,Фанера,Конструктивные решения,Древесно-плитные материалы,Древесно-плитные материалы,Фанера,true,true,false,false,published,curated_type_alias,Фанера,supplier_import_20260630_official_site,"Prepared from supplier table. Sheet: Фанера, row 73. Logo source: official site."
novovyatskiy-lk,Нововятский ЛК,https://nlk.ru,assets/img/logos/vendors/import-20260630/novovyatskiy-lk.png,https://nlk.ru/images/mainLogo.png,building-materials,Строительные материалы,constructive,Конструктивные решения,wood-based-panel-materials,Древесно-плитные материалы,plywood,Фанера,Конструктивные решения,Древесно-плитные материалы,Древесно-плитные материалы,Фанера,true,true,false,false,published,curated_type_alias,Фанера,supplier_import_20260630_official_site,"Prepared from supplier table. Sheet: Фанера, row 74. Logo source: official site."
novyy-resurs,Новый ресурс,https://fanerakovrov.ru,assets/img/logos/vendors/import-20260630/novyy-resurs.png,https://fanerakovrov.ru/image/logo.png,building-materials,Строительные материалы,constructive,Конструктивные решения,wood-based-panel-materials,Древесно-плитные материалы,plywood,Фанера,Конструктивные решения,Древесно-плитные материалы,Древесно-плитные материалы,Фанера,true,true,false,false,published,curated_type_alias,Фанера,supplier_import_20260630_official_site,"Prepared from supplier table. Sheet: Фанера, row 34. Logo source: official site."
nordplit,Нордплит,https://rosplit.ru,assets/img/logos/vendors/import-20260630/nordplit.png,http://rosplit.ru/img/main_logo.png,building-materials,Строительные материалы,constructive,Конструктивные решения,wood-based-panel-materials,Древесно-плитные материалы,plywood,Фанера,Конструктивные решения,Древесно-плитные материалы,Древесно-плитные материалы,Фанера,true,true,false,false,published,curated_type_alias,Фанера,supplier_import_20260630_official_site,"Prepared from supplier table. Sheet: Фанера, row 76. Logo source: official site."
ooo-kami-grupp,"ООО ""КАМИ-ГРУПП""",https://stanki.ru,assets/img/logos/vendors/import-20260630/ooo-kami-grupp.svg,https://www.stanki.ru/bitrix/templates/2023/images/logo.svg,building-materials,Строительные материалы,constructive,Конструктивные решения,wood-based-panel-materials,Древесно-плитные материалы,cement-bonded-particle-board,ЦСП,Конструктивные решения,Древесно-плитные материалы,Древесно-плитные материалы,завод ЦСП,true,true,false,false,published,curated_type_alias,завод ЦСП,supplier_import_20260630_official_site,"Prepared from supplier table. Sheet: завод ЦСП, row 2. Logo source: official site."
ooo-ferroni,"ООО ""Феррони""",https://ferroni-doors.ru,assets/img/logos/vendors/import-20260630/ooo-ferroni.svg,https://ferroni-doors.ru/assets/images/logo.svg,building-materials,Строительные материалы,architecture,Архитектурные решения,windows-doors-glazing,"Окна, витражи, двери",dveri,Двери,Конструктивные решения,Древесно-плитные материалы,Древесно-плитные материалы,Мосбилд 2024,true,true,false,false,published,curated_vendor_slug,ooo-ferroni,supplier_import_20260630_official_site,"Prepared from supplier table. Sheet: Мосбилд 2024, row 72. Logo source: official site."
ooo-ferroni,"ООО ""Феррони""",https://ferroni-doors.ru,assets/img/logos/vendors/import-20260630/ooo-ferroni.svg,https://ferroni-doors.ru/assets/images/logo.svg,building-materials,Строительные материалы,architecture,Архитектурные решения,windows-doors-glazing,"Окна, витражи, двери",steel-and-fire-doors,Двери стальные и противопожарные,Конструктивные решения,Древесно-плитные материалы,Древесно-плитные материалы,Мосбилд 2024,true,true,false,false,published,curated_vendor_slug,ooo-ferroni,supplier_import_20260630_official_site,"Prepared from supplier table. Sheet: Мосбилд 2024, row 72. Logo source: official site."
peshelan,Пешелань,https://pgz-dekor.ru,assets/img/logos/vendors/import-20260630/peshelan.svg,https://www.pgz-dekor.ru/local/templates/pgz/img/i-logo.svg,building-materials,Строительные материалы,constructive,Конструктивные решения,wood-based-panel-materials,Древесно-плитные материалы,plywood,Фанера,Конструктивные решения,Древесно-плитные материалы,Древесно-плитные материалы,Древесно плитные,true,true,false,false,published,curated_type_alias,Древесно плитные,supplier_import_20260630_official_site,"Prepared from supplier table. Sheet: Древесно плитные , row 9. Logo source: official site."
peshelan,Пешелань,https://pgz-dekor.ru,assets/img/logos/vendors/import-20260630/peshelan.svg,https://www.pgz-dekor.ru/local/templates/pgz/img/i-logo.svg,building-materials,Строительные материалы,constructive,Конструктивные решения,wood-based-panel-materials,Древесно-плитные материалы,cement-bonded-particle-board,ЦСП,Конструктивные решения,Древесно-плитные материалы,Древесно-плитные материалы,Древесно плитные,true,true,false,false,published,curated_type_alias,Древесно плитные,supplier_import_20260630_official_site,"Prepared from supplier table. Sheet: Древесно плитные , row 9. Logo source: official site."
peshelan,Пешелань,https://pgz-dekor.ru,assets/img/logos/vendors/import-20260630/peshelan.svg,https://www.pgz-dekor.ru/local/templates/pgz/img/i-logo.svg,building-materials,Строительные материалы,constructive,Конструктивные решения,wood-based-panel-materials,Древесно-плитные материалы,dvp-fiberboard,ДВП,Конструктивные решения,Древесно-плитные материалы,Древесно-плитные материалы,Древесно плитные,true,true,false,false,published,curated_type_alias,Древесно плитные,supplier_import_20260630_official_site,"Prepared from supplier table. Sheet: Древесно плитные , row 9. Logo source: official site."
peshelan,Пешелань,https://pgz-dekor.ru,assets/img/logos/vendors/import-20260630/peshelan.svg,https://www.pgz-dekor.ru/local/templates/pgz/img/i-logo.svg,building-materials,Строительные материалы,constructive,Конструктивные решения,wood-based-panel-materials,Древесно-плитные материалы,osb,ОСБ,Конструктивные решения,Древесно-плитные материалы,Древесно-плитные материалы,Древесно плитные,true,true,false,false,published,curated_type_alias,Древесно плитные,supplier_import_20260630_official_site,"Prepared from supplier table. Sheet: Древесно плитные , row 9. Logo source: official site."
peshelan,Пешелань,https://pgz-dekor.ru,assets/img/logos/vendors/import-20260630/peshelan.svg,https://www.pgz-dekor.ru/local/templates/pgz/img/i-logo.svg,building-materials,Строительные материалы,constructive,Конструктивные решения,wood-based-panel-materials,Древесно-плитные материалы,mdf,МДФ,Конструктивные решения,Древесно-плитные материалы,Древесно-плитные материалы,Древесно плитные,true,true,false,false,published,curated_type_alias,Древесно плитные,supplier_import_20260630_official_site,"Prepared from supplier table. Sheet: Древесно плитные , row 9. Logo source: official site."
peshelan,Пешелань,https://pgz-dekor.ru,assets/img/logos/vendors/import-20260630/peshelan.svg,https://www.pgz-dekor.ru/local/templates/pgz/img/i-logo.svg,building-materials,Строительные материалы,constructive,Конструктивные решения,wood-based-panel-materials,Древесно-плитные материалы,hdf,ХДФ,Конструктивные решения,Древесно-плитные материалы,Древесно-плитные материалы,Древесно плитные,true,true,false,false,published,curated_type_alias,Древесно плитные,supplier_import_20260630_official_site,"Prepared from supplier table. Sheet: Древесно плитные , row 9. Logo source: official site."
peshelan,Пешелань,https://pgz-dekor.ru,assets/img/logos/vendors/import-20260630/peshelan.svg,https://www.pgz-dekor.ru/local/templates/pgz/img/i-logo.svg,building-materials,Строительные материалы,constructive,Конструктивные решения,wood-based-panel-materials,Древесно-плитные материалы,chipboard-dsp,ДСП,Конструктивные решения,Древесно-плитные материалы,Древесно-плитные материалы,Древесно плитные,true,true,false,false,published,curated_type_alias,Древесно плитные,supplier_import_20260630_official_site,"Prepared from supplier table. Sheet: Древесно плитные , row 9. Logo source: official site."
peshelan,Пешелань,https://pgz-dekor.ru,assets/img/logos/vendors/import-20260630/peshelan.svg,https://www.pgz-dekor.ru/local/templates/pgz/img/i-logo.svg,building-materials,Строительные материалы,constructive,Конструктивные решения,wood-based-panel-materials,Древесно-плитные материалы,laminated-chipboard-ldsp,ЛДСП,Конструктивные решения,Древесно-плитные материалы,Древесно-плитные материалы,Древесно плитные,true,true,false,false,published,curated_type_alias,Древесно плитные,supplier_import_20260630_official_site,"Prepared from supplier table. Sheet: Древесно плитные , row 9. Logo source: official site."
peshelan,Пешелань,https://pgz-dekor.ru,assets/img/logos/vendors/import-20260630/peshelan.svg,https://www.pgz-dekor.ru/local/templates/pgz/img/i-logo.svg,building-materials,Строительные материалы,constructive,Конструктивные решения,wood-based-panel-materials,Древесно-плитные материалы,acpl,АЦПЛ,Конструктивные решения,Древесно-плитные материалы,Древесно-плитные материалы,Древесно плитные,true,true,false,false,published,curated_type_alias,Древесно плитные,supplier_import_20260630_official_site,"Prepared from supplier table. Sheet: Древесно плитные , row 9. Logo source: official site."
peshelan,Пешелань,https://pgz-dekor.ru,assets/img/logos/vendors/import-20260630/peshelan.svg,https://www.pgz-dekor.ru/local/templates/pgz/img/i-logo.svg,building-materials,Строительные материалы,constructive,Конструктивные решения,wood-based-panel-materials,Древесно-плитные материалы,vdsp-sh,ВДСПШ,Конструктивные решения,Древесно-плитные материалы,Древесно-плитные материалы,Древесно плитные,true,true,false,false,published,curated_type_alias,Древесно плитные,supplier_import_20260630_official_site,"Prepared from supplier table. Sheet: Древесно плитные , row 9. Logo source: official site."
peshelan,Пешелань,https://pgz-dekor.ru,assets/img/logos/vendors/import-20260630/peshelan.svg,https://www.pgz-dekor.ru/local/templates/pgz/img/i-logo.svg,building-materials,Строительные материалы,constructive,Конструктивные решения,wood-based-panel-materials,Древесно-плитные материалы,gsp,ГСП,Конструктивные решения,Древесно-плитные материалы,Древесно-плитные материалы,Древесно плитные,true,true,false,false,published,curated_type_alias,Древесно плитные,supplier_import_20260630_official_site,"Prepared from supplier table. Sheet: Древесно плитные , row 9. Logo source: official site."
peshelan,Пешелань,https://pgz-dekor.ru,assets/img/logos/vendors/import-20260630/peshelan.svg,https://www.pgz-dekor.ru/local/templates/pgz/img/i-logo.svg,building-materials,Строительные материалы,constructive,Конструктивные решения,wood-based-panel-materials,Древесно-плитные материалы,lvl,ЛВЛ,Конструктивные решения,Древесно-плитные материалы,Древесно-плитные материалы,Древесно плитные,true,true,false,false,published,curated_type_alias,Древесно плитные,supplier_import_20260630_official_site,"Prepared from supplier table. Sheet: Древесно плитные , row 9. Logo source: official site."
peshelan,Пешелань,https://pgz-dekor.ru,assets/img/logos/vendors/import-20260630/peshelan.svg,https://www.pgz-dekor.ru/local/templates/pgz/img/i-logo.svg,building-materials,Строительные материалы,constructive,Конструктивные решения,wood-based-panel-materials,Древесно-плитные материалы,mdvp-soft-fiberboard,МДВП,Конструктивные решения,Древесно-плитные материалы,Древесно-плитные материалы,Древесно плитные,true,true,false,false,published,curated_type_alias,Древесно плитные,supplier_import_20260630_official_site,"Prepared from supplier table. Sheet: Древесно плитные , row 9. Logo source: official site."
peshelan,Пешелань,https://pgz-dekor.ru,assets/img/logos/vendors/import-20260630/peshelan.svg,https://www.pgz-dekor.ru/local/templates/pgz/img/i-logo.svg,building-materials,Строительные материалы,constructive,Конструктивные решения,wood-based-panel-materials,Древесно-плитные материалы,fibrolite-boards,Фибролитовые плиты,Конструктивные решения,Древесно-плитные материалы,Древесно-плитные материалы,Древесно плитные,true,true,false,false,published,curated_type_alias,Древесно плитные,supplier_import_20260630_official_site,"Prepared from supplier table. Sheet: Древесно плитные , row 9. Logo source: official site."
sveza-manutrovo,Свеза_Манутрово,https://sveza.com,assets/img/logos/vendors/import-20260630/sveza-manutrovo.svg,https://sveza.com/local/templates/sveza/html/build/assets/img/logo_en.svg,building-materials,Строительные материалы,constructive,Конструктивные решения,wood-based-panel-materials,Древесно-плитные материалы,plywood,Фанера,Конструктивные решения,Древесно-плитные материалы,Древесно-плитные материалы,Фанера,true,true,false,false,published,curated_type_alias,Фанера,supplier_import_20260630_official_site,"Prepared from supplier table. Sheet: Фанера, row 80. Logo source: official site."
smolenskiy-dok,Смоленский ДОК,https://smoldok.ru,assets/img/logos/vendors/import-20260630/smolenskiy-dok.png,http://smoldok.ru/files/315/logo1.png,building-materials,Строительные материалы,constructive,Конструктивные решения,wood-based-panel-materials,Древесно-плитные материалы,plywood,Фанера,Конструктивные решения,Древесно-плитные материалы,Древесно-плитные материалы,Фанера,true,true,false,false,published,curated_type_alias,Фанера,supplier_import_20260630_official_site,"Prepared from supplier table. Sheet: Фанера, row 14. Logo source: official site."
starvud,Старвуд,https://starwoodnn.com,assets/img/logos/vendors/import-20260630/starvud.png,https://starwoodnn.com/wp-content/themes/starwoodnn/images/logo.png,building-materials,Строительные материалы,constructive,Конструктивные решения,wood-based-panel-materials,Древесно-плитные материалы,plywood,Фанера,Конструктивные решения,Древесно-плитные материалы,Древесно-плитные материалы,Фанера,true,true,false,false,published,curated_type_alias,Фанера,supplier_import_20260630_official_site,"Prepared from supplier table. Sheet: Фанера, row 37. Logo source: official site."
syktyvkar-fk,Сыктывкар ФК,https://syply.ru,assets/img/logos/vendors/import-20260630/syktyvkar-fk.svg,https://www.syply.com/netcat_template/images/logo_syply.svg,building-materials,Строительные материалы,constructive,Конструктивные решения,wood-based-panel-materials,Древесно-плитные материалы,plywood,Фанера,Конструктивные решения,Древесно-плитные материалы,Древесно-плитные материалы,Фанера,true,true,false,false,published,curated_type_alias,Фанера,supplier_import_20260630_official_site,"Prepared from supplier table. Sheet: Фанера, row 70. Logo source: official site."
uralskiy-zavod-osb,Уральский завод ОСБ,https://uralosb.ru,assets/img/logos/vendors/import-20260630/uralskiy-zavod-osb.png,https://uralosb.ru/assets/static/img/logo-1.png,building-materials,Строительные материалы,constructive,Конструктивные решения,wood-based-panel-materials,Древесно-плитные материалы,osb,ОСБ,Конструктивные решения,Древесно-плитные материалы,Древесно-плитные материалы,ОСБ,true,true,false,false,published,curated_type_alias,ОСБ,supplier_import_20260630_official_site,"Prepared from supplier table. Sheet: ОСБ , row 6. Logo source: official site."
fanprom,Фанпром,https://starwoodnn.com,assets/img/logos/vendors/import-20260630/fanprom.png,https://starwoodnn.com/wp-content/themes/starwoodnn/images/logo.png,building-materials,Строительные материалы,constructive,Конструктивные решения,wood-based-panel-materials,Древесно-плитные материалы,plywood,Фанера,Конструктивные решения,Древесно-плитные материалы,Древесно-плитные материалы,Фанера,true,true,false,false,published,curated_type_alias,Фанера,supplier_import_20260630_official_site,"Prepared from supplier table. Sheet: Фанера, row 95. Logo source: official site."
holm-zhirkovskiy,Холм-Жирковский,https://smolenskfanera.ru,assets/img/logos/vendors/import-20260630/holm-zhirkovskiy.png,http://smolenskfanera.ru/files/110/logotip.png,building-materials,Строительные материалы,constructive,Конструктивные решения,wood-based-panel-materials,Древесно-плитные материалы,plywood,Фанера,Конструктивные решения,Древесно-плитные материалы,Древесно-плитные материалы,Фанера,true,true,false,false,published,curated_type_alias,Фанера,supplier_import_20260630_official_site,"Prepared from supplier table. Sheet: Фанера, row 8. Logo source: official site."
chfmk,ЧФМК,https://cfmk.ru,assets/img/logos/vendors/import-20260630/chfmk.png,https://www.cfmk.ru/wp-content/uploads/2019/08/Logo_green_color.png,building-materials,Строительные материалы,constructive,Конструктивные решения,wood-based-panel-materials,Древесно-плитные материалы,plywood,Фанера,Конструктивные решения,Древесно-плитные материалы,Древесно-плитные материалы,Фанера,true,true,false,false,published,curated_type_alias,Фанера,supplier_import_20260630_official_site,"Prepared from supplier table. Sheet: Фанера, row 25. Logo source: official site."
nnk,ННК,https://nnk.ru/,assets/img/logos/vendors/nnk.svg,https://nnk.ru/js/common.js#logo,building-materials,Строительные материалы,constructive,Конструктивные решения,inertnye-i-sypuchie-materialy,Инертные и сыпучие материалы,scheben,Щебень,Конструктивные решения,Инертные и сыпучие материалы,Щебень,Щебень,true,true,false,false,published,curated_vendor_slug,nnk,official_p2_remaining_groups_20260706,"Official NNK site uses an inline SVG symbol logo in its JS bundle, supplier/product relation to crushed stone was checked from the official site menu/source and remains medium confidence until procurement confirms exact plants."
cybersteel,Cybersteel,https://cybersteel.com,assets/img/logos/vendors/import-20260630/cybersteel.svg,https://cybersteel.com/safari-pinned-tab.svg,building-materials,Строительные материалы,constructive,Конструктивные решения,concrete-structures,Бетонные конструкции,metal,Металл,Конструктивные решения,Конструктивные решения,Конструктивные решения,Металл,true,true,false,false,published,curated_type_alias,Металл,supplier_import_20260630_official_site,"Prepared from supplier table. Sheet: Металл, row 88. Logo source: official site."
instkult,INSTKULT,https://istkult.ru,assets/img/logos/vendors/import-20260630/instkult.png,https://istkult.ru/include/logotype.png,building-materials,Строительные материалы,constructive,Конструктивные решения,masonry-and-wall-materials,Стены / кладочные материалы,blocks,Блоки,Конструктивные решения,Конструктивные решения,Конструктивные решения,Блоки,true,true,false,false,published,curated_type_alias,Блоки,supplier_import_20260630_official_site,"Official logotype PNG, supplier table row contained contacts URL in the company name, normalized to brand name."
marcegaglia,Marcegaglia,https://marcegaglia.com,assets/img/logos/vendors/import-20260630/marcegaglia.png,https://www.marcegaglia.com/officialwebsite/wp-content/uploads/2022/04/Marcegaglia-logo-partner-acciaio-steel.png,building-materials,Строительные материалы,constructive,Конструктивные решения,concrete-structures,Бетонные конструкции,metal,Металл,Конструктивные решения,Конструктивные решения,Конструктивные решения,Металл,true,true,false,false,published,curated_type_alias,Металл,supplier_import_20260630_official_site,"Prepared from supplier table. Sheet: Металл, row 117. Logo source: official site."
alfateks-ooo,АЛЬФАТЕКС ООО,https://alfa-teks.ru,assets/img/logos/vendors/import-20260630/alfateks-ooo.png,https://alfa-teks.ru/upload/iblock/905/56xkjlt1cs2uo2gup2k3mzr7dz1tf5p1.png,building-materials,Строительные материалы,constructive,Конструктивные решения,masonry-and-wall-materials,Стены / кладочные материалы,blocks,Блоки,Конструктивные решения,Конструктивные решения,Конструктивные решения,Блоки,true,true,false,false,published,curated_type_alias,Блоки,supplier_import_20260630_official_site,"Prepared from supplier table. Sheet: Блоки , row 5. Logo source: official site."
ant-inzhiniring-ooo,АНТ-ИНЖИНИРИНГ ООО,https://ant-prom.ru,assets/img/logos/vendors/import-20260630/ant-inzhiniring-ooo.png,https://ant-prom.ru/uploads/1756041854666-logo-dark-1-.png,building-materials,Строительные материалы,constructive,Конструктивные решения,concrete-structures,Бетонные конструкции,metal,Металл,Конструктивные решения,Конструктивные решения,Конструктивные решения,металлоконструкции и изделия,true,true,false,false,published,curated_type_alias,металлоконструкции и изделия,supplier_import_20260630_official_site,"Prepared from supplier table. Sheet: металлоконструкции и изделия , row 18. Logo source: official site."
ao-alyuminiy-metallurg-rus,"АО ""Алюминий Металлург Рус""",https://amrbk.ru,assets/img/logos/vendors/import-20260630/ao-alyuminiy-metallurg-rus.png,https://amrbk.ru/bitrix/templates/AMR/theme/images/logo-black.png,building-materials,Строительные материалы,constructive,Конструктивные решения,concrete-structures,Бетонные конструкции,metal,Металл,Конструктивные решения,Конструктивные решения,Конструктивные решения,Металл,true,true,false,false,published,curated_type_alias,Металл,supplier_import_20260630_official_site,"Prepared from supplier table. Sheet: Металл, row 119. Logo source: official site."
ao-zavod-promstroydetaley,"АО ""Завод промстройдеталей""",https://zavodpsd.ru,assets/img/logos/vendors/import-20260630/ao-zavod-promstroydetaley.png,https://zavodpsd.ru/bitrix/templates/zspd/img/logo_new.png,building-materials,Строительные материалы,constructive,Конструктивные решения,fundamenty-i-svai,Фундаменты и сваи,svai,Сваи,Конструктивные решения,Конструктивные решения,Конструктивные решения,СВаи,true,true,false,false,published,curated_type_alias,СВаи,supplier_import_20260630_official_site,"Prepared from supplier table. Sheet: СВаи , row 5. Logo source: official site."
ashinskiy-metallugricheskiy-zavod,Ашинский металлугрический завод,https://amet.ru,assets/img/logos/vendors/import-20260630/ashinskiy-metallugricheskiy-zavod.png,https://amet.ru/bitrix/templates/amet/img/logo.png,building-materials,Строительные материалы,constructive,Конструктивные решения,concrete-structures,Бетонные конструкции,metal,Металл,Конструктивные решения,Конструктивные решения,Конструктивные решения,Металл,true,true,false,false,published,curated_type_alias,Металл,supplier_import_20260630_official_site,"Prepared from supplier table. Sheet: Металл, row 81. Logo source: official site."
belkeramik-g-belgorod,"Белкерамик, г. Белгород",https://bel-keram.ru,assets/img/logos/vendors/import-20260630/belkeramik-g-belgorod.png,https://bel-keram.ru/logo.png,building-materials,Строительные материалы,constructive,Конструктивные решения,masonry-and-wall-materials,Стены / кладочные материалы,bricks,Кирпич,Конструктивные решения,Конструктивные решения,Конструктивные решения,Кирпич,true,true,false,false,published,curated_type_alias,Кирпич,supplier_import_20260630_official_site,"Prepared from supplier table. Sheet: Кирпич , row 53. Logo source: official site."
gk-monolit-servis-proizvodstvo-zhbi,ГК Монолит Сервис - Производство ЖБИ,https://pkf-st.ru,assets/img/logos/vendors/import-20260630/gk-monolit-servis-proizvodstvo-zhbi.png,https://pkf-st.ru/t/v2056/images/logo.png,building-materials,Строительные материалы,constructive,Конструктивные решения,fundamenty-i-svai,Фундаменты и сваи,svai,Сваи,Конструктивные решения,Конструктивные решения,Конструктивные решения,СВаи,true,true,false,false,published,curated_type_alias,СВаи,supplier_import_20260630_official_site,"Prepared from supplier table. Sheet: СВаи , row 6. Logo source: official site."
glavtehkonstruktsiya,ГЛАВТЕХКОНСТРУКЦИЯ,https://glavtk.ru,assets/img/logos/vendors/import-20260630/glavtehkonstruktsiya.svg,https://glavtk.ru/img/logo-header.svg,building-materials,Строительные материалы,constructive,Конструктивные решения,concrete-structures,Бетонные конструкции,metal,Металл,Конструктивные решения,Конструктивные решения,Конструктивные решения,Металл,true,true,false,false,published,curated_type_alias,Металл,supplier_import_20260630_official_site,"Prepared from supplier table. Sheet: Металл, row 166. Logo source: official site."
dmitrovskiy-zavod-stroitelnoy-opalubki,Дмитровский Завод Строительной Опалубки,https://dzsl.ru,assets/img/logos/vendors/import-20260630/dmitrovskiy-zavod-stroitelnoy-opalubki.png,https://dzsl.ru/images/logo-h170.png,building-materials,Строительные материалы,constructive,Конструктивные решения,concrete-structures,Бетонные конструкции,formwork,Опалубка,Конструктивные решения,Конструктивные решения,Конструктивные решения,Опалубка Балка,true,true,false,false,published,curated_type_alias,Опалубка Балка,supplier_import_20260630_official_site,"Prepared from supplier table. Sheet: Опалубка Балка, row 53. Logo source: official site."
zavod-dorozhnyh-konstruktsiy-solamir,Завод Дорожных Конструкций «Соламир»,https://solamir.ru,assets/img/logos/vendors/import-20260630/zavod-dorozhnyh-konstruktsiy-solamir.png,https://solamir.ru/templates/at_services/images/presets/preset1/logo.png,building-materials,Строительные материалы,constructive,Конструктивные решения,metall,Металл,zakladnye-detali,Закладные детали,Конструктивные решения,Конструктивные решения,Конструктивные решения,металлоконструкции и изделия,true,true,false,false,published,curated_vendor_slug,zavod-dorozhnyh-konstruktsiy-solamir,supplier_import_20260630_official_site,"Prepared from supplier table. Sheet: металлоконструкции и изделия , row 38. Logo source: official site."
kmk-tempo-ao,КМК ТЭМПО АО,https://kmk-tempo.ru,assets/img/logos/vendors/import-20260630/kmk-tempo-ao.svg,https://kmk-tempo.ru/netcat_files/cs/KMK_TEMPO_LOGO_sin.svg?v=2,building-materials,Строительные материалы,constructive,Конструктивные решения,concrete-structures,Бетонные конструкции,metal,Металл,Конструктивные решения,Конструктивные решения,Конструктивные решения,Металл,true,true,false,false,published,curated_type_alias,Металл,supplier_import_20260630_official_site,"Prepared from supplier table. Sheet: Металл, row 2. Logo source: official site."
ksz-ao,КСЗ АО,https://silikat.ru,assets/img/logos/vendors/import-20260630/ksz-ao.png,http://www.silikat.ru/icms/templates/tmpl1/img/logo.png,building-materials,Строительные материалы,constructive,Конструктивные решения,masonry-and-wall-materials,Стены / кладочные материалы,blocks,Блоки,Конструктивные решения,Конструктивные решения,Конструктивные решения,Блоки,true,true,false,false,published,curated_type_alias,Блоки,supplier_import_20260630_official_site,"Prepared from supplier table. Sheet: Блоки , row 6. Logo source: official site."
kuzotsm,КУЗОЦМ,https://kuzocm.ru,assets/img/logos/vendors/import-20260630/kuzotsm.svg,https://kuzocm.ru/local/templates/kuzocm_new/images/logo.svg,building-materials,Строительные материалы,constructive,Конструктивные решения,concrete-structures,Бетонные конструкции,metal,Металл,Конструктивные решения,Конструктивные решения,Конструктивные решения,Металл,true,true,false,false,published,curated_type_alias,Металл,supplier_import_20260630_official_site,"Official SVG, readable site-card variant uses black lettering on white cards."
monolitkomplekt-invest,МОНОЛИТКОМПЛЕКТ-ИНВЕСТ,https://opalubka.by,assets/img/logos/vendors/import-20260630/monolitkomplekt-invest.svg,https://opalubka.by/Geoplast-Logo.svg,building-materials,Строительные материалы,constructive,Конструктивные решения,concrete-structures,Бетонные конструкции,formwork,Опалубка,Конструктивные решения,Конструктивные решения,Конструктивные решения,Опалубка Балка,true,true,false,false,published,curated_type_alias,Опалубка Балка,supplier_import_20260630_official_site,"Prepared from supplier table. Sheet: Опалубка Балка, row 63. Logo source: official site."
metall-profil,Металл Профиль,https://metallprofil.ru,assets/img/logos/vendors/import-20260630/metall-profil.svg,https://metallprofil.ru/favicon/safari-pinned-tab.svg,building-materials,Строительные материалы,architecture,Архитектурные решения,roofing-systems,Кровельные системы,krovelnye-sistemy,Кровельные системы,Конструктивные решения,Конструктивные решения,Конструктивные решения,Все для кровли,true,true,true,true,published,curated_vendor_slug,metall-profil,supplier_import_20260630_official_site,"Prepared from supplier table. Sheet: Все для кровли , row 30. Logo source: official site."
metall-profil,Металл Профиль,https://metallprofil.ru,assets/img/logos/vendors/import-20260630/metall-profil.svg,https://metallprofil.ru/favicon/safari-pinned-tab.svg,building-materials,Строительные материалы,constructive,Конструктивные решения,metall,Металл,profnastil,Профнастил,Конструктивные решения,Конструктивные решения,Конструктивные решения,Все для кровли,true,true,true,true,published,curated_vendor_slug,metall-profil,supplier_import_20260630_official_site,"Prepared from supplier table. Sheet: Все для кровли , row 30. Logo source: official site."
metstalgrupp,Метстальгрупп,https://metstal.ru,assets/img/logos/vendors/import-20260630/metstalgrupp.png,https://metstal.ru/i/logo.png,building-materials,Строительные материалы,architecture,Архитектурные решения,facades,Фасады,metallokassety,Металлокассеты,Конструктивные решения,Конструктивные решения,Конструктивные решения,МЕталлокасеты,true,true,false,false,published,curated_type_alias,МЕталлокасеты,supplier_import_20260630_official_site,"Prepared from supplier table. Sheet: МЕталлокасеты , row 5. Logo source: official site."
metchiv,Метчив,https://tdmchel.ru,assets/img/logos/vendors/import-20260630/metchiv.svg,https://tdmchel.ru/favicon.svg,building-materials,Строительные материалы,constructive,Конструктивные решения,concrete-structures,Бетонные конструкции,metal,Металл,Конструктивные решения,Конструктивные решения,Конструктивные решения,Металл,true,true,false,false,published,curated_type_alias,Металл,supplier_import_20260630_official_site,"Prepared from supplier table. Sheet: Металл, row 121. Logo source: official site."
monolit-servis,Монолит-сервис,https://pkf-st.ru,assets/img/logos/vendors/import-20260630/monolit-servis.png,https://pkf-st.ru/t/v2056/images/logo.png,building-materials,Строительные материалы,constructive,Конструктивные решения,concrete-structures,Бетонные конструкции,zhbi,ЖБИ,Конструктивные решения,Конструктивные решения,Конструктивные решения,ЖБИ,true,true,false,false,published,curated_type_alias,ЖБИ,supplier_import_20260630_official_site,"Prepared from supplier table. Sheet: ЖБИ, row 13. Logo source: official site."
nizhnetagilskiy-trubnyy-zavod-metallinvest,НИЖНЕТАГИЛЬСКИЙ ТРУБНЫЙ ЗАВОД МЕТАЛЛИНВЕСТ,https://tagil-steel.ru,assets/img/logos/vendors/import-20260630/nizhnetagilskiy-trubnyy-zavod-metallinvest.svg,https://tagil-steel.ru/local/templates/base/assets/img/logo.svg?1657984754423,building-materials,Строительные материалы,constructive,Конструктивные решения,concrete-structures,Бетонные конструкции,metal,Металл,Конструктивные решения,Конструктивные решения,Конструктивные решения,Металл,true,true,false,false,published,curated_type_alias,Металл,supplier_import_20260630_official_site,"Prepared from supplier table. Sheet: Металл, row 93. Logo source: official site."
novorossiyskiy-prokatnyy-zavod-ooo,НОВОРОССИЙСКИЙ ПРОКАТНЫЙ ЗАВОД ООО,https://ooonpz.ru,assets/img/logos/vendors/import-20260630/novorossiyskiy-prokatnyy-zavod-ooo.svg,https://ooonpz.ru/images/site/logo.svg,building-materials,Строительные материалы,constructive,Конструктивные решения,concrete-structures,Бетонные конструкции,metal,Металл,Конструктивные решения,Конструктивные решения,Конструктивные решения,Металл,true,true,false,false,published,curated_type_alias,Металл,supplier_import_20260630_official_site,"Prepared from supplier table. Sheet: Металл, row 37. Logo source: official site."
ntpz-ooo,НТПЗ ООО,https://ntpz.ru,assets/img/logos/vendors/import-20260630/ntpz-ooo.svg,https://ntpz.ru/local/templates/b2eng_new/img/header/logo.svg,building-materials,Строительные материалы,constructive,Конструктивные решения,concrete-structures,Бетонные конструкции,metal,Металл,Конструктивные решения,Конструктивные решения,Конструктивные решения,Металл,true,true,false,false,published,curated_type_alias,Металл,supplier_import_20260630_official_site,"Prepared from supplier table. Sheet: Металл, row 11. Logo source: official site."
oao-gomelzhelezobeton,"ОАО ""Гомельжелезобетон""",https://gomelbeton.by,assets/img/logos/vendors/import-20260630/oao-gomelzhelezobeton.svg,https://gomelbeton.by/wp-content/uploads/2020/06/logo.svg,building-materials,Строительные материалы,constructive,Конструктивные решения,concrete-structures,Бетонные конструкции,zhbi,ЖБИ,Конструктивные решения,Конструктивные решения,Конструктивные решения,ЖБИ,true,true,false,false,published,curated_vendor_slug,oao-gomelzhelezobeton,supplier_import_20260630_official_site,"Prepared from supplier table. Sheet: ЖБИ, row 22. Logo source: official site."
oao-gomelzhelezobeton,"ОАО ""Гомельжелезобетон""",https://gomelbeton.by,assets/img/logos/vendors/import-20260630/oao-gomelzhelezobeton.svg,https://gomelbeton.by/wp-content/uploads/2020/06/logo.svg,building-materials,Строительные материалы,constructive,Конструктивные решения,concrete-structures,Бетонные конструкции,fbs-bloki,ФБС Блоки,Конструктивные решения,Конструктивные решения,Конструктивные решения,ЖБИ,true,true,false,false,published,curated_vendor_slug,oao-gomelzhelezobeton,supplier_import_20260630_official_site,"Prepared from supplier table. Sheet: ЖБИ, row 22. Logo source: official site."
oao-gomelzhelezobeton,"ОАО ""Гомельжелезобетон""",https://gomelbeton.by,assets/img/logos/vendors/import-20260630/oao-gomelzhelezobeton.svg,https://gomelbeton.by/wp-content/uploads/2020/06/logo.svg,building-materials,Строительные материалы,constructive,Конструктивные решения,inertnye-i-vyazhuschie-materialy,Инертные и вяжущие материалы,beton,Бетон,Конструктивные решения,Конструктивные решения,Конструктивные решения,ЖБИ,true,true,false,false,published,curated_vendor_slug,oao-gomelzhelezobeton,supplier_import_20260630_official_site,"Prepared from supplier table. Sheet: ЖБИ, row 22. Logo source: official site."
oao-gomelzhelezobeton,"ОАО ""Гомельжелезобетон""",https://gomelbeton.by,assets/img/logos/vendors/import-20260630/oao-gomelzhelezobeton.svg,https://gomelbeton.by/wp-content/uploads/2020/06/logo.svg,building-materials,Строительные материалы,landscaping-and-site-improvement,Благоустройство и озеленение,dorozhnye-plity,Дорожные плиты,pag,ПАГ,Конструктивные решения,Конструктивные решения,Конструктивные решения,ЖБИ,true,true,false,false,published,curated_vendor_slug,oao-gomelzhelezobeton,supplier_import_20260630_official_site,"Prepared from supplier table. Sheet: ЖБИ, row 22. Logo source: official site."
ooo-magnitogorskiy-tsementno-ogneupornyy-zavod,"ООО ""Магнитогорский цементно-огнеупорный завод""",https://mcoz.mmk.ru,assets/img/logos/vendors/import-20260630/ooo-magnitogorskiy-tsementno-ogneupornyy-zavod.gif,https://mcoz.mmk.ru/bitrix/templates/mcoz/images/company_logo.gif,building-materials,Строительные материалы,constructive,Конструктивные решения,inertnye-i-vyazhuschie-materialy,Инертные и вяжущие материалы,tsement,Цемент,Конструктивные решения,Конструктивные решения,Конструктивные решения,Цемент,true,true,false,false,published,exact_catalog_match,Цемент,supplier_import_20260630_official_site,"Prepared from supplier table. Sheet: Цемент , row 9. Logo source: official site."
ooo-monolit-servis,"ООО ""Монолит-сервис""",https://pkf-st.ru,assets/img/logos/vendors/import-20260630/ooo-monolit-servis.png,https://pkf-st.ru/t/v2056/images/logo.png,building-materials,Строительные материалы,constructive,Конструктивные решения,concrete-structures,Бетонные конструкции,zhbi,ЖБИ,Конструктивные решения,Конструктивные решения,Конструктивные решения,СВАИ ЖБИ,true,true,false,false,published,curated_type_alias,СВАИ ЖБИ,supplier_import_20260630_official_site,"Prepared from supplier table. Sheet: СВАИ ЖБИ, row 4. Logo source: official site."
ooo-monolit-servis,"ООО ""Монолит-сервис""",https://pkf-st.ru,assets/img/logos/vendors/import-20260630/ooo-monolit-servis.png,https://pkf-st.ru/t/v2056/images/logo.png,building-materials,Строительные материалы,constructive,Конструктивные решения,fundamenty-i-svai,Фундаменты и сваи,svai,Сваи,Конструктивные решения,Конструктивные решения,Конструктивные решения,СВАИ ЖБИ,true,true,false,false,published,curated_type_alias,СВАИ ЖБИ,supplier_import_20260630_official_site,"Prepared from supplier table. Sheet: СВАИ ЖБИ, row 4. Logo source: official site."
ooo-aleksinskiy-keramzitovyy-zavod,ООО «Алексинский керамзитовый завод»,https://keramzit-aleksin.ru,assets/img/logos/vendors/import-20260630/ooo-aleksinskiy-keramzitovyy-zavod.png,https://www.keramzit-aleksin.ru/assets/img/logo.png,building-materials,Строительные материалы,constructive,Конструктивные решения,masonry-and-wall-materials,Стены / кладочные материалы,keramzitobetonnye-bloki,Керамзитобетонные блоки,Конструктивные решения,Конструктивные решения,Конструктивные решения,керамзит блоки,true,true,false,false,published,curated_type_alias,керамзит блоки,supplier_import_20260630_official_site,"Prepared from supplier table. Sheet: керамзит блоки, row 11. Logo source: official site."
ooo-uroven,ООО «Уровень»,https://opalubkavspb.ru,assets/img/logos/vendors/import-20260630/ooo-uroven.webp,https://opalubkavspb.ru/templates/new-site2/images/logo.webp,building-materials,Строительные материалы,constructive,Конструктивные решения,concrete-structures,Бетонные конструкции,formwork,Опалубка,Конструктивные решения,Конструктивные решения,Конструктивные решения,Опалубка Балка,true,true,false,false,published,curated_type_alias,Опалубка Балка,supplier_import_20260630_official_site,"Prepared from supplier table. Sheet: Опалубка Балка, row 14. Logo source: official site."
ooo-zavod-mrs,ООО ЗАВОД «МРС,https://mrs48.ru,assets/img/logos/vendors/import-20260630/ooo-zavod-mrs.svg,https://mrs48.ru/pro/img/icons/max-app-logo.svg,building-materials,Строительные материалы,constructive,Конструктивные решения,masonry-and-wall-materials,Стены / кладочные материалы,sandwich-panels,Сэндвич-панели,Конструктивные решения,Конструктивные решения,Конструктивные решения,Сендвич панели,true,true,false,false,published,curated_type_alias,Сендвич панели,supplier_import_20260630_official_site,"Prepared from supplier table. Sheet: Сендвич панели , row 20. Logo source: official site."
ooo-safonovskiy-zavod-zhbi,ООО Сафоновский завод жби,https://szgbi.ru,assets/img/logos/vendors/import-20260630/ooo-safonovskiy-zavod-zhbi.svg,https://szgbi.ru/wp-content/uploads/2025/09/logoszgbi.svg,building-materials,Строительные материалы,constructive,Конструктивные решения,concrete-structures,Бетонные конструкции,zhbi,ЖБИ,Конструктивные решения,Конструктивные решения,Конструктивные решения,ЖБИ,true,true,false,false,published,curated_type_alias,ЖБИ,supplier_import_20260630_official_site,"Prepared from supplier table. Sheet: ЖБИ, row 5. Logo source: official site."
ooo-td-berotek,ООО ТД БЕРОТЕК,https://plitapb.ru,assets/img/logos/vendors/import-20260630/ooo-td-berotek.png,https://plitapb.ru/upload/logoppb.png,building-materials,Строительные материалы,constructive,Конструктивные решения,fundamenty-i-svai,Фундаменты и сваи,svai,Сваи,Конструктивные решения,Конструктивные решения,Конструктивные решения,СВаи,true,true,false,false,published,curated_type_alias,СВаи,supplier_import_20260630_official_site,"Prepared from supplier table. Sheet: СВаи , row 4. Logo source: official site."
ooo-rmi-stal,ООО “РМИ-Сталь”,https://akron-holding.ru,assets/img/logos/vendors/import-20260630/ooo-rmi-stal.svg,https://www.akron-holding.ru/local/templates/akron-holding/assets/images/logo-white.svg,building-materials,Строительные материалы,constructive,Конструктивные решения,concrete-structures,Бетонные конструкции,metal,Металл,Конструктивные решения,Конструктивные решения,Конструктивные решения,Металл,true,true,false,false,published,curated_type_alias,Металл,supplier_import_20260630_official_site,"Prepared from supplier table. Sheet: Металл, row 118. Logo source: official site."
ooo-umk,ООО”УМК”,https://uralmetalcompany.ru,assets/img/logos/vendors/import-20260630/ooo-umk.svg,https://umc.market/local/templates/umcmarket/img/logo.svg,building-materials,Строительные материалы,constructive,Конструктивные решения,concrete-structures,Бетонные конструкции,metal,Металл,Конструктивные решения,Конструктивные решения,Конструктивные решения,Металл,true,true,false,false,published,curated_type_alias,Металл,supplier_import_20260630_official_site,"Prepared from supplier table. Sheet: Металл, row 129. Logo source: official site."
ochakovskiy-zavod-zhbi,Очаковский завод ЖБИ,https://okgbi.ru,assets/img/logos/vendors/import-20260630/ochakovskiy-zavod-zhbi.png,https://okgbi.ru/include/logotype.png,building-materials,Строительные материалы,constructive,Конструктивные решения,concrete-structures,Бетонные конструкции,zhbi,ЖБИ,Конструктивные решения,Конструктивные решения,Конструктивные решения,ЖБИ,true,true,false,false,published,curated_type_alias,ЖБИ,supplier_import_20260630_official_site,"Prepared from supplier table. Sheet: ЖБИ, row 12. Logo source: official site."
po-nvtz-ooo,ПО НВТЗ ООО,https://ponvtz.ru,assets/img/logos/vendors/import-20260630/po-nvtz-ooo.svg,https://ponvtz.ru/local/templates/akras/images/logo_head.svg?v=1.0,building-materials,Строительные материалы,constructive,Конструктивные решения,concrete-structures,Бетонные конструкции,metal,Металл,Конструктивные решения,Конструктивные решения,Конструктивные решения,Металл,true,true,false,false,published,curated_type_alias,Металл,supplier_import_20260630_official_site,"Prepared from supplier table. Sheet: Металл, row 52. Logo source: official site."
petrostal,Петросталь,https://mpstal.ru,assets/img/logos/vendors/import-20260630/petrostal.svg,https://mpstal.ru/static/i/logo.svg,building-materials,Строительные материалы,constructive,Конструктивные решения,concrete-structures,Бетонные конструкции,metal,Металл,Конструктивные решения,Конструктивные решения,Конструктивные решения,Металл,true,true,false,false,published,curated_type_alias,Металл,supplier_import_20260630_official_site,"Prepared from supplier table. Sheet: Металл, row 72. Logo source: official site."
proizvodstvennaya-kompaniya-zhbi-50,Производственная Компания «ЖБИ 50»,https://zhbi50.ru,assets/img/logos/vendors/import-20260630/proizvodstvennaya-kompaniya-zhbi-50.png,https://zhbi50.ru/template/img/logo.png,building-materials,Строительные материалы,constructive,Конструктивные решения,concrete-structures,Бетонные конструкции,zhbi,ЖБИ,Конструктивные решения,Конструктивные решения,Конструктивные решения,ЖБИ,true,true,false,false,published,curated_type_alias,ЖБИ,supplier_import_20260630_official_site,"Prepared from supplier table. Sheet: ЖБИ, row 16. Logo source: official site."
rostovskiy-elektrometallurgicheskiy-zavod,Ростовский электрометаллургический завод,https://remzltd.com,assets/img/logos/vendors/import-20260630/rostovskiy-elektrometallurgicheskiy-zavod.svg,https://remzltd.com/assets/images/vdhmbigtioyhmxbntwmgcafxmuvaadukt.svg,building-materials,Строительные материалы,constructive,Конструктивные решения,concrete-structures,Бетонные конструкции,metal,Металл,Конструктивные решения,Конструктивные решения,Конструктивные решения,Металл,true,true,false,false,published,curated_type_alias,Металл,supplier_import_20260630_official_site,"Prepared from supplier table. Sheet: Металл, row 71. Logo source: official site."
russkie-shpuntovye-steny,Русские Шпунтовые Стены,https://profilgroup.ru,assets/img/logos/vendors/import-20260630/russkie-shpuntovye-steny.png,https://profilgroup.ru/img/logo-copy.png,building-materials,Строительные материалы,constructive,Конструктивные решения,concrete-structures,Бетонные конструкции,metal,Металл,Конструктивные решения,Конструктивные решения,Конструктивные решения,Металл,true,true,false,false,published,curated_type_alias,Металл,supplier_import_20260630_official_site,"Prepared from supplier table. Sheet: Металл, row 75. Logo source: official site."
seaf-terma-ooo,СЕАФ-ТЕРМА ООО,https://gostmetal.ru,assets/img/logos/vendors/import-20260630/seaf-terma-ooo.png,https://gostmetal.ru/images/themes/default/img/logo.png,building-materials,Строительные материалы,constructive,Конструктивные решения,concrete-structures,Бетонные конструкции,metal,Металл,Конструктивные решения,Конструктивные решения,Конструктивные решения,металлоконструкции и изделия,true,true,false,false,published,curated_type_alias,металлоконструкции и изделия,supplier_import_20260630_official_site,"Prepared from supplier table. Sheet: металлоконструкции и изделия , row 19. Logo source: official site."
severstal-pao,СЕВЕРСТАЛЬ ПАО,https://severstal.com,assets/img/logos/vendors/import-20260630/severstal-pao.svg,https://severstal.com/assets/images/logo_ru.svg,building-materials,Строительные материалы,constructive,Конструктивные решения,concrete-structures,Бетонные конструкции,metal,Металл,Конструктивные решения,Конструктивные решения,Конструктивные решения,Металл,true,true,false,false,published,curated_type_alias,Металл,supplier_import_20260630_official_site,"Prepared from supplier table. Sheet: Металл, row 57. Logo source: official site."
spektrom-ooo,СПЕКТРОМ ООО,https://spectrom.ru,assets/img/logos/vendors/import-20260630/spektrom-ooo.png,https://spectrom.ru/images/logo1234.png,building-materials,Строительные материалы,constructive,Конструктивные решения,concrete-structures,Бетонные конструкции,metal,Металл,Конструктивные решения,Конструктивные решения,Конструктивные решения,металлоконструкции и изделия,true,true,false,false,published,curated_type_alias,металлоконструкции и изделия,supplier_import_20260630_official_site,"Prepared from supplier table. Sheet: металлоконструкции и изделия , row 13. Logo source: official site."
stalimeks-td-ooo,СТАЛЬИМЭКС ТД ООО,https://www.stalimex.ru,assets/img/logos/vendors/import-20260630/stalimeks-td-ooo.png,http://xn--80aqgcg0afc6gm.xn--p1ai/img/logo.png,building-materials,Строительные материалы,constructive,Конструктивные решения,concrete-structures,Бетонные конструкции,metal,Металл,Конструктивные решения,Конструктивные решения,Конструктивные решения,Металл,true,true,false,false,published,curated_type_alias,Металл,supplier_import_20260630_official_site,"Prepared from supplier table. Sheet: Металл, row 49. Logo source: official site."
serpuhovskiy-keramzitovyy-zavod-skz,Серпуховский керамзитовый завод (СКЗ),https://keramzit-serpuhov.ru,assets/img/logos/vendors/import-20260630/serpuhovskiy-keramzitovyy-zavod-skz.svg,https://keramzit-serpuhov.ru/img/logo_serp.svg,building-materials,Строительные материалы,constructive,Конструктивные решения,masonry-and-wall-materials,Стены / кладочные материалы,keramzitobetonnye-bloki,Керамзитобетонные блоки,Конструктивные решения,Конструктивные решения,Конструктивные решения,керамзит блоки,true,true,false,false,published,curated_type_alias,керамзит блоки,supplier_import_20260630_official_site,"Prepared from supplier table. Sheet: керамзит блоки, row 12. Logo source: official site."
tulskiy-kirpichnyy-zavod-pobeda,"Тульский кирпичный завод ""Победа""",https://tula-tkz.ru,assets/img/logos/vendors/import-20260630/tulskiy-kirpichnyy-zavod-pobeda.jpg,https://tula-tkz.ru/wp-content/uploads/2017/04/logo-pobeda.jpg,building-materials,Строительные материалы,constructive,Конструктивные решения,masonry-and-wall-materials,Стены / кладочные материалы,keramzitobetonnye-bloki,Керамзитобетонные блоки,Конструктивные решения,Конструктивные решения,Конструктивные решения,керамзит блоки,true,true,false,false,published,curated_type_alias,керамзит блоки,supplier_import_20260630_official_site,"Prepared from supplier table. Sheet: керамзит блоки, row 2. Logo source: official site."
shtarkom,Штарком,https://www.obeton.ru,assets/img/logos/vendors/import-20260630/shtarkom.png,https://www.obeton.ru/sites/all/themes/obeton/images/logo2.png,building-materials,Строительные материалы,constructive,Конструктивные решения,concrete-structures,Бетонные конструкции,zhbi,ЖБИ,Конструктивные решения,Конструктивные решения,Конструктивные решения,ЖБИ,true,true,false,false,published,curated_type_alias,ЖБИ,supplier_import_20260630_official_site,"Prepared from supplier table. Sheet: ЖБИ, row 23. Logo source: official site."
elitfasad,ЭлитФасад,https://elitfasad.ru,assets/img/logos/vendors/import-20260630/elitfasad.svg,https://elitfasad.ru/wp-content/uploads/2022/01/logo.svg,building-materials,Строительные материалы,architecture,Архитектурные решения,facades,Фасады,metallokassety,Металлокассеты,Конструктивные решения,Конструктивные решения,Конструктивные решения,МЕталлокасеты,true,true,false,false,published,curated_type_alias,МЕталлокасеты,supplier_import_20260630_official_site,"Prepared from supplier table. Sheet: МЕталлокасеты , row 32. Logo source: official site."
tech-krep,TECH-KREP,https://tech-krep.com/,assets/img/logos/vendors/tech-krep.svg,https://tech-krep.com/local/templates/main/img/header-logo.svg,building-materials,Строительные материалы,constructive,Конструктивные решения,krepezh,Крепеж,krepezh,Крепеж,Конструктивные решения,Крепеж,Крепеж,Крепеж,true,true,false,false,published,curated_vendor_slug,tech-krep,official_p2_remaining_groups_20260706,"Official site title identifies chemical anchors, dowels and fastening systems, logo from official template asset."
ao-voskresenskiy-kirpichnyy-zavod,АО «Воскресенский кирпичный завод»,https://www.xn--80adbicaohaajcgcc8bghpnmimdc8nne.xn--p1ai/,assets/img/logos/vendors/ao-voskresenskiy-kirpichnyy-zavod.png,https://www.xn--80adbicaohaajcgcc8bghpnmimdc8nne.xn--p1ai/upload/medialibrary/c3c/c3cabe68cb568f65d99e93e5ce4e17dd.png,building-materials,Строительные материалы,constructive,Конструктивные решения,masonry-and-wall-materials,Стены / кладочные материалы,bricks,Кирпич,Конструктивные решения,Стены,Стены,Кирпич,true,true,false,false,published,curated_type_alias,Кирпич,user_confirmed_list,PNG logo from official site header with matching alt text.
ao-zheleznogorskiy-kirpichnyy-zavod,АО «Железногорский кирпичный завод»,,,,building-materials,Строительные материалы,constructive,Конструктивные решения,masonry-and-wall-materials,Стены / кладочные материалы,bricks,Кирпич,Конструктивные решения,Стены,Стены,Кирпич,false,true,false,false,manual_review,curated_type_alias,Кирпич,user_confirmed_list,Site candidate needs manual confirmation. No trustworthy logo source used.
ao-keramika-lomintsevskiy-kirpichnyy-zavod,АО «Керамика» / Ломинцевский кирпичный завод,https://lomincevo.ru/,assets/img/logos/vendors/ao-keramika-lomintsevskiy-kirpichnyy-zavod.svg,https://lomincevo.ru/assets/images/LLL.svg,building-materials,Строительные материалы,constructive,Конструктивные решения,masonry-and-wall-materials,Стены / кладочные материалы,bricks,Кирпич,Конструктивные решения,Стены,Стены,Кирпич,true,true,true,true,published,curated_type_alias,Кирпич,user_confirmed_list,SVG logo from official site header.
ao-novomoskovskiy-zavod-keramicheskih-materialov,АО «Новомосковский завод керамических материалов»,,,,building-materials,Строительные материалы,constructive,Конструктивные решения,masonry-and-wall-materials,Стены / кладочные материалы,bricks,Кирпич,Конструктивные решения,Стены,Стены,Кирпич,true,true,false,false,published,curated_type_alias,Кирпич,user_confirmed_list,Поставщик кирпича и стеновых материалов
ao-norskiy-keramicheskiy-zavod,АО «Норский керамический завод»,,,,building-materials,Строительные материалы,constructive,Конструктивные решения,masonry-and-wall-materials,Стены / кладочные материалы,bricks,Кирпич,Конструктивные решения,Стены,Стены,Кирпич,true,true,false,false,published,curated_type_alias,Кирпич,user_confirmed_list,Поставщик кирпича и стеновых материалов
ao-ryazanskiy-kirpichnyy-zavod,АО «Рязанский кирпичный завод»,,,,building-materials,Строительные материалы,constructive,Конструктивные решения,masonry-and-wall-materials,Стены / кладочные материалы,bricks,Кирпич,Конструктивные решения,Стены,Стены,Кирпич,true,true,false,false,published,curated_type_alias,Кирпич,user_confirmed_list,Поставщик кирпича и стеновых материалов
ao-silikat,АО «Силикат»,https://oaosilikat.ru/,assets/img/logos/vendors/ao-silikat.png,https://oaosilikat.ru/images/logo.png,building-materials,Строительные материалы,constructive,Конструктивные решения,masonry-and-wall-materials,Стены / кладочные материалы,bricks,Кирпич,Конструктивные решения,Стены,Стены,Кирпич,true,true,false,false,published,curated_type_alias,Кирпич,user_confirmed_list,PNG logo from official site header.
ao-slavyanskiy-kirpich,АО «Славянский кирпич»,,,,building-materials,Строительные материалы,constructive,Конструктивные решения,masonry-and-wall-materials,Стены / кладочные материалы,bricks,Кирпич,Конструктивные решения,Стены,Стены,Кирпич,true,true,false,false,published,curated_type_alias,Кирпич,user_confirmed_list,Поставщик кирпича и стеновых материалов
ao-tulskiy-kirpichnyy-zavod-tulskiy-kirpichnyy-zavod-1,АО «Тульский кирпичный завод» / Тульский кирпичный завод №1,,,,building-materials,Строительные материалы,constructive,Конструктивные решения,masonry-and-wall-materials,Стены / кладочные материалы,bricks,Кирпич,Конструктивные решения,Стены,Стены,Кирпич,true,true,false,false,published,curated_type_alias,Кирпич,user_confirmed_list,Поставщик кирпича и стеновых материалов
belkeramik-belgorodskaya-keramika,Белкерамик / Белгородская керамика,,,,building-materials,Строительные материалы,constructive,Конструктивные решения,masonry-and-wall-materials,Стены / кладочные материалы,bricks,Кирпич,Конструктивные решения,Стены,Стены,Кирпич,true,true,false,false,published,curated_type_alias,Кирпич,user_confirmed_list,Поставщик кирпича и стеновых материалов
gruppa-kompaniy-tereh,Группа компаний «Терех»,,,,building-materials,Строительные материалы,constructive,Конструктивные решения,masonry-and-wall-materials,Стены / кладочные материалы,bricks,Кирпич,Конструктивные решения,Стены,Стены,Кирпич,true,true,false,false,published,curated_type_alias,Кирпич,user_confirmed_list,Поставщик кирпича и стеновых материалов
zao-mogilevskiy-kombinat-silikatnyh-izdeliy,ЗАО «Могилёвский комбинат силикатных изделий»,,,,building-materials,Строительные материалы,constructive,Конструктивные решения,masonry-and-wall-materials,Стены / кладочные материалы,bricks,Кирпич,Конструктивные решения,Стены,Стены,Кирпич,true,true,false,false,published,curated_type_alias,Кирпич,user_confirmed_list,Поставщик кирпича и стеновых материалов
zavod-rimhen,Завод «РИМХЕН»,,,,building-materials,Строительные материалы,constructive,Конструктивные решения,masonry-and-wall-materials,Стены / кладочные материалы,bricks,Кирпич,Конструктивные решения,Стены,Стены,Кирпич,true,true,false,false,published,curated_type_alias,Кирпич,user_confirmed_list,Поставщик кирпича и стеновых материалов
zavod-keramzitovogo-graviya-g-novolukoml,Завод керамзитового гравия г. Новолукомль,,,,building-materials,Строительные материалы,constructive,Конструктивные решения,masonry-and-wall-materials,Стены / кладочные материалы,bricks,Кирпич,Конструктивные решения,Стены,Стены,Кирпич,true,true,false,false,published,curated_type_alias,Кирпич,user_confirmed_list,Поставщик кирпича и стеновых материалов
kashirskiy-kirpichnyy-zavod,Каширский кирпичный завод,,,,building-materials,Строительные материалы,constructive,Конструктивные решения,masonry-and-wall-materials,Стены / кладочные материалы,bricks,Кирпич,Конструктивные решения,Стены,Стены,Кирпич,true,true,false,false,published,curated_type_alias,Кирпич,user_confirmed_list,Поставщик кирпича и стеновых материалов
kirpichnyy-zavod-klim-klinker,Кирпичный завод «Клим Клинкер»,,,,building-materials,Строительные материалы,constructive,Конструктивные решения,masonry-and-wall-materials,Стены / кладочные материалы,bricks,Кирпич,Конструктивные решения,Стены,Стены,Кирпич,true,true,false,false,published,curated_type_alias,Кирпич,user_confirmed_list,Поставщик кирпича и стеновых материалов
kolomenskiy-kirpichnyy-zavod,Коломенский кирпичный завод,,,,building-materials,Строительные материалы,constructive,Конструктивные решения,masonry-and-wall-materials,Стены / кладочные материалы,bricks,Кирпич,Конструктивные решения,Стены,Стены,Кирпич,true,true,false,false,published,curated_type_alias,Кирпич,user_confirmed_list,Поставщик кирпича и стеновых материалов
krasnopolyanskiy-kirpichnyy-zavod,Краснополянский кирпичный завод,,,,building-materials,Строительные материалы,constructive,Конструктивные решения,masonry-and-wall-materials,Стены / кладочные материалы,bricks,Кирпич,Конструктивные решения,Стены,Стены,Кирпич,true,true,false,false,published,curated_type_alias,Кирпич,user_confirmed_list,Поставщик кирпича и стеновых материалов
lsr-lsr-stenovye,ЛСР / ЛСР. Стеновые,,,,building-materials,Строительные материалы,constructive,Конструктивные решения,masonry-and-wall-materials,Стены / кладочные материалы,bricks,Кирпич,Конструктивные решения,Стены,Стены,Кирпич,true,true,false,false,published,curated_type_alias,Кирпич,user_confirmed_list,Поставщик кирпича и стеновых материалов
minskiy-keramicheskiy-zavod-oao-keramin,Минский керамический завод ОАО «Керамин»,,,,building-materials,Строительные материалы,constructive,Конструктивные решения,masonry-and-wall-materials,Стены / кладочные материалы,bricks,Кирпич,Конструктивные решения,Стены,Стены,Кирпич,true,true,false,false,published,curated_type_alias,Кирпич,user_confirmed_list,Поставщик кирпича и стеновых материалов
oao-brestskiy-kombinat-stroitelnyh-materialov,ОАО «Брестский комбинат строительных материалов»,,,,building-materials,Строительные материалы,constructive,Конструктивные решения,masonry-and-wall-materials,Стены / кладочные материалы,bricks,Кирпич,Конструктивные решения,Стены,Стены,Кирпич,true,true,false,false,published,curated_type_alias,Кирпич,user_confirmed_list,Поставщик кирпича и стеновых материалов
oao-gzhelskiy-kirpichnyy-zavod,ОАО «Гжельский кирпичный завод»,,,,building-materials,Строительные материалы,constructive,Конструктивные решения,masonry-and-wall-materials,Стены / кладочные материалы,bricks,Кирпич,Конструктивные решения,Стены,Стены,Кирпич,true,true,false,false,published,curated_type_alias,Кирпич,user_confirmed_list,Поставщик кирпича и стеновых материалов
oao-golitsynskiy-keramicheskiy-zavod,ОАО «Голицынский керамический завод»,https://www.gkz.ru/,assets/img/logos/vendors/oao-golitsynskiy-keramicheskiy-zavod.png,https://www.gkz.ru/assets/images/Logo.png,building-materials,Строительные материалы,constructive,Конструктивные решения,masonry-and-wall-materials,Стены / кладочные материалы,bricks,Кирпич,Конструктивные решения,Стены,Стены,Кирпич,true,true,true,true,published,curated_type_alias,Кирпич,user_confirmed_list,PNG logo from official site header.
oao-gomelstroymaterialy,ОАО «Гомельстройматериалы»,,,,building-materials,Строительные материалы,constructive,Конструктивные решения,masonry-and-wall-materials,Стены / кладочные материалы,bricks,Кирпич,Конструктивные решения,Стены,Стены,Кирпич,true,true,false,false,published,curated_type_alias,Кирпич,user_confirmed_list,Поставщик кирпича и стеновых материалов
oao-gorynskiy-kombinat-stroitelnyh-materialov,ОАО «Горынский комбинат строительных материалов»,,,,building-materials,Строительные материалы,constructive,Конструктивные решения,masonry-and-wall-materials,Стены / кладочные материалы,bricks,Кирпич,Конструктивные решения,Стены,Стены,Кирпич,true,true,false,false,published,curated_type_alias,Кирпич,user_confirmed_list,Поставщик кирпича и стеновых материалов
oao-keramika-unp-300000303,"ОАО «Керамика», УНП 300000303",,,,building-materials,Строительные материалы,constructive,Конструктивные решения,masonry-and-wall-materials,Стены / кладочные материалы,bricks,Кирпич,Конструктивные решения,Стены,Стены,Кирпич,true,true,false,false,published,curated_type_alias,Кирпич,user_confirmed_list,Поставщик кирпича и стеновых материалов
oao-novo-ierusalimskiy-kirpichnyy-zavod,ОАО «Ново-Иерусалимский кирпичный завод»,https://www.xn--80aaeckcpfcaaalckcmtmnhbrrpjre6cwi7e.xn--p1ai/,assets/img/logos/vendors/oao-novo-ierusalimskiy-kirpichnyy-zavod.png,https://www.xn--80aaeckcpfcaaalckcmtmnhbrrpjre6cwi7e.xn--p1ai/upload/medialibrary/7d3/7d3a4cad8589f729b37c293c57959a28.png,building-materials,Строительные материалы,constructive,Конструктивные решения,masonry-and-wall-materials,Стены / кладочные материалы,bricks,Кирпич,Конструктивные решения,Стены,Стены,Кирпич,true,true,false,false,published,curated_type_alias,Кирпич,user_confirmed_list,Official site and own orange logo confirmed on official punycode domain. Rejected earlier Tilda Logo.svg as unrelated.
oao-novokubanskiy-zavod-keramicheskih-stenovyh-materialov,ОАО «Новокубанский завод керамических стеновых материалов»,https://nzksm.ru/,assets/img/logos/vendors/oao-novokubanskiy-zavod-keramicheskih-stenovyh-materialov.svg,https://nzksm.ru/templates/2024/nzksm-new/images/logo_small.svg,building-materials,Строительные материалы,constructive,Конструктивные решения,masonry-and-wall-materials,Стены / кладочные материалы,bricks,Кирпич,Конструктивные решения,Стены,Стены,Кирпич,true,true,false,false,published,curated_type_alias,Кирпич,user_confirmed_list,Official site title identifies NZKSM. Colored small logo used because header logo is white.
oao-obolskiy-keramicheskiy-zavod,ОАО «Обольский керамический завод»,,,,building-materials,Строительные материалы,constructive,Конструктивные решения,masonry-and-wall-materials,Стены / кладочные материалы,bricks,Кирпич,Конструктивные решения,Стены,Стены,Кирпич,true,true,false,false,published,curated_type_alias,Кирпич,user_confirmed_list,Поставщик кирпича и стеновых материалов
oao-radoshkovichskiy-keramicheskiy-zavod,ОАО «Радошковичский керамический завод»,https://ceglar.by/,assets/img/logos/vendors/oao-radoshkovichskiy-keramicheskiy-zavod.png,https://ceglar.by/local/templates/main/images/logo.png,building-materials,Строительные материалы,constructive,Конструктивные решения,masonry-and-wall-materials,Стены / кладочные материалы,bricks,Кирпич,Конструктивные решения,Стены,Стены,Кирпич,true,true,false,false,published,curated_type_alias,Кирпич,user_confirmed_list,PNG logo from official CEGLAR site header. rkz.by redirects to ceglar.by.
oao-stolbtsovskiy-kirpichnyy-zavod,ОАО «Столбцовский кирпичный завод»,,,,building-materials,Строительные материалы,constructive,Конструктивные решения,masonry-and-wall-materials,Стены / кладочные материалы,bricks,Кирпич,Конструктивные решения,Стены,Стены,Кирпич,true,true,false,false,published,curated_type_alias,Кирпич,user_confirmed_list,Поставщик кирпича и стеновых материалов
ooo-aleksinskiy-kirpichnyy-zavod,ООО «Алексинский кирпичный завод»,https://www.xn--80aagicmgaaajchbcj1bgxnuoc6m3d.xn--p1ai/,assets/img/logos/vendors/ooo-aleksinskiy-kirpichnyy-zavod.jpg,https://www.xn--80aagicmgaaajchbcj1bgxnuoc6m3d.xn--p1ai/upload/medialibrary/c3c/c3cabe68cb568f65d99e93e5ce4e17dd.jpg,building-materials,Строительные материалы,constructive,Конструктивные решения,masonry-and-wall-materials,Стены / кладочные материалы,bricks,Кирпич,Конструктивные решения,Стены,Стены,Кирпич,true,true,false,false,published,curated_type_alias,Кирпич,user_confirmed_list,Official site candidate matches plant name. Header uses compact brick mark.
ooo-anastasievskiy-kirpichnyy-zavod,ООО «Анастасиевский кирпичный завод»,,,,building-materials,Строительные материалы,constructive,Конструктивные решения,masonry-and-wall-materials,Стены / кладочные материалы,bricks,Кирпич,Конструктивные решения,Стены,Стены,Кирпич,false,true,false,false,manual_review,curated_type_alias,Кирпич,user_confirmed_list,No official site confirmed in this pass. Logo not used.
ooo-bogandinskiy-kirpichnyy-zavod,ООО «Богандинский кирпичный завод»,https://zaobkz.ru/,assets/img/logos/vendors/ooo-bogandinskiy-kirpichnyy-zavod.svg,https://zaobkz.ru/assets/general/icons/logo/logo-black-mini-54b253159f65a14f79744a414921a9d02c949a42e27644fbc1e0c7c00b4a07fd.svg,building-materials,Строительные материалы,constructive,Конструктивные решения,masonry-and-wall-materials,Стены / кладочные материалы,bricks,Кирпич,Конструктивные решения,Стены,Стены,Кирпич,true,true,false,false,published,curated_type_alias,Кирпич,user_confirmed_list,"SVG logo mark from official site header, black variant for white cards."
ooo-bolohovskiy-kirpichnyy-zavod,ООО «Болоховский кирпичный завод»,https://bkz71.ru/,assets/img/logos/vendors/ooo-bolohovskiy-kirpichnyy-zavod.png,https://static.tildacdn.com/tild6137-6462-4637-b337-326539326137/--.png,building-materials,Строительные материалы,constructive,Конструктивные решения,masonry-and-wall-materials,Стены / кладочные материалы,bricks,Кирпич,Конструктивные решения,Стены,Стены,Кирпич,true,true,false,false,published,curated_type_alias,Кирпич,user_confirmed_list,Official site title identifies Bolohovsky brick plant. Logo is from site header.
ooo-bryanskiy-kirpichnyy-zavod,ООО «Брянский кирпичный завод»,,,,building-materials,Строительные материалы,constructive,Конструктивные решения,masonry-and-wall-materials,Стены / кладочные материалы,bricks,Кирпич,Конструктивные решения,Стены,Стены,Кирпич,true,true,false,false,published,curated_type_alias,Кирпич,user_confirmed_list,Поставщик кирпича и стеновых материалов
ooo-vyazemskiy-kirpichnyy-zavod,ООО «Вяземский кирпичный завод»,https://www.xn--80adbiclbhaajcic0awvlso8kudud.xn--p1ai/,assets/img/logos/vendors/ooo-vyazemskiy-kirpichnyy-zavod.png,https://www.xn--80adbiclbhaajcic0awvlso8kudud.xn--p1ai/upload/medialibrary/998/998a7403893a39a66f582f9adcce1084.png,building-materials,Строительные материалы,constructive,Конструктивные решения,masonry-and-wall-materials,Стены / кладочные материалы,bricks,Кирпич,Конструктивные решения,Стены,Стены,Кирпич,true,true,false,false,published,curated_type_alias,Кирпич,user_confirmed_list,Official site asset contains Vyazemsky brick plant logotype.
ooo-gnezdovo,ООО «Гнездово»,,,,building-materials,Строительные материалы,constructive,Конструктивные решения,masonry-and-wall-materials,Стены / кладочные материалы,bricks,Кирпич,Конструктивные решения,Стены,Стены,Кирпич,true,true,false,false,published,curated_type_alias,Кирпич,user_confirmed_list,Поставщик кирпича и стеновых материалов
ooo-kemma,ООО «КЕММА»,,,,building-materials,Строительные материалы,constructive,Конструктивные решения,masonry-and-wall-materials,Стены / кладочные материалы,bricks,Кирпич,Конструктивные решения,Стены,Стены,Кирпич,true,true,false,false,published,curated_type_alias,Кирпич,user_confirmed_list,Поставщик кирпича и стеновых материалов
ooo-karasevskiy-keramicheskiy-zavod,ООО «Карасевский керамический завод»,https://www.xn--80aaahbmdriaakcfec7cwamlioc6m3d.xn--p1ai/,assets/img/logos/vendors/ooo-karasevskiy-keramicheskiy-zavod.png,https://www.xn--80aaahbmdriaakcfec7cwamlioc6m3d.xn--p1ai/upload/medialibrary/591/9368e2afa9fe16c7c2ffbb89b07c83cb.png,building-materials,Строительные материалы,constructive,Конструктивные решения,masonry-and-wall-materials,Стены / кладочные материалы,bricks,Кирпич,Конструктивные решения,Стены,Стены,Кирпич,true,true,false,false,published,curated_type_alias,Кирпич,user_confirmed_list,PNG logo from official site header with matching alt text.
ooo-krasnodarskiy-kirpichnyy-zavod-1,ООО «Краснодарский кирпичный завод №1»,,,,building-materials,Строительные материалы,constructive,Конструктивные решения,masonry-and-wall-materials,Стены / кладочные материалы,bricks,Кирпич,Конструктивные решения,Стены,Стены,Кирпич,false,true,false,false,manual_review,curated_type_alias,Кирпич,user_confirmed_list,Candidate domain returned access errors. Needs manual review before logo work.
ooo-lipkovskiy-kirpichnyy-zavod,ООО «Липковский кирпичный завод»,https://www.xn--g1afclaa.xn--p1ai/,assets/img/logos/vendors/ooo-lipkovskiy-kirpichnyy-zavod.png,https://www.xn--g1afclaa.xn--p1ai/wp-content/uploads/2022/07/lkz-logo-main.png,building-materials,Строительные материалы,constructive,Конструктивные решения,masonry-and-wall-materials,Стены / кладочные материалы,bricks,Кирпич,Конструктивные решения,Стены,Стены,Кирпич,true,true,true,true,published,curated_type_alias,Кирпич,user_confirmed_list,PNG logo from official site header.
ooo-mosblok,ООО «МОСБЛОК»,,,,building-materials,Строительные материалы,constructive,Конструктивные решения,masonry-and-wall-materials,Стены / кладочные материалы,bricks,Кирпич,Конструктивные решения,Стены,Стены,Кирпич,true,true,false,false,published,curated_type_alias,Кирпич,user_confirmed_list,Поставщик кирпича и стеновых материалов
ooo-markinskiy-kirpichnyy-zavod,ООО «Маркинский кирпичный завод»,,,,building-materials,Строительные материалы,constructive,Конструктивные решения,masonry-and-wall-materials,Стены / кладочные материалы,bricks,Кирпич,Конструктивные решения,Стены,Стены,Кирпич,true,true,false,false,published,curated_type_alias,Кирпич,user_confirmed_list,Поставщик кирпича и стеновых материалов
ooo-mihnevskaya-keramika,ООО «Михневская керамика»,https://www.ooomik.ru/,assets/img/logos/vendors/ooo-mihnevskaya-keramika.png,https://www.ooomik.ru/images/newsys/logo_ooomik_new.png,building-materials,Строительные материалы,constructive,Конструктивные решения,masonry-and-wall-materials,Стены / кладочные материалы,bricks,Кирпич,Конструктивные решения,Стены,Стены,Кирпич,true,true,false,false,published,curated_type_alias,Кирпич,user_confirmed_list,Official site title identifies Mihnevskaya keramika. Logo is from official site assets.
ooo-novoleushkovskiy-zavod-stroitelnyh-materialov,ООО «Новолеушковский завод строительных материалов»,,,,building-materials,Строительные материалы,constructive,Конструктивные решения,masonry-and-wall-materials,Стены / кладочные материалы,bricks,Кирпич,Конструктивные решения,Стены,Стены,Кирпич,false,true,false,false,manual_review,curated_type_alias,Кирпич,user_confirmed_list,No official site confirmed in this pass. Logo not used.
ooo-rubeleko,ООО «РуБелЭко»,,,,building-materials,Строительные материалы,constructive,Конструктивные решения,masonry-and-wall-materials,Стены / кладочные материалы,bricks,Кирпич,Конструктивные решения,Стены,Стены,Кирпич,true,true,false,false,published,curated_type_alias,Кирпич,user_confirmed_list,Поставщик кирпича и стеновых материалов
ooo-sergievo-posadskiy-kirpichnyy-zavod,ООО «Сергиево-Посадский кирпичный завод»,https://xn--80aaecbicbbxkaamclc0dkanhikojic6pve.xn--p1ai/,,,building-materials,Строительные материалы,constructive,Конструктивные решения,masonry-and-wall-materials,Стены / кладочные материалы,bricks,Кирпич,Конструктивные решения,Стены,Стены,Кирпич,false,true,false,false,manual_review,curated_type_alias,Кирпич,user_confirmed_list,"Official site title identifies Sergievo Posad brick plant. Header image looked unrelated, logo left empty."
ooo-tehnologii-keramiki-kirpichnyy-zavod-balashiha,ООО «Технологии керамики» / Кирпичный завод Балашиха,,,,building-materials,Строительные материалы,constructive,Конструктивные решения,masonry-and-wall-materials,Стены / кладочные материалы,bricks,Кирпич,Конструктивные решения,Стены,Стены,Кирпич,true,true,false,false,published,curated_type_alias,Кирпич,user_confirmed_list,Поставщик кирпича и стеновых материалов
ooo-uhtinskiy-zavod-glinyanogo-kirpicha-uzgk,ООО «Ухтинский завод глиняного кирпича» / УЗГК,,,,building-materials,Строительные материалы,constructive,Конструктивные решения,masonry-and-wall-materials,Стены / кладочные материалы,bricks,Кирпич,Конструктивные решения,Стены,Стены,Кирпич,true,true,false,false,published,curated_type_alias,Кирпич,user_confirmed_list,Поставщик кирпича и стеновых материалов
ooo-fabrika-sv-pro,ООО «Фабрика СВ ПРО»,,,,building-materials,Строительные материалы,constructive,Конструктивные решения,masonry-and-wall-materials,Стены / кладочные материалы,bricks,Кирпич,Конструктивные решения,Стены,Стены,Кирпич,true,true,false,false,published,curated_type_alias,Кирпич,user_confirmed_list,Поставщик кирпича и стеновых материалов
ooo-fokinskiy-kombinat-stroitelnyh-materialov,ООО «Фокинский комбинат строительных материалов»,,,,building-materials,Строительные материалы,constructive,Конструктивные решения,masonry-and-wall-materials,Стены / кладочные материалы,bricks,Кирпич,Конструктивные решения,Стены,Стены,Кирпич,true,true,false,false,published,curated_type_alias,Кирпич,user_confirmed_list,Поставщик кирпича и стеновых материалов
puchp-nadezhda,ПУЧП «Надежда»,,,,building-materials,Строительные материалы,constructive,Конструктивные решения,masonry-and-wall-materials,Стены / кладочные материалы,bricks,Кирпич,Конструктивные решения,Стены,Стены,Кирпич,true,true,false,false,published,curated_type_alias,Кирпич,user_confirmed_list,Поставщик кирпича и стеновых материалов
pskovskiy-kirpichnyy-zavod-ooo-orion-m,Псковский кирпичный завод / ООО «Орион М»,,,,building-materials,Строительные материалы,constructive,Конструктивные решения,masonry-and-wall-materials,Стены / кладочные материалы,bricks,Кирпич,Конструктивные решения,Стены,Стены,Кирпич,true,true,false,false,published,curated_type_alias,Кирпич,user_confirmed_list,Поставщик кирпича и стеновых материалов
szao-kvartsmelprom,СЗАО «КварцМелПром»,,,,building-materials,Строительные материалы,constructive,Конструктивные решения,masonry-and-wall-materials,Стены / кладочные материалы,bricks,Кирпич,Конструктивные решения,Стены,Стены,Кирпич,true,true,false,false,published,curated_type_alias,Кирпич,user_confirmed_list,Поставщик кирпича и стеновых материалов
filial-3-minskiy-kombinat-silikatnyh-izdeliy-oao-belorusskiy-tsementnyy-zavod,Филиал №3 «Минский комбинат силикатных изделий» ОАО «Белорусский цементный завод»,,,,building-materials,Строительные материалы,constructive,Конструктивные решения,masonry-and-wall-materials,Стены / кладочные материалы,bricks,Кирпич,Конструктивные решения,Стены,Стены,Кирпич,true,true,false,false,published,curated_type_alias,Кирпич,user_confirmed_list,Поставщик кирпича и стеновых материалов
filial-5-grodnenskiy-kombinat-stroitelnyh-materialov,Филиал №5 «Гродненский комбинат строительных материалов»,,,,building-materials,Строительные материалы,constructive,Конструктивные решения,masonry-and-wall-materials,Стены / кладочные материалы,bricks,Кирпич,Конструктивные решения,Стены,Стены,Кирпич,true,true,false,false,published,curated_type_alias,Кирпич,user_confirmed_list,Поставщик кирпича и стеновых материалов
filial-6-lyubanskiy-ksm-oao-belorusskiy-tsementnyy-zavod,Филиал №6 «Любанский КСМ» ОАО «Белорусский цементный завод»,,,,building-materials,Строительные материалы,constructive,Конструктивные решения,masonry-and-wall-materials,Стены / кладочные материалы,bricks,Кирпич,Конструктивные решения,Стены,Стены,Кирпич,true,true,false,false,published,curated_type_alias,Кирпич,user_confirmed_list,Поставщик кирпича и стеновых материалов
braer,BRAER,https://braer.ru/,assets/img/logos/partners/braer.svg,https://braer.ru/upload/iblock/730/kyeo84bl8yncl3asmrc0ogho3vu2u77t.svg,building-materials,Строительные материалы,constructive,Конструктивные решения,masonry-and-wall-materials,Стены / кладочные материалы,bricks,Кирпич,Конструктивные решения / кирпич и мощение,Конструктивные решения / кирпич и мощение,Конструктивные решения / кирпич и мощение,Конструктивные решения / кирпич и мощение,true,true,false,false,published,curated_vendor_slug,braer,partner_catalog_backfill_20260702,"Backfilled from confirmed partner source for catalog vendor coverage, official site/logo already tracked in partners data."
braer,BRAER,https://braer.ru/,assets/img/logos/partners/braer.svg,https://braer.ru/upload/iblock/730/kyeo84bl8yncl3asmrc0ogho3vu2u77t.svg,building-materials,Строительные материалы,landscaping-and-site-improvement,Благоустройство и озеленение,pokrytiya,Покрытия,paving-slabs-and-pavers,Тротуарная плитка и брусчатка,Конструктивные решения / кирпич и мощение,Конструктивные решения / кирпич и мощение,Конструктивные решения / кирпич и мощение,Конструктивные решения / кирпич и мощение,true,true,false,false,published,curated_vendor_slug,braer,partner_catalog_backfill_20260702,"Backfilled from confirmed partner source for catalog vendor coverage, official site/logo already tracked in partners data."
tehnonikol,Технониколь,https://www.tn.ru/,assets/img/logos/partners/technonikol-clean.png,https://www.tn.ru/upload/delight.webpconverter/upload/resize_cache/iblock/c98/451_119_1/949edb715aadf20d817abeedc079ccb9.jpg.webp?17256584824098,building-materials,Строительные материалы,constructive,Конструктивные решения,concrete-structures,Бетонные конструкции,waterproofing,Гидроизоляция,Кровля / гидроизоляция / теплоизоляция,Кровля / гидроизоляция / теплоизоляция,Кровля / гидроизоляция / теплоизоляция,Кровля / гидроизоляция / теплоизоляция,true,true,false,false,published,curated_vendor_slug,tehnonikol,partner_catalog_backfill_20260702,"Backfilled from confirmed partner source for catalog vendor coverage, official site/logo already tracked in partners data."
tehnonikol,Технониколь,https://www.tn.ru/,assets/img/logos/partners/technonikol-clean.png,https://www.tn.ru/upload/delight.webpconverter/upload/resize_cache/iblock/c98/451_119_1/949edb715aadf20d817abeedc079ccb9.jpg.webp?17256584824098,building-materials,Строительные материалы,architecture,Архитектурные решения,facades,Фасады,uteplitel,Утеплитель,Кровля / гидроизоляция / теплоизоляция,Кровля / гидроизоляция / теплоизоляция,Кровля / гидроизоляция / теплоизоляция,Кровля / гидроизоляция / теплоизоляция,true,true,false,false,published,curated_vendor_slug,tehnonikol,partner_catalog_backfill_20260702,"Backfilled from confirmed partner source for catalog vendor coverage, official site/logo already tracked in partners data."
tehnonikol,Технониколь,https://www.tn.ru/,assets/img/logos/partners/technonikol-clean.png,https://www.tn.ru/upload/delight.webpconverter/upload/resize_cache/iblock/c98/451_119_1/949edb715aadf20d817abeedc079ccb9.jpg.webp?17256584824098,building-materials,Строительные материалы,architecture,Архитектурные решения,roofing-systems,Кровельные системы,krovelnye-sistemy,Кровельные системы,Кровля / гидроизоляция / теплоизоляция,Кровля / гидроизоляция / теплоизоляция,Кровля / гидроизоляция / теплоизоляция,Кровля / гидроизоляция / теплоизоляция,true,true,false,false,published,curated_vendor_slug,tehnonikol,partner_catalog_backfill_20260702,"Backfilled from confirmed partner source for catalog vendor coverage, official site/logo already tracked in partners data."
korf,KORF,https://po-korf.ru/,assets/img/logos/partners/korf.png,https://po-korf.ru/assets/images/logo2.png,engineering-equipment,Инженерное оборудование,hvac,ОВиК и тепловые сети,air-ventilation,Система вентиляции воздуха,ventilation-system,Система вентиляции,ОВиК / вентиляция,ОВиК / вентиляция,ОВиК / вентиляция,ОВиК / вентиляция,true,true,false,false,published,curated_vendor_slug,korf,partner_catalog_backfill_20260702,"Backfilled from confirmed partner source for catalog vendor coverage, official site/logo already tracked in partners data."
korf,KORF,https://po-korf.ru/,assets/img/logos/partners/korf.png,https://po-korf.ru/assets/images/logo2.png,engineering-equipment,Инженерное оборудование,hvac,ОВиК и тепловые сети,air-ventilation,Система вентиляции воздуха,air-disinfection-system,Система обеззараживания воздуха,ОВиК / вентиляция,ОВиК / вентиляция,ОВиК / вентиляция,ОВиК / вентиляция,true,true,false,false,published,curated_vendor_slug,korf,partner_catalog_backfill_20260702,"Backfilled from confirmed partner source for catalog vendor coverage, official site/logo already tracked in partners data."
clivet,Clivet,https://www.clivet.com/,assets/img/logos/partners/clivet.svg,https://www.clivet.com/o/clivet-liferay-nuance-theme/images/clivet/logo-simple.svg,engineering-equipment,Инженерное оборудование,hvac,ОВиК и тепловые сети,air-ventilation,Система вентиляции воздуха,ventilation-system,Система вентиляции,ОВиК / климатическое оборудование,ОВиК / климатическое оборудование,ОВиК / климатическое оборудование,ОВиК / климатическое оборудование,true,true,false,false,published,curated_vendor_slug,clivet,partner_catalog_backfill_20260702,"Backfilled from confirmed partner source for catalog vendor coverage, official site/logo already tracked in partners data."
clivet,Clivet,https://www.clivet.com/,assets/img/logos/partners/clivet.svg,https://www.clivet.com/o/clivet-liferay-nuance-theme/images/clivet/logo-simple.svg,engineering-equipment,Инженерное оборудование,hvac,ОВиК и тепловые сети,air-conditioning,Система кондиционирования воздуха,vrf-vrv-and-split-systems,"VRF, VRV и сплит-системы",ОВиК / климатическое оборудование,ОВиК / климатическое оборудование,ОВиК / климатическое оборудование,ОВиК / климатическое оборудование,true,true,false,false,published,curated_vendor_slug,clivet,partner_catalog_backfill_20260702,"Backfilled from confirmed partner source for catalog vendor coverage, official site/logo already tracked in partners data."
clivet,Clivet,https://www.clivet.com/,assets/img/logos/partners/clivet.svg,https://www.clivet.com/o/clivet-liferay-nuance-theme/images/clivet/logo-simple.svg,engineering-equipment,Инженерное оборудование,hvac,ОВиК и тепловые сети,air-conditioning,Система кондиционирования воздуха,vrf-vrv-i-split-sistemy,"VRF, VRV и сплит системы",ОВиК / климатическое оборудование,ОВиК / климатическое оборудование,ОВиК / климатическое оборудование,ОВиК / климатическое оборудование,true,true,false,false,published,curated_vendor_slug,clivet,partner_catalog_backfill_20260702,"Backfilled from confirmed partner source for catalog vendor coverage, official site/logo already tracked in partners data."
kentatsu,KENTATSU,https://kentatsurussia.ru/,assets/img/logos/partners/kentatsu.svg,https://kentatsurussia.ru/frontend/build/images/logo.svg,engineering-equipment,Инженерное оборудование,hvac,ОВиК и тепловые сети,air-ventilation,Система вентиляции воздуха,ventilation-system,Система вентиляции,ОВиК / климатическое оборудование,ОВиК / климатическое оборудование,ОВиК / климатическое оборудование,ОВиК / климатическое оборудование,true,true,false,false,published,curated_vendor_slug,kentatsu,partner_catalog_backfill_20260702,"Backfilled from confirmed partner source for catalog vendor coverage, official site/logo already tracked in partners data."
kentatsu,KENTATSU,https://kentatsurussia.ru/,assets/img/logos/partners/kentatsu.svg,https://kentatsurussia.ru/frontend/build/images/logo.svg,engineering-equipment,Инженерное оборудование,hvac,ОВиК и тепловые сети,air-conditioning,Система кондиционирования воздуха,vrf-vrv-and-split-systems,"VRF, VRV и сплит-системы",ОВиК / климатическое оборудование,ОВиК / климатическое оборудование,ОВиК / климатическое оборудование,ОВиК / климатическое оборудование,true,true,false,false,published,curated_vendor_slug,kentatsu,partner_catalog_backfill_20260702,"Backfilled from confirmed partner source for catalog vendor coverage, official site/logo already tracked in partners data."
kentatsu,KENTATSU,https://kentatsurussia.ru/,assets/img/logos/partners/kentatsu.svg,https://kentatsurussia.ru/frontend/build/images/logo.svg,engineering-equipment,Инженерное оборудование,hvac,ОВиК и тепловые сети,air-conditioning,Система кондиционирования воздуха,vrf-vrv-i-split-sistemy,"VRF, VRV и сплит системы",ОВиК / климатическое оборудование,ОВиК / климатическое оборудование,ОВиК / климатическое оборудование,ОВиК / климатическое оборудование,true,true,false,false,published,curated_vendor_slug,kentatsu,partner_catalog_backfill_20260702,"Backfilled from confirmed partner source for catalog vendor coverage, official site/logo already tracked in partners data."
midea,MIDEA,https://www.midea.com/global/,assets/img/logos/partners/midea.png,https://web-res.midea.com/content/dam/midea-aem/global/official/midea-logo.png/jcr%3Acontent/renditions/midea-logo.webp,engineering-equipment,Инженерное оборудование,hvac,ОВиК и тепловые сети,air-ventilation,Система вентиляции воздуха,ventilation-system,Система вентиляции,ОВиК / климатическое оборудование,ОВиК / климатическое оборудование,ОВиК / климатическое оборудование,ОВиК / климатическое оборудование,true,true,false,false,published,curated_vendor_slug,midea,partner_catalog_backfill_20260702,"Backfilled from confirmed partner source for catalog vendor coverage, official site/logo already tracked in partners data."
midea,MIDEA,https://www.midea.com/global/,assets/img/logos/partners/midea.png,https://web-res.midea.com/content/dam/midea-aem/global/official/midea-logo.png/jcr%3Acontent/renditions/midea-logo.webp,engineering-equipment,Инженерное оборудование,hvac,ОВиК и тепловые сети,air-conditioning,Система кондиционирования воздуха,vrf-vrv-and-split-systems,"VRF, VRV и сплит-системы",ОВиК / климатическое оборудование,ОВиК / климатическое оборудование,ОВиК / климатическое оборудование,ОВиК / климатическое оборудование,true,true,false,false,published,curated_vendor_slug,midea,partner_catalog_backfill_20260702,"Backfilled from confirmed partner source for catalog vendor coverage, official site/logo already tracked in partners data."
midea,MIDEA,https://www.midea.com/global/,assets/img/logos/partners/midea.png,https://web-res.midea.com/content/dam/midea-aem/global/official/midea-logo.png/jcr%3Acontent/renditions/midea-logo.webp,engineering-equipment,Инженерное оборудование,hvac,ОВиК и тепловые сети,air-conditioning,Система кондиционирования воздуха,vrf-vrv-i-split-sistemy,"VRF, VRV и сплит системы",ОВиК / климатическое оборудование,ОВиК / климатическое оборудование,ОВиК / климатическое оборудование,ОВиК / климатическое оборудование,true,true,false,false,published,curated_vendor_slug,midea,partner_catalog_backfill_20260702,"Backfilled from confirmed partner source for catalog vendor coverage, official site/logo already tracked in partners data."
prado,PRADO,https://radiator-prado.ru/,assets/img/logos/partners/prado.webp,https://radiator-prado.ru/upload/CMax/c2f/cfjod3b7deghsrwr5lxr9uc77u5b6ia6/logo.webp,engineering-equipment,Инженерное оборудование,hvac,ОВиК и тепловые сети,heating-radiators,Радиаторы,steel-panel-radiators,Радиаторы стальные панельные,ОВиК / радиаторы,ОВиК / радиаторы,ОВиК / радиаторы,ОВиК / радиаторы,true,true,false,false,published,curated_vendor_slug,prado,partner_catalog_backfill_20260702,"Backfilled from confirmed partner source for catalog vendor coverage, official site/logo already tracked in partners data."
prado,PRADO,https://radiator-prado.ru/,assets/img/logos/partners/prado.webp,https://radiator-prado.ru/upload/CMax/c2f/cfjod3b7deghsrwr5lxr9uc77u5b6ia6/logo.webp,engineering-equipment,Инженерное оборудование,hvac,ОВиК и тепловые сети,heating-radiators,Радиаторы,bimetallic-radiators,Радиаторы биметаллические,ОВиК / радиаторы,ОВиК / радиаторы,ОВиК / радиаторы,ОВиК / радиаторы,true,true,false,false,published,curated_vendor_slug,prado,partner_catalog_backfill_20260702,"Backfilled from confirmed partner source for catalog vendor coverage, official site/logo already tracked in partners data."
prado,PRADO,https://radiator-prado.ru/,assets/img/logos/partners/prado.webp,https://radiator-prado.ru/upload/CMax/c2f/cfjod3b7deghsrwr5lxr9uc77u5b6ia6/logo.webp,engineering-equipment,Инженерное оборудование,hvac,ОВиК и тепловые сети,heating-radiators,Радиаторы,radiatory,Радиаторы,ОВиК / радиаторы,ОВиК / радиаторы,ОВиК / радиаторы,ОВиК / радиаторы,true,true,false,false,published,curated_vendor_slug,prado,partner_catalog_backfill_20260702,"Backfilled from confirmed partner source for catalog vendor coverage, official site/logo already tracked in partners data."
prado,PRADO,https://radiator-prado.ru/,assets/img/logos/partners/prado.webp,https://radiator-prado.ru/upload/CMax/c2f/cfjod3b7deghsrwr5lxr9uc77u5b6ia6/logo.webp,engineering-equipment,Инженерное оборудование,hvac,ОВиК и тепловые сети,heating-radiators,Радиаторы,konvektory,Конвекторы,ОВиК / радиаторы,ОВиК / радиаторы,ОВиК / радиаторы,ОВиК / радиаторы,true,true,false,false,published,curated_vendor_slug,prado,partner_catalog_backfill_20260702,"Backfilled from confirmed partner source for catalog vendor coverage, official site/logo already tracked in partners data."
rifar,RIFAR,https://rifar.ru/,assets/img/logos/partners/rifar.png,https://rifar.ru/images/logo.png,engineering-equipment,Инженерное оборудование,hvac,ОВиК и тепловые сети,heating-radiators,Радиаторы,steel-panel-radiators,Радиаторы стальные панельные,ОВиК / радиаторы,ОВиК / радиаторы,ОВиК / радиаторы,ОВиК / радиаторы,true,true,false,false,published,curated_vendor_slug,rifar,partner_catalog_backfill_20260702,"Backfilled from confirmed partner source for catalog vendor coverage, official site/logo already tracked in partners data."
rifar,RIFAR,https://rifar.ru/,assets/img/logos/partners/rifar.png,https://rifar.ru/images/logo.png,engineering-equipment,Инженерное оборудование,hvac,ОВиК и тепловые сети,heating-radiators,Радиаторы,bimetallic-radiators,Радиаторы биметаллические,ОВиК / радиаторы,ОВиК / радиаторы,ОВиК / радиаторы,ОВиК / радиаторы,true,true,false,false,published,curated_vendor_slug,rifar,partner_catalog_backfill_20260702,"Backfilled from confirmed partner source for catalog vendor coverage, official site/logo already tracked in partners data."
rifar,RIFAR,https://rifar.ru/,assets/img/logos/partners/rifar.png,https://rifar.ru/images/logo.png,engineering-equipment,Инженерное оборудование,hvac,ОВиК и тепловые сети,heating-radiators,Радиаторы,radiatory,Радиаторы,ОВиК / радиаторы,ОВиК / радиаторы,ОВиК / радиаторы,ОВиК / радиаторы,true,true,false,false,published,curated_vendor_slug,rifar,partner_catalog_backfill_20260702,"Backfilled from confirmed partner source for catalog vendor coverage, official site/logo already tracked in partners data."
rifar,RIFAR,https://rifar.ru/,assets/img/logos/partners/rifar.png,https://rifar.ru/images/logo.png,engineering-equipment,Инженерное оборудование,hvac,ОВиК и тепловые сети,heating-radiators,Радиаторы,konvektory,Конвекторы,ОВиК / радиаторы,ОВиК / радиаторы,ОВиК / радиаторы,ОВиК / радиаторы,true,true,false,false,published,curated_vendor_slug,rifar,partner_catalog_backfill_20260702,"Backfilled from confirmed partner source for catalog vendor coverage, official site/logo already tracked in partners data."
aquapolis,AQUAPOLIS,https://aquapolis.ru,assets/img/logos/vendors/import-20260630/aquapolis.svg,https://aquapolis.ru/upload/logo.svg,engineering-equipment,Инженерное оборудование,water,Водоснабжение и водоотведение,sanitary-equipment,Сантехническое оборудование,mixers,Смесители,ОВиК и тепловые сети,Инженерные системы,Инженерные системы,сантехника,true,true,true,true,published,curated_type_alias,сантехника,supplier_import_20260630_official_site,"Prepared from supplier table. Sheet: сантехника , row 135. Logo source: official site."
aquapolis,AQUAPOLIS,https://aquapolis.ru,assets/img/logos/vendors/import-20260630/aquapolis.svg,https://aquapolis.ru/upload/logo.svg,engineering-equipment,Инженерное оборудование,water,Водоснабжение и водоотведение,sanitary-equipment,Сантехническое оборудование,bathroom-complectation,Комплектация санузла,ОВиК и тепловые сети,Инженерные системы,Инженерные системы,сантехника,true,true,true,true,published,curated_type_alias,сантехника,supplier_import_20260630_official_site,"Prepared from supplier table. Sheet: сантехника , row 135. Logo source: official site."
aquapolis,AQUAPOLIS,https://aquapolis.ru,assets/img/logos/vendors/import-20260630/aquapolis.svg,https://aquapolis.ru/upload/logo.svg,engineering-equipment,Инженерное оборудование,water,Водоснабжение и водоотведение,sanitary-equipment,Сантехническое оборудование,rakoviny-i-unitazy,Раковины и унитазы,ОВиК и тепловые сети,Инженерные системы,Инженерные системы,сантехника,true,true,true,true,published,curated_type_alias,сантехника,supplier_import_20260630_official_site,"Prepared from supplier table. Sheet: сантехника , row 135. Logo source: official site."
aquapolis,AQUAPOLIS,https://aquapolis.ru,assets/img/logos/vendors/import-20260630/aquapolis.svg,https://aquapolis.ru/upload/logo.svg,engineering-equipment,Инженерное оборудование,water,Водоснабжение и водоотведение,sanitary-equipment,Сантехническое оборудование,sanfayans,Санфаянс,ОВиК и тепловые сети,Инженерные системы,Инженерные системы,сантехника,true,true,true,true,published,curated_type_alias,сантехника,supplier_import_20260630_official_site,"Prepared from supplier table. Sheet: сантехника , row 135. Logo source: official site."
leo-center,LEO center,https://leo-center.ru,assets/img/logos/vendors/import-20260630/leo-center.svg,https://leo-center.ru/favicon.svg,engineering-equipment,Инженерное оборудование,water,Водоснабжение и водоотведение,sanitary-equipment,Сантехническое оборудование,mixers,Смесители,ОВиК и тепловые сети,Инженерные системы,Инженерные системы,сантехника,true,true,false,false,published,curated_type_alias,сантехника,supplier_import_20260630_official_site,"Prepared from supplier table. Sheet: сантехника , row 120. Logo source: official site."
leo-center,LEO center,https://leo-center.ru,assets/img/logos/vendors/import-20260630/leo-center.svg,https://leo-center.ru/favicon.svg,engineering-equipment,Инженерное оборудование,water,Водоснабжение и водоотведение,sanitary-equipment,Сантехническое оборудование,bathroom-complectation,Комплектация санузла,ОВиК и тепловые сети,Инженерные системы,Инженерные системы,сантехника,true,true,false,false,published,curated_type_alias,сантехника,supplier_import_20260630_official_site,"Prepared from supplier table. Sheet: сантехника , row 120. Logo source: official site."
leo-center,LEO center,https://leo-center.ru,assets/img/logos/vendors/import-20260630/leo-center.svg,https://leo-center.ru/favicon.svg,engineering-equipment,Инженерное оборудование,water,Водоснабжение и водоотведение,sanitary-equipment,Сантехническое оборудование,rakoviny-i-unitazy,Раковины и унитазы,ОВиК и тепловые сети,Инженерные системы,Инженерные системы,сантехника,true,true,false,false,published,curated_type_alias,сантехника,supplier_import_20260630_official_site,"Prepared from supplier table. Sheet: сантехника , row 120. Logo source: official site."
leo-center,LEO center,https://leo-center.ru,assets/img/logos/vendors/import-20260630/leo-center.svg,https://leo-center.ru/favicon.svg,engineering-equipment,Инженерное оборудование,water,Водоснабжение и водоотведение,sanitary-equipment,Сантехническое оборудование,sanfayans,Санфаянс,ОВиК и тепловые сети,Инженерные системы,Инженерные системы,сантехника,true,true,false,false,published,curated_type_alias,сантехника,supplier_import_20260630_official_site,"Prepared from supplier table. Sheet: сантехника , row 120. Logo source: official site."
solur-aluminium-company,Solur aluminium Company,https://solur-aluminium.ru,assets/img/logos/vendors/import-20260630/solur-aluminium-company.svg,https://solur-aluminium.ru/static/logo.old-39852271237d694edbb9947b764bb524.svg,engineering-equipment,Инженерное оборудование,hvac,ОВиК и тепловые сети,heating-radiators,Радиаторы,steel-panel-radiators,Радиаторы стальные панельные,ОВиК и тепловые сети,Инженерные системы,Инженерные системы,Радиаторы,true,true,false,false,published,curated_type_alias,Радиаторы,supplier_import_20260630_official_site,"Prepared from supplier table. Sheet: Радиаторы, row 4. Logo source: official site."
solur-aluminium-company,Solur aluminium Company,https://solur-aluminium.ru,assets/img/logos/vendors/import-20260630/solur-aluminium-company.svg,https://solur-aluminium.ru/static/logo.old-39852271237d694edbb9947b764bb524.svg,engineering-equipment,Инженерное оборудование,hvac,ОВиК и тепловые сети,heating-radiators,Радиаторы,bimetallic-radiators,Радиаторы биметаллические,ОВиК и тепловые сети,Инженерные системы,Инженерные системы,Радиаторы,true,true,false,false,published,curated_type_alias,Радиаторы,supplier_import_20260630_official_site,"Prepared from supplier table. Sheet: Радиаторы, row 4. Logo source: official site."
solur-aluminium-company,Solur aluminium Company,https://solur-aluminium.ru,assets/img/logos/vendors/import-20260630/solur-aluminium-company.svg,https://solur-aluminium.ru/static/logo.old-39852271237d694edbb9947b764bb524.svg,engineering-equipment,Инженерное оборудование,hvac,ОВиК и тепловые сети,heating-radiators,Радиаторы,radiatory,Радиаторы,ОВиК и тепловые сети,Инженерные системы,Инженерные системы,Радиаторы,true,true,false,false,published,curated_type_alias,Радиаторы,supplier_import_20260630_official_site,"Prepared from supplier table. Sheet: Радиаторы, row 4. Logo source: official site."
vakio,VAKIO,https://vakio.ru,assets/img/logos/vendors/import-20260630/vakio.png,https://vakio.ru/wp-content/uploads/2021/08/logonew.png,engineering-equipment,Инженерное оборудование,hvac,ОВиК и тепловые сети,air-ventilation,Система вентиляции воздуха,ventilation-system,Система вентиляции,ОВиК и тепловые сети,Инженерные системы,Инженерные системы,Вентиляция,true,true,true,true,published,curated_type_alias,Вентиляция,supplier_import_20260630_official_site,"Prepared from supplier table. Sheet: Вентиляция , row 66. Logo source: official site."
alterplast,АЛЬТЕРПЛАСТ,https://alterplast.ru,assets/img/logos/vendors/import-20260630/alterplast.svg,https://www.alterplast.ru/local/templates/alterplast/images/header_logo.svg,engineering-equipment,Инженерное оборудование,water,Водоснабжение и водоотведение,sanitary-equipment,Сантехническое оборудование,mixers,Смесители,ОВиК и тепловые сети,Инженерные системы,Инженерные системы,сантехника,true,true,false,false,published,curated_type_alias,сантехника,supplier_import_20260630_official_site,"Prepared from supplier table. Sheet: сантехника , row 130. Logo source: official site."
alterplast,АЛЬТЕРПЛАСТ,https://alterplast.ru,assets/img/logos/vendors/import-20260630/alterplast.svg,https://www.alterplast.ru/local/templates/alterplast/images/header_logo.svg,engineering-equipment,Инженерное оборудование,water,Водоснабжение и водоотведение,sanitary-equipment,Сантехническое оборудование,bathroom-complectation,Комплектация санузла,ОВиК и тепловые сети,Инженерные системы,Инженерные системы,сантехника,true,true,false,false,published,curated_type_alias,сантехника,supplier_import_20260630_official_site,"Prepared from supplier table. Sheet: сантехника , row 130. Logo source: official site."
alterplast,АЛЬТЕРПЛАСТ,https://alterplast.ru,assets/img/logos/vendors/import-20260630/alterplast.svg,https://www.alterplast.ru/local/templates/alterplast/images/header_logo.svg,engineering-equipment,Инженерное оборудование,water,Водоснабжение и водоотведение,sanitary-equipment,Сантехническое оборудование,rakoviny-i-unitazy,Раковины и унитазы,ОВиК и тепловые сети,Инженерные системы,Инженерные системы,сантехника,true,true,false,false,published,curated_type_alias,сантехника,supplier_import_20260630_official_site,"Prepared from supplier table. Sheet: сантехника , row 130. Logo source: official site."
alterplast,АЛЬТЕРПЛАСТ,https://alterplast.ru,assets/img/logos/vendors/import-20260630/alterplast.svg,https://www.alterplast.ru/local/templates/alterplast/images/header_logo.svg,engineering-equipment,Инженерное оборудование,water,Водоснабжение и водоотведение,sanitary-equipment,Сантехническое оборудование,sanfayans,Санфаянс,ОВиК и тепловые сети,Инженерные системы,Инженерные системы,сантехника,true,true,false,false,published,curated_type_alias,сантехника,supplier_import_20260630_official_site,"Prepared from supplier table. Sheet: сантехника , row 130. Logo source: official site."
ventart-grupp-ooo,ВЕНТАРТ ГРУПП ООО,https://ventart.ru,assets/img/logos/vendors/import-20260630/ventart-grupp-ooo.jpg,https://www.ventart.ru/bitrix/templates/ventart/images/logo.jpg,engineering-equipment,Инженерное оборудование,hvac,ОВиК и тепловые сети,air-ventilation,Система вентиляции воздуха,ventilation-system,Система вентиляции,ОВиК и тепловые сети,Инженерные системы,Инженерные системы,Вентиляция,true,true,true,true,published,curated_type_alias,Вентиляция,supplier_import_20260630_official_site,"Prepared from supplier table. Sheet: Вентиляция , row 54. Logo source: official site."
ventinform-ooo,ВЕНТИНФОРМ ООО,https://ventinform.ru,assets/img/logos/vendors/import-20260630/ventinform-ooo.png,https://www.ventinform.ru/arr/images/logo.png,engineering-equipment,Инженерное оборудование,hvac,ОВиК и тепловые сети,air-ventilation,Система вентиляции воздуха,ventilation-system,Система вентиляции,ОВиК и тепловые сети,Инженерные системы,Инженерные системы,Вентиляция,true,true,false,false,published,curated_type_alias,Вентиляция,supplier_import_20260630_official_site,"Prepared from supplier table. Sheet: Вентиляция , row 18. Logo source: official site."
ventsistems-ooo,ВЕНТСИСТЕМС ООО,https://vent-mo.ru,assets/img/logos/vendors/import-20260630/ventsistems-ooo.webp,https://vent-mo.ru/imgx/logo-new.webp,engineering-equipment,Инженерное оборудование,hvac,ОВиК и тепловые сети,air-ventilation,Система вентиляции воздуха,ventilation-system,Система вентиляции,ОВиК и тепловые сети,Инженерные системы,Инженерные системы,Вентиляция,true,true,false,false,published,curated_type_alias,Вентиляция,supplier_import_20260630_official_site,"Prepared from supplier table. Sheet: Вентиляция , row 10. Logo source: official site."
vts-ooo,ВТС ООО,https://vtsgroup.com,assets/img/logos/vendors/import-20260630/vts-ooo.svg,https://vtsgroup.com/v_t_s/images/logo.svg,engineering-equipment,Инженерное оборудование,hvac,ОВиК и тепловые сети,air-ventilation,Система вентиляции воздуха,ventilation-system,Система вентиляции,ОВиК и тепловые сети,Инженерные системы,Инженерные системы,Вентиляция,true,true,false,false,published,curated_type_alias,Вентиляция,supplier_import_20260630_official_site,"Prepared from supplier table. Sheet: Вентиляция , row 7. Logo source: official site."
ventilyatsionnyy-zavod-viktoriya,Вентиляционный завод Виктория,https://v-klapan.ru,assets/img/logos/vendors/import-20260630/ventilyatsionnyy-zavod-viktoriya.svg,https://v-klapan.ru/media/imcndahq/head-logo.svg,engineering-equipment,Инженерное оборудование,hvac,ОВиК и тепловые сети,air-ventilation,Система вентиляции воздуха,ventilation-system,Система вентиляции,ОВиК и тепловые сети,Инженерные системы,Инженерные системы,Вентиляция,true,true,false,false,published,curated_type_alias,Вентиляция,supplier_import_20260630_official_site,"Prepared from supplier table. Sheet: Вентиляция , row 33. Logo source: official site."
gallop,ГАЛЛОП,https://gallop.ru,assets/img/logos/vendors/import-20260630/gallop.png,https://gallop.ru/bitrix/templates/main/images/logo.png,engineering-equipment,Инженерное оборудование,water,Водоснабжение и водоотведение,sanitary-equipment,Сантехническое оборудование,mixers,Смесители,ОВиК и тепловые сети,Инженерные системы,Инженерные системы,сантехника,true,true,false,false,published,curated_type_alias,сантехника,supplier_import_20260630_official_site,"Prepared from supplier table. Sheet: сантехника , row 124. Logo source: official site."
gallop,ГАЛЛОП,https://gallop.ru,assets/img/logos/vendors/import-20260630/gallop.png,https://gallop.ru/bitrix/templates/main/images/logo.png,engineering-equipment,Инженерное оборудование,water,Водоснабжение и водоотведение,sanitary-equipment,Сантехническое оборудование,bathroom-complectation,Комплектация санузла,ОВиК и тепловые сети,Инженерные системы,Инженерные системы,сантехника,true,true,false,false,published,curated_type_alias,сантехника,supplier_import_20260630_official_site,"Prepared from supplier table. Sheet: сантехника , row 124. Logo source: official site."
gallop,ГАЛЛОП,https://gallop.ru,assets/img/logos/vendors/import-20260630/gallop.png,https://gallop.ru/bitrix/templates/main/images/logo.png,engineering-equipment,Инженерное оборудование,water,Водоснабжение и водоотведение,sanitary-equipment,Сантехническое оборудование,rakoviny-i-unitazy,Раковины и унитазы,ОВиК и тепловые сети,Инженерные системы,Инженерные системы,сантехника,true,true,false,false,published,curated_type_alias,сантехника,supplier_import_20260630_official_site,"Prepared from supplier table. Sheet: сантехника , row 124. Logo source: official site."
gallop,ГАЛЛОП,https://gallop.ru,assets/img/logos/vendors/import-20260630/gallop.png,https://gallop.ru/bitrix/templates/main/images/logo.png,engineering-equipment,Инженерное оборудование,water,Водоснабжение и водоотведение,sanitary-equipment,Сантехническое оборудование,sanfayans,Санфаянс,ОВиК и тепловые сети,Инженерные системы,Инженерные системы,сантехника,true,true,false,false,published,curated_type_alias,сантехника,supplier_import_20260630_official_site,"Prepared from supplier table. Sheet: сантехника , row 124. Logo source: official site."
globus-stal,ГЛОБУС СТАЛЬ,https://globus-stal.ru,assets/img/logos/vendors/import-20260630/globus-stal.svg,https://www.globus-stal.ru/bitrix/templates/globus_ru/images/logo_s1.svg,engineering-equipment,Инженерное оборудование,water,Водоснабжение и водоотведение,sanitary-equipment,Сантехническое оборудование,mixers,Смесители,ОВиК и тепловые сети,Инженерные системы,Инженерные системы,сантехника,true,true,false,false,published,curated_type_alias,сантехника,supplier_import_20260630_official_site,"Prepared from supplier table. Sheet: сантехника , row 126. Logo source: official site."
globus-stal,ГЛОБУС СТАЛЬ,https://globus-stal.ru,assets/img/logos/vendors/import-20260630/globus-stal.svg,https://www.globus-stal.ru/bitrix/templates/globus_ru/images/logo_s1.svg,engineering-equipment,Инженерное оборудование,water,Водоснабжение и водоотведение,sanitary-equipment,Сантехническое оборудование,bathroom-complectation,Комплектация санузла,ОВиК и тепловые сети,Инженерные системы,Инженерные системы,сантехника,true,true,false,false,published,curated_type_alias,сантехника,supplier_import_20260630_official_site,"Prepared from supplier table. Sheet: сантехника , row 126. Logo source: official site."
globus-stal,ГЛОБУС СТАЛЬ,https://globus-stal.ru,assets/img/logos/vendors/import-20260630/globus-stal.svg,https://www.globus-stal.ru/bitrix/templates/globus_ru/images/logo_s1.svg,engineering-equipment,Инженерное оборудование,water,Водоснабжение и водоотведение,sanitary-equipment,Сантехническое оборудование,rakoviny-i-unitazy,Раковины и унитазы,ОВиК и тепловые сети,Инженерные системы,Инженерные системы,сантехника,true,true,false,false,published,curated_type_alias,сантехника,supplier_import_20260630_official_site,"Prepared from supplier table. Sheet: сантехника , row 126. Logo source: official site."
globus-stal,ГЛОБУС СТАЛЬ,https://globus-stal.ru,assets/img/logos/vendors/import-20260630/globus-stal.svg,https://www.globus-stal.ru/bitrix/templates/globus_ru/images/logo_s1.svg,engineering-equipment,Инженерное оборудование,water,Водоснабжение и водоотведение,sanitary-equipment,Сантехническое оборудование,sanfayans,Санфаянс,ОВиК и тепловые сети,Инженерные системы,Инженерные системы,сантехника,true,true,false,false,published,curated_type_alias,сантехника,supplier_import_20260630_official_site,"Prepared from supplier table. Sheet: сантехника , row 126. Logo source: official site."
gradvent-ooo,ГРАДВЕНТ ООО,https://gradvent.ru,assets/img/logos/vendors/import-20260630/gradvent-ooo.png,https://gradvent.ru/wa-data/public/site/data/gradvent.ru/logo_new_160x50.png,engineering-equipment,Инженерное оборудование,hvac,ОВиК и тепловые сети,air-ventilation,Система вентиляции воздуха,ventilation-system,Система вентиляции,ОВиК и тепловые сети,Инженерные системы,Инженерные системы,Вентиляция,true,true,false,false,published,curated_type_alias,Вентиляция,supplier_import_20260630_official_site,"Prepared from supplier table. Sheet: Вентиляция , row 6. Logo source: official site."
gruppa-kompaniy-poleks-ooo,ГРУППА КОМПАНИЙ ПОЛЕКС ООО,https://polexgroup.ru,assets/img/logos/vendors/import-20260630/gruppa-kompaniy-poleks-ooo.gif,https://www.polexgroup.ru:443/fileadmin/polexgroup.ru/templates/images/logo.gif,engineering-equipment,Инженерное оборудование,hvac,ОВиК и тепловые сети,air-ventilation,Система вентиляции воздуха,ventilation-system,Система вентиляции,ОВиК и тепловые сети,Инженерные системы,Инженерные системы,Вентиляция,true,true,false,false,published,curated_type_alias,Вентиляция,supplier_import_20260630_official_site,"Prepared from supplier table. Sheet: Вентиляция , row 16. Logo source: official site."
dymohod-ooo,ДЫМОХОД ООО,https://rosinox-klin.ru,assets/img/logos/vendors/import-20260630/dymohod-ooo.png,https://rosinox-klin.ru/images/header_logo.png,engineering-equipment,Инженерное оборудование,hvac,ОВиК и тепловые сети,air-ventilation,Система вентиляции воздуха,ventilation-system,Система вентиляции,ОВиК и тепловые сети,Инженерные системы,Инженерные системы,Вентиляция,true,true,false,false,published,curated_type_alias,Вентиляция,supplier_import_20260630_official_site,"Prepared from supplier table. Sheet: Вентиляция , row 23. Logo source: official site."
zavod-rvk,Завод РВК,https://rvkinfo.com,assets/img/logos/vendors/import-20260630/zavod-rvk.svg,https://rvkinfo.com/wp-content/uploads/2025/09/logo.svg,engineering-equipment,Инженерное оборудование,water,Водоснабжение и водоотведение,sanitary-equipment,Сантехническое оборудование,mixers,Смесители,ОВиК и тепловые сети,Инженерные системы,Инженерные системы,сантехника,true,true,true,true,published,curated_vendor_slug,zavod-rvk,supplier_import_20260630_official_site,"Prepared from supplier table. Sheet: сантехника , row 85. Logo source: official site."
zavod-rvk,Завод РВК,https://rvkinfo.com,assets/img/logos/vendors/import-20260630/zavod-rvk.svg,https://rvkinfo.com/wp-content/uploads/2025/09/logo.svg,engineering-equipment,Инженерное оборудование,water,Водоснабжение и водоотведение,sanitary-equipment,Сантехническое оборудование,bathroom-complectation,Комплектация санузла,ОВиК и тепловые сети,Инженерные системы,Инженерные системы,сантехника,true,true,true,true,published,curated_vendor_slug,zavod-rvk,supplier_import_20260630_official_site,"Prepared from supplier table. Sheet: сантехника , row 85. Logo source: official site."
zavod-rvk,Завод РВК,https://rvkinfo.com,assets/img/logos/vendors/import-20260630/zavod-rvk.svg,https://rvkinfo.com/wp-content/uploads/2025/09/logo.svg,engineering-equipment,Инженерное оборудование,water,Водоснабжение и водоотведение,sanitary-equipment,Сантехническое оборудование,rakoviny-i-unitazy,Раковины и унитазы,ОВиК и тепловые сети,Инженерные системы,Инженерные системы,сантехника,true,true,true,true,published,curated_vendor_slug,zavod-rvk,supplier_import_20260630_official_site,"Prepared from supplier table. Sheet: сантехника , row 85. Logo source: official site."
zavod-rvk,Завод РВК,https://rvkinfo.com,assets/img/logos/vendors/import-20260630/zavod-rvk.svg,https://rvkinfo.com/wp-content/uploads/2025/09/logo.svg,engineering-equipment,Инженерное оборудование,water,Водоснабжение и водоотведение,sanitary-equipment,Сантехническое оборудование,sanfayans,Санфаянс,ОВиК и тепловые сети,Инженерные системы,Инженерные системы,сантехника,true,true,true,true,published,curated_vendor_slug,zavod-rvk,supplier_import_20260630_official_site,"Prepared from supplier table. Sheet: сантехника , row 85. Logo source: official site."
zavod-rvk,Завод РВК,https://rvkinfo.com,assets/img/logos/vendors/import-20260630/zavod-rvk.svg,https://rvkinfo.com/wp-content/uploads/2025/09/logo.svg,engineering-equipment,Инженерное оборудование,water,Водоснабжение и водоотведение,water-supply,Водоснабжение,truba-polipropilen,Труба полипропилен,ОВиК и тепловые сети,Инженерные системы,Инженерные системы,сантехника,true,true,true,true,published,curated_vendor_slug,zavod-rvk,supplier_import_20260630_official_site,"Prepared from supplier table. Sheet: сантехника , row 85. Logo source: official site."
zavod-teploizolyatsii-umk,Завод Теплоизоляции УМК,https://uralmk.com,assets/img/logos/vendors/import-20260630/zavod-teploizolyatsii-umk.png,https://uralmk.com/t/images/new_logo.png,engineering-equipment,Инженерное оборудование,hvac,ОВиК и тепловые сети,teplovye-seti,Тепловые сети,truba-v-ppu,Труба в ППУ,ОВиК и тепловые сети,Инженерные системы,Инженерные системы,труба в ППУ,true,true,false,false,published,curated_type_alias,труба в ППУ,supplier_import_20260630_official_site,"Prepared from supplier table. Sheet: труба в ППУ, row 19. Logo source: official site."
zavod-izolyatsii-trub-kompanii-sts-izolyatsiya,Завод изоляции труб компании СТС Изоляция,https://stscom.ru,assets/img/logos/vendors/import-20260630/zavod-izolyatsii-trub-kompanii-sts-izolyatsiya.jpg,https://www.stscom.ru/images/logo.jpg,engineering-equipment,Инженерное оборудование,hvac,ОВиК и тепловые сети,teplovye-seti,Тепловые сети,truba-v-ppu,Труба в ППУ,ОВиК и тепловые сети,Инженерные системы,Инженерные системы,труба в ППУ,true,true,false,false,published,curated_type_alias,труба в ППУ,supplier_import_20260630_official_site,"Prepared from supplier table. Sheet: труба в ППУ, row 21. Logo source: official site."
klimatventmash,КЛИМАТВЕНТМАШ,https://cvm.ru,assets/img/logos/vendors/import-20260630/klimatventmash.png,https://www.cvm.ru/assets/images/logo.png,engineering-equipment,Инженерное оборудование,hvac,ОВиК и тепловые сети,air-ventilation,Система вентиляции воздуха,ventilation-system,Система вентиляции,ОВиК и тепловые сети,Инженерные системы,Инженерные системы,Вентиляция,true,true,false,false,published,curated_type_alias,Вентиляция,supplier_import_20260630_official_site,"Prepared from supplier table. Sheet: Вентиляция , row 39. Logo source: official site."
kompaniya-teh-aero,"Компания ""Тех-Аэро""",https://tech-aero.ru,assets/img/logos/vendors/import-20260630/kompaniya-teh-aero.svg,https://tech-aero.ru/assets/templates/TechAero/img/logo.svg,engineering-equipment,Инженерное оборудование,water,Водоснабжение и водоотведение,external-water-and-sewer-networks,Наружные сети водоснабжения и канализации,kns,КНС,ОВиК и тепловые сети,Инженерные системы,Инженерные системы,КНС,true,true,false,false,published,curated_type_alias,КНС,supplier_import_20260630_official_site,"Prepared from supplier table. Sheet: КНС, row 9. Logo source: official site."
kompaniya-teh-aero,"Компания ""Тех-Аэро""",https://tech-aero.ru,assets/img/logos/vendors/import-20260630/kompaniya-teh-aero.svg,https://tech-aero.ru/assets/templates/TechAero/img/logo.svg,engineering-equipment,Инженерное оборудование,water,Водоснабжение и водоотведение,wastewater-and-drainage,Водоотведение,indoor-sewage-pumping-stations,КНС внутренней установки,ОВиК и тепловые сети,Инженерные системы,Инженерные системы,КНС,true,true,false,false,published,curated_type_alias,КНС,supplier_import_20260630_official_site,"Prepared from supplier table. Sheet: КНС, row 9. Logo source: official site."
kompaniya-teh-aero,"Компания ""Тех-Аэро""",https://tech-aero.ru,assets/img/logos/vendors/import-20260630/kompaniya-teh-aero.svg,https://tech-aero.ru/assets/templates/TechAero/img/logo.svg,engineering-equipment,Инженерное оборудование,water,Водоснабжение и водоотведение,water-supply,Водоснабжение,storm-drainage-kns-tanks-filter-cartridges,"Ливневая канализация, КНС, резервуары и фильтр-патроны",ОВиК и тепловые сети,Инженерные системы,Инженерные системы,КНС,true,true,false,false,published,curated_type_alias,КНС,supplier_import_20260630_official_site,"Prepared from supplier table. Sheet: КНС, row 9. Logo source: official site."
kompaniya-teploizolyatsiya-holding,Компания «Теплоизоляция-Холдинг»,https://ppu37.ru,assets/img/logos/vendors/import-20260630/kompaniya-teploizolyatsiya-holding.svg,https://ppu37.ru/catalog/view/images/logo.svg,engineering-equipment,Инженерное оборудование,hvac,ОВиК и тепловые сети,teplovye-seti,Тепловые сети,truba-v-ppu,Труба в ППУ,ОВиК и тепловые сети,Инженерные системы,Инженерные системы,труба в ППУ,true,true,false,false,published,curated_type_alias,труба в ППУ,supplier_import_20260630_official_site,"Prepared from supplier table. Sheet: труба в ППУ, row 23. Logo source: official site."
kompaniya-elmaks-grupp,Компания Элмакс Групп,https://elmaxgroup.ru,assets/img/logos/vendors/import-20260630/kompaniya-elmaks-grupp.svg,http://elmaxgroup.ru/wp-content/themes/elmaxgroup_1758883807/images/62cd778f1c0f8c7e186a1266_logo_elmax_full.svg,engineering-equipment,Инженерное оборудование,water,Водоснабжение и водоотведение,external-water-and-sewer-networks,Наружные сети водоснабжения и канализации,kns,КНС,ОВиК и тепловые сети,Инженерные системы,Инженерные системы,КНС,true,true,false,false,published,curated_type_alias,КНС,supplier_import_20260630_official_site,"Prepared from supplier table. Sheet: КНС, row 5. Logo source: official site."
kompaniya-elmaks-grupp,Компания Элмакс Групп,https://elmaxgroup.ru,assets/img/logos/vendors/import-20260630/kompaniya-elmaks-grupp.svg,http://elmaxgroup.ru/wp-content/themes/elmaxgroup_1758883807/images/62cd778f1c0f8c7e186a1266_logo_elmax_full.svg,engineering-equipment,Инженерное оборудование,water,Водоснабжение и водоотведение,wastewater-and-drainage,Водоотведение,indoor-sewage-pumping-stations,КНС внутренней установки,ОВиК и тепловые сети,Инженерные системы,Инженерные системы,КНС,true,true,false,false,published,curated_type_alias,КНС,supplier_import_20260630_official_site,"Prepared from supplier table. Sheet: КНС, row 5. Logo source: official site."
kompaniya-elmaks-grupp,Компания Элмакс Групп,https://elmaxgroup.ru,assets/img/logos/vendors/import-20260630/kompaniya-elmaks-grupp.svg,http://elmaxgroup.ru/wp-content/themes/elmaxgroup_1758883807/images/62cd778f1c0f8c7e186a1266_logo_elmax_full.svg,engineering-equipment,Инженерное оборудование,water,Водоснабжение и водоотведение,water-supply,Водоснабжение,storm-drainage-kns-tanks-filter-cartridges,"Ливневая канализация, КНС, резервуары и фильтр-патроны",ОВиК и тепловые сети,Инженерные системы,Инженерные системы,КНС,true,true,false,false,published,curated_type_alias,КНС,supplier_import_20260630_official_site,"Prepared from supplier table. Sheet: КНС, row 5. Logo source: official site."
npp-yunikor,"НПП ""ЮНИКОР""",https://unicornplast.ru,assets/img/logos/vendors/import-20260630/npp-yunikor.svg,https://unicornplast.ru/images/logo_Unicorn_new-01.svg,engineering-equipment,Инженерное оборудование,water,Водоснабжение и водоотведение,sanitary-equipment,Сантехническое оборудование,mixers,Смесители,ОВиК и тепловые сети,Инженерные системы,Инженерные системы,сантехника,true,true,false,false,published,curated_type_alias,сантехника,supplier_import_20260630_official_site,"Prepared from supplier table. Sheet: сантехника , row 114. Logo source: official site."
npp-yunikor,"НПП ""ЮНИКОР""",https://unicornplast.ru,assets/img/logos/vendors/import-20260630/npp-yunikor.svg,https://unicornplast.ru/images/logo_Unicorn_new-01.svg,engineering-equipment,Инженерное оборудование,water,Водоснабжение и водоотведение,sanitary-equipment,Сантехническое оборудование,bathroom-complectation,Комплектация санузла,ОВиК и тепловые сети,Инженерные системы,Инженерные системы,сантехника,true,true,false,false,published,curated_type_alias,сантехника,supplier_import_20260630_official_site,"Prepared from supplier table. Sheet: сантехника , row 114. Logo source: official site."
npp-yunikor,"НПП ""ЮНИКОР""",https://unicornplast.ru,assets/img/logos/vendors/import-20260630/npp-yunikor.svg,https://unicornplast.ru/images/logo_Unicorn_new-01.svg,engineering-equipment,Инженерное оборудование,water,Водоснабжение и водоотведение,sanitary-equipment,Сантехническое оборудование,rakoviny-i-unitazy,Раковины и унитазы,ОВиК и тепловые сети,Инженерные системы,Инженерные системы,сантехника,true,true,false,false,published,curated_type_alias,сантехника,supplier_import_20260630_official_site,"Prepared from supplier table. Sheet: сантехника , row 114. Logo source: official site."
npp-yunikor,"НПП ""ЮНИКОР""",https://unicornplast.ru,assets/img/logos/vendors/import-20260630/npp-yunikor.svg,https://unicornplast.ru/images/logo_Unicorn_new-01.svg,engineering-equipment,Инженерное оборудование,water,Водоснабжение и водоотведение,sanitary-equipment,Сантехническое оборудование,sanfayans,Санфаянс,ОВиК и тепловые сети,Инженерные системы,Инженерные системы,сантехника,true,true,false,false,published,curated_type_alias,сантехника,supplier_import_20260630_official_site,"Prepared from supplier table. Sheet: сантехника , row 114. Logo source: official site."
novouralskiy-trubnyy-zavod,Новоуральский трубный завод,https://ntzural.ru,assets/img/logos/vendors/import-20260630/novouralskiy-trubnyy-zavod.png,https://ntzural.ru/wp-content/uploads/sites/251939/logo_new.png,engineering-equipment,Инженерное оборудование,water,Водоснабжение и водоотведение,sanitary-equipment,Сантехническое оборудование,mixers,Смесители,ОВиК и тепловые сети,Инженерные системы,Инженерные системы,сантехника,true,true,false,false,published,curated_type_alias,сантехника,supplier_import_20260630_official_site,"Prepared from supplier table. Sheet: сантехника , row 89. Logo source: official site."
novouralskiy-trubnyy-zavod,Новоуральский трубный завод,https://ntzural.ru,assets/img/logos/vendors/import-20260630/novouralskiy-trubnyy-zavod.png,https://ntzural.ru/wp-content/uploads/sites/251939/logo_new.png,engineering-equipment,Инженерное оборудование,water,Водоснабжение и водоотведение,sanitary-equipment,Сантехническое оборудование,bathroom-complectation,Комплектация санузла,ОВиК и тепловые сети,Инженерные системы,Инженерные системы,сантехника,true,true,false,false,published,curated_type_alias,сантехника,supplier_import_20260630_official_site,"Prepared from supplier table. Sheet: сантехника , row 89. Logo source: official site."
novouralskiy-trubnyy-zavod,Новоуральский трубный завод,https://ntzural.ru,assets/img/logos/vendors/import-20260630/novouralskiy-trubnyy-zavod.png,https://ntzural.ru/wp-content/uploads/sites/251939/logo_new.png,engineering-equipment,Инженерное оборудование,water,Водоснабжение и водоотведение,sanitary-equipment,Сантехническое оборудование,rakoviny-i-unitazy,Раковины и унитазы,ОВиК и тепловые сети,Инженерные системы,Инженерные системы,сантехника,true,true,false,false,published,curated_type_alias,сантехника,supplier_import_20260630_official_site,"Prepared from supplier table. Sheet: сантехника , row 89. Logo source: official site."
novouralskiy-trubnyy-zavod,Новоуральский трубный завод,https://ntzural.ru,assets/img/logos/vendors/import-20260630/novouralskiy-trubnyy-zavod.png,https://ntzural.ru/wp-content/uploads/sites/251939/logo_new.png,engineering-equipment,Инженерное оборудование,water,Водоснабжение и водоотведение,sanitary-equipment,Сантехническое оборудование,sanfayans,Санфаянс,ОВиК и тепловые сети,Инженерные системы,Инженерные системы,сантехника,true,true,false,false,published,curated_type_alias,сантехника,supplier_import_20260630_official_site,"Prepared from supplier table. Sheet: сантехника , row 89. Logo source: official site."
ooo-panoramavent,"ООО ""ПАНОРАМАВЕНТ""",https://panoramavent.ru,assets/img/logos/vendors/import-20260630/ooo-panoramavent.png,https://panoramavent.com/wa-data/public/site/themes/market24_1_1_4/img/logo-mobile.png?v1756978806?v1.1.4.104,engineering-equipment,Инженерное оборудование,hvac,ОВиК и тепловые сети,air-ventilation,Система вентиляции воздуха,ventilation-system,Система вентиляции,ОВиК и тепловые сети,Инженерные системы,Инженерные системы,Вентиляция,true,true,false,false,published,curated_type_alias,Вентиляция,supplier_import_20260630_official_site,"Prepared from supplier table. Sheet: Вентиляция , row 5. Logo source: official site."
ooo-dzheteks,ООО «Джетекс»,https://www.jetexpumps.ru,assets/img/logos/vendors/import-20260630/ooo-dzheteks.png,https://www.jetexpumps.ru/logo_jetex.png,engineering-equipment,Инженерное оборудование,water,Водоснабжение и водоотведение,water-supply,Водоснабжение,water-pumps,Насосное оборудование,ОВиК и тепловые сети,Инженерные системы,Инженерные системы,Насосы,true,true,false,false,published,curated_type_alias,Насосы,supplier_import_20260630_official_site,"Prepared from supplier table. Sheet: Насосы, row 5. Logo source: official site."
ooo-dzheteks,ООО «Джетекс»,https://www.jetexpumps.ru,assets/img/logos/vendors/import-20260630/ooo-dzheteks.png,https://www.jetexpumps.ru/logo_jetex.png,engineering-equipment,Инженерное оборудование,water,Водоснабжение и водоотведение,wastewater-and-drainage,Водоотведение,water-fire-pumps,"Насосное оборудование для ХВС, пожаротушения и автоматического пожаротушения",ОВиК и тепловые сети,Инженерные системы,Инженерные системы,Насосы,true,true,false,false,published,curated_type_alias,Насосы,supplier_import_20260630_official_site,"Prepared from supplier table. Sheet: Насосы, row 5. Logo source: official site."
ooo-dzheteks,ООО «Джетекс»,https://www.jetexpumps.ru,assets/img/logos/vendors/import-20260630/ooo-dzheteks.png,https://www.jetexpumps.ru/logo_jetex.png,engineering-equipment,Инженерное оборудование,hvac,ОВиК и тепловые сети,individual-heat-substation,Индивидуальный тепловой пункт,heat-exchanger-and-pumps,"Теплообменник, насосы",ОВиК и тепловые сети,Инженерные системы,Инженерные системы,Насосы,true,true,false,false,published,curated_type_alias,Насосы,supplier_import_20260630_official_site,"Prepared from supplier table. Sheet: Насосы, row 5. Logo source: official site."
ooo-ikaplast,ООО «ИКАПЛАСТ»,https://icaplast.ru,assets/img/logos/vendors/import-20260630/ooo-ikaplast.png,https://icaplast.ru/templates/common/images/t/logo.png,engineering-equipment,Инженерное оборудование,hvac,ОВиК и тепловые сети,teplovye-seti,Тепловые сети,truba-v-ppu,Труба в ППУ,ОВиК и тепловые сети,Инженерные системы,Инженерные системы,труба в ППУ,true,true,true,true,published,curated_type_alias,труба в ППУ,supplier_import_20260630_official_site,"Prepared from supplier table. Sheet: труба в ППУ, row 9. Logo source: official site."
ooo-pk-teploenergoplast,ООО «ПК ТеплоЭнергоПласт»,https://teploenergoplast.ru,assets/img/logos/vendors/import-20260630/ooo-pk-teploenergoplast.webp,https://www.teploenergoplast.ru/upload/dev2fun.imagecompress/webp/logo.webp,engineering-equipment,Инженерное оборудование,hvac,ОВиК и тепловые сети,teplovye-seti,Тепловые сети,truba-v-ppu,Труба в ППУ,ОВиК и тепловые сети,Инженерные системы,Инженерные системы,труба в ППУ,true,true,false,false,published,curated_type_alias,труба в ППУ,supplier_import_20260630_official_site,"Prepared from supplier table. Sheet: труба в ППУ, row 28. Logo source: official site."
ooo-privolzhskiy-zavod-metalloizdeliy,ООО «Приволжский Завод Металлоизделий»,https://reon-armatura.ru,assets/img/logos/vendors/import-20260630/ooo-privolzhskiy-zavod-metalloizdeliy.svg,https://reon-armatura.ru/favicon.svg?v=20260331,engineering-equipment,Инженерное оборудование,water,Водоснабжение и водоотведение,sanitary-equipment,Сантехническое оборудование,mixers,Смесители,ОВиК и тепловые сети,Инженерные системы,Инженерные системы,сантехника,true,true,false,false,published,curated_type_alias,сантехника,supplier_import_20260630_official_site,"Prepared from supplier table. Sheet: сантехника , row 103. Logo source: official site."
ooo-privolzhskiy-zavod-metalloizdeliy,ООО «Приволжский Завод Металлоизделий»,https://reon-armatura.ru,assets/img/logos/vendors/import-20260630/ooo-privolzhskiy-zavod-metalloizdeliy.svg,https://reon-armatura.ru/favicon.svg?v=20260331,engineering-equipment,Инженерное оборудование,water,Водоснабжение и водоотведение,sanitary-equipment,Сантехническое оборудование,bathroom-complectation,Комплектация санузла,ОВиК и тепловые сети,Инженерные системы,Инженерные системы,сантехника,true,true,false,false,published,curated_type_alias,сантехника,supplier_import_20260630_official_site,"Prepared from supplier table. Sheet: сантехника , row 103. Logo source: official site."
ooo-privolzhskiy-zavod-metalloizdeliy,ООО «Приволжский Завод Металлоизделий»,https://reon-armatura.ru,assets/img/logos/vendors/import-20260630/ooo-privolzhskiy-zavod-metalloizdeliy.svg,https://reon-armatura.ru/favicon.svg?v=20260331,engineering-equipment,Инженерное оборудование,water,Водоснабжение и водоотведение,sanitary-equipment,Сантехническое оборудование,rakoviny-i-unitazy,Раковины и унитазы,ОВиК и тепловые сети,Инженерные системы,Инженерные системы,сантехника,true,true,false,false,published,curated_type_alias,сантехника,supplier_import_20260630_official_site,"Prepared from supplier table. Sheet: сантехника , row 103. Logo source: official site."
ooo-privolzhskiy-zavod-metalloizdeliy,ООО «Приволжский Завод Металлоизделий»,https://reon-armatura.ru,assets/img/logos/vendors/import-20260630/ooo-privolzhskiy-zavod-metalloizdeliy.svg,https://reon-armatura.ru/favicon.svg?v=20260331,engineering-equipment,Инженерное оборудование,water,Водоснабжение и водоотведение,sanitary-equipment,Сантехническое оборудование,sanfayans,Санфаянс,ОВиК и тепловые сети,Инженерные системы,Инженерные системы,сантехника,true,true,false,false,published,curated_type_alias,сантехника,supplier_import_20260630_official_site,"Prepared from supplier table. Sheet: сантехника , row 103. Logo source: official site."
ooo-teplosetizol,ООО «ТеплоСетьИзол»,https://teplosetizol.ru,assets/img/logos/vendors/import-20260630/ooo-teplosetizol.png,http://www.teplosetizol.ru/pic/logo.png,engineering-equipment,Инженерное оборудование,hvac,ОВиК и тепловые сети,teplovye-seti,Тепловые сети,truba-v-ppu,Труба в ППУ,ОВиК и тепловые сети,Инженерные системы,Инженерные системы,труба в ППУ,true,true,false,false,published,curated_type_alias,труба в ППУ,supplier_import_20260630_official_site,"Prepared from supplier table. Sheet: труба в ППУ, row 7. Logo source: official site."
ooo-teploset,ООО «Теплосеть»,https://teploset43.ru,assets/img/logos/vendors/import-20260630/ooo-teploset.png,https://teploset43.ru/wp-content/uploads/2017/12/cropped-logo2.png,engineering-equipment,Инженерное оборудование,hvac,ОВиК и тепловые сети,teplovye-seti,Тепловые сети,truba-v-ppu,Труба в ППУ,ОВиК и тепловые сети,Инженерные системы,Инженерные системы,труба в ППУ,true,true,false,false,published,curated_type_alias,труба в ППУ,supplier_import_20260630_official_site,"Prepared from supplier table. Sheet: труба в ППУ, row 29. Logo source: official site."
ooo-ventilitsionnye-sistemy,ООО Вентилиционные системы,https://waer-air.com,assets/img/logos/vendors/import-20260630/ooo-ventilitsionnye-sistemy.png,https://waer-air.com/theme/WAER/images/logo.png,engineering-equipment,Инженерное оборудование,hvac,ОВиК и тепловые сети,air-ventilation,Система вентиляции воздуха,ventilation-system,Система вентиляции,ОВиК и тепловые сети,Инженерные системы,Инженерные системы,Вентиляция,true,true,false,false,published,curated_type_alias,Вентиляция,supplier_import_20260630_official_site,"Prepared from supplier table. Sheet: Вентиляция , row 29. Logo source: official site."
ooo-dko-poliplastik,ООО ДКО ПОЛИПЛАСТИК,https://ironpolimer.ru,assets/img/logos/vendors/import-20260630/ooo-dko-poliplastik.png,https://ironpolimer.ru/design/images/logo.png,engineering-equipment,Инженерное оборудование,water,Водоснабжение и водоотведение,sanitary-equipment,Сантехническое оборудование,mixers,Смесители,ОВиК и тепловые сети,Инженерные системы,Инженерные системы,сантехника,true,true,true,true,published,curated_type_alias,сантехника,supplier_import_20260630_official_site,"Prepared from supplier table. Sheet: сантехника , row 49. Logo source: official site."
ooo-dko-poliplastik,ООО ДКО ПОЛИПЛАСТИК,https://ironpolimer.ru,assets/img/logos/vendors/import-20260630/ooo-dko-poliplastik.png,https://ironpolimer.ru/design/images/logo.png,engineering-equipment,Инженерное оборудование,water,Водоснабжение и водоотведение,sanitary-equipment,Сантехническое оборудование,bathroom-complectation,Комплектация санузла,ОВиК и тепловые сети,Инженерные системы,Инженерные системы,сантехника,true,true,true,true,published,curated_type_alias,сантехника,supplier_import_20260630_official_site,"Prepared from supplier table. Sheet: сантехника , row 49. Logo source: official site."
ooo-dko-poliplastik,ООО ДКО ПОЛИПЛАСТИК,https://ironpolimer.ru,assets/img/logos/vendors/import-20260630/ooo-dko-poliplastik.png,https://ironpolimer.ru/design/images/logo.png,engineering-equipment,Инженерное оборудование,water,Водоснабжение и водоотведение,sanitary-equipment,Сантехническое оборудование,rakoviny-i-unitazy,Раковины и унитазы,ОВиК и тепловые сети,Инженерные системы,Инженерные системы,сантехника,true,true,true,true,published,curated_type_alias,сантехника,supplier_import_20260630_official_site,"Prepared from supplier table. Sheet: сантехника , row 49. Logo source: official site."
ooo-dko-poliplastik,ООО ДКО ПОЛИПЛАСТИК,https://ironpolimer.ru,assets/img/logos/vendors/import-20260630/ooo-dko-poliplastik.png,https://ironpolimer.ru/design/images/logo.png,engineering-equipment,Инженерное оборудование,water,Водоснабжение и водоотведение,sanitary-equipment,Сантехническое оборудование,sanfayans,Санфаянс,ОВиК и тепловые сети,Инженерные системы,Инженерные системы,сантехника,true,true,true,true,published,curated_type_alias,сантехника,supplier_import_20260630_official_site,"Prepared from supplier table. Sheet: сантехника , row 49. Logo source: official site."
ooo-npo-avektra,"ООО НПО ""АВЕКТРА",https://nt-rt.ru,assets/img/logos/vendors/import-20260630/ooo-npo-avektra.png,https://avektra.ru/local/templates/avektra/img/logo.png,engineering-equipment,Инженерное оборудование,water,Водоснабжение и водоотведение,sanitary-equipment,Сантехническое оборудование,mixers,Смесители,ОВиК и тепловые сети,Инженерные системы,Инженерные системы,сантехника,true,true,false,false,published,curated_type_alias,сантехника,supplier_import_20260630_official_site,Official AVEKTRA logo from avektra.ru selected instead of tiny nt-rt favicon.
ooo-npo-avektra,"ООО НПО ""АВЕКТРА",https://nt-rt.ru,assets/img/logos/vendors/import-20260630/ooo-npo-avektra.png,https://avektra.ru/local/templates/avektra/img/logo.png,engineering-equipment,Инженерное оборудование,water,Водоснабжение и водоотведение,sanitary-equipment,Сантехническое оборудование,bathroom-complectation,Комплектация санузла,ОВиК и тепловые сети,Инженерные системы,Инженерные системы,сантехника,true,true,false,false,published,curated_type_alias,сантехника,supplier_import_20260630_official_site,Official AVEKTRA logo from avektra.ru selected instead of tiny nt-rt favicon.
ooo-npo-avektra,"ООО НПО ""АВЕКТРА",https://nt-rt.ru,assets/img/logos/vendors/import-20260630/ooo-npo-avektra.png,https://avektra.ru/local/templates/avektra/img/logo.png,engineering-equipment,Инженерное оборудование,water,Водоснабжение и водоотведение,sanitary-equipment,Сантехническое оборудование,rakoviny-i-unitazy,Раковины и унитазы,ОВиК и тепловые сети,Инженерные системы,Инженерные системы,сантехника,true,true,false,false,published,curated_type_alias,сантехника,supplier_import_20260630_official_site,Official AVEKTRA logo from avektra.ru selected instead of tiny nt-rt favicon.
ooo-npo-avektra,"ООО НПО ""АВЕКТРА",https://nt-rt.ru,assets/img/logos/vendors/import-20260630/ooo-npo-avektra.png,https://avektra.ru/local/templates/avektra/img/logo.png,engineering-equipment,Инженерное оборудование,water,Водоснабжение и водоотведение,sanitary-equipment,Сантехническое оборудование,sanfayans,Санфаянс,ОВиК и тепловые сети,Инженерные системы,Инженерные системы,сантехника,true,true,false,false,published,curated_type_alias,сантехника,supplier_import_20260630_official_site,Official AVEKTRA logo from avektra.ru selected instead of tiny nt-rt favicon.
ooo-npo-zenit-sever,ООО НПО «Зенит-Север»,https://zenit-sever.ru,assets/img/logos/vendors/import-20260630/ooo-npo-zenit-sever.svg,https://zenit-sever.ru/local/templates/main/html/img/logo.svg,engineering-equipment,Инженерное оборудование,water,Водоснабжение и водоотведение,external-water-and-sewer-networks,Наружные сети водоснабжения и канализации,kns,КНС,ОВиК и тепловые сети,Инженерные системы,Инженерные системы,КНС,true,true,false,false,published,curated_type_alias,КНС,supplier_import_20260630_official_site,"Prepared from supplier table. Sheet: КНС, row 12. Logo source: official site."
ooo-npo-zenit-sever,ООО НПО «Зенит-Север»,https://zenit-sever.ru,assets/img/logos/vendors/import-20260630/ooo-npo-zenit-sever.svg,https://zenit-sever.ru/local/templates/main/html/img/logo.svg,engineering-equipment,Инженерное оборудование,water,Водоснабжение и водоотведение,wastewater-and-drainage,Водоотведение,indoor-sewage-pumping-stations,КНС внутренней установки,ОВиК и тепловые сети,Инженерные системы,Инженерные системы,КНС,true,true,false,false,published,curated_type_alias,КНС,supplier_import_20260630_official_site,"Prepared from supplier table. Sheet: КНС, row 12. Logo source: official site."
ooo-npo-zenit-sever,ООО НПО «Зенит-Север»,https://zenit-sever.ru,assets/img/logos/vendors/import-20260630/ooo-npo-zenit-sever.svg,https://zenit-sever.ru/local/templates/main/html/img/logo.svg,engineering-equipment,Инженерное оборудование,water,Водоснабжение и водоотведение,water-supply,Водоснабжение,storm-drainage-kns-tanks-filter-cartridges,"Ливневая канализация, КНС, резервуары и фильтр-патроны",ОВиК и тепловые сети,Инженерные системы,Инженерные системы,КНС,true,true,false,false,published,curated_type_alias,КНС,supplier_import_20260630_official_site,"Prepared from supplier table. Sheet: КНС, row 12. Logo source: official site."
ooo-pk-poli-grupp,"ООО ПК ""Поли-Групп""",https://polycorr.ru,assets/img/logos/vendors/import-20260630/ooo-pk-poli-grupp.svg,https://polycorr.ru/themes/demo/assets/img/favicon/poly-logo-icon.svg,engineering-equipment,Инженерное оборудование,water,Водоснабжение и водоотведение,sanitary-equipment,Сантехническое оборудование,mixers,Смесители,ОВиК и тепловые сети,Инженерные системы,Инженерные системы,сантехника,true,true,false,false,published,curated_type_alias,сантехника,supplier_import_20260630_official_site,"Prepared from supplier table. Sheet: сантехника , row 144. Logo source: official site."
ooo-pk-poli-grupp,"ООО ПК ""Поли-Групп""",https://polycorr.ru,assets/img/logos/vendors/import-20260630/ooo-pk-poli-grupp.svg,https://polycorr.ru/themes/demo/assets/img/favicon/poly-logo-icon.svg,engineering-equipment,Инженерное оборудование,water,Водоснабжение и водоотведение,sanitary-equipment,Сантехническое оборудование,bathroom-complectation,Комплектация санузла,ОВиК и тепловые сети,Инженерные системы,Инженерные системы,сантехника,true,true,false,false,published,curated_type_alias,сантехника,supplier_import_20260630_official_site,"Prepared from supplier table. Sheet: сантехника , row 144. Logo source: official site."
ooo-pk-poli-grupp,"ООО ПК ""Поли-Групп""",https://polycorr.ru,assets/img/logos/vendors/import-20260630/ooo-pk-poli-grupp.svg,https://polycorr.ru/themes/demo/assets/img/favicon/poly-logo-icon.svg,engineering-equipment,Инженерное оборудование,water,Водоснабжение и водоотведение,sanitary-equipment,Сантехническое оборудование,rakoviny-i-unitazy,Раковины и унитазы,ОВиК и тепловые сети,Инженерные системы,Инженерные системы,сантехника,true,true,false,false,published,curated_type_alias,сантехника,supplier_import_20260630_official_site,"Prepared from supplier table. Sheet: сантехника , row 144. Logo source: official site."
ooo-pk-poli-grupp,"ООО ПК ""Поли-Групп""",https://polycorr.ru,assets/img/logos/vendors/import-20260630/ooo-pk-poli-grupp.svg,https://polycorr.ru/themes/demo/assets/img/favicon/poly-logo-icon.svg,engineering-equipment,Инженерное оборудование,water,Водоснабжение и водоотведение,sanitary-equipment,Сантехническое оборудование,sanfayans,Санфаянс,ОВиК и тепловые сети,Инженерные системы,Инженерные системы,сантехника,true,true,false,false,published,curated_type_alias,сантехника,supplier_import_20260630_official_site,"Prepared from supplier table. Sheet: сантехника , row 144. Logo source: official site."
ooo-sztoim,ООО СЗТОиМ»,https://zavodtm.ru,assets/img/logos/vendors/import-20260630/ooo-sztoim.png,https://zavodtm.ru/wp-content/themes/ZTOM/img/logo5.png,engineering-equipment,Инженерное оборудование,hvac,ОВиК и тепловые сети,teplovye-seti,Тепловые сети,truba-v-ppu,Труба в ППУ,ОВиК и тепловые сети,Инженерные системы,Инженерные системы,труба в ППУ,true,true,false,false,published,curated_type_alias,труба в ППУ,supplier_import_20260630_official_site,"Prepared from supplier table. Sheet: труба в ППУ, row 17. Logo source: official site."
ooo-trubnyy-zavod,ООО Трубный завод,https://iss-gk.ru,assets/img/logos/vendors/import-20260630/ooo-trubnyy-zavod.svg,https://iss-gk.ru/assets/images/logo/logo182_70.svg,engineering-equipment,Инженерное оборудование,water,Водоснабжение и водоотведение,sanitary-equipment,Сантехническое оборудование,mixers,Смесители,ОВиК и тепловые сети,Инженерные системы,Инженерные системы,сантехника,true,true,false,false,published,curated_type_alias,сантехника,supplier_import_20260630_official_site,"Prepared from supplier table. Sheet: сантехника , row 44. Logo source: official site."
ooo-trubnyy-zavod,ООО Трубный завод,https://iss-gk.ru,assets/img/logos/vendors/import-20260630/ooo-trubnyy-zavod.svg,https://iss-gk.ru/assets/images/logo/logo182_70.svg,engineering-equipment,Инженерное оборудование,water,Водоснабжение и водоотведение,sanitary-equipment,Сантехническое оборудование,bathroom-complectation,Комплектация санузла,ОВиК и тепловые сети,Инженерные системы,Инженерные системы,сантехника,true,true,false,false,published,curated_type_alias,сантехника,supplier_import_20260630_official_site,"Prepared from supplier table. Sheet: сантехника , row 44. Logo source: official site."
ooo-trubnyy-zavod,ООО Трубный завод,https://iss-gk.ru,assets/img/logos/vendors/import-20260630/ooo-trubnyy-zavod.svg,https://iss-gk.ru/assets/images/logo/logo182_70.svg,engineering-equipment,Инженерное оборудование,water,Водоснабжение и водоотведение,sanitary-equipment,Сантехническое оборудование,rakoviny-i-unitazy,Раковины и унитазы,ОВиК и тепловые сети,Инженерные системы,Инженерные системы,сантехника,true,true,false,false,published,curated_type_alias,сантехника,supplier_import_20260630_official_site,"Prepared from supplier table. Sheet: сантехника , row 44. Logo source: official site."
ooo-trubnyy-zavod,ООО Трубный завод,https://iss-gk.ru,assets/img/logos/vendors/import-20260630/ooo-trubnyy-zavod.svg,https://iss-gk.ru/assets/images/logo/logo182_70.svg,engineering-equipment,Инженерное оборудование,water,Водоснабжение и водоотведение,sanitary-equipment,Сантехническое оборудование,sanfayans,Санфаянс,ОВиК и тепловые сети,Инженерные системы,Инженерные системы,сантехника,true,true,false,false,published,curated_type_alias,сантехника,supplier_import_20260630_official_site,"Prepared from supplier table. Sheet: сантехника , row 44. Logo source: official site."
pk-sz-stroyizolyatsiya,ПК СЗ «СТРОЙИЗОЛЯЦИЯ»,https://trubu.ru,assets/img/logos/vendors/import-20260630/pk-sz-stroyizolyatsiya.png,https://trubu.ru/assets/images/trubu_logo.png,engineering-equipment,Инженерное оборудование,hvac,ОВиК и тепловые сети,teplovye-seti,Тепловые сети,truba-v-ppu,Труба в ППУ,ОВиК и тепловые сети,Инженерные системы,Инженерные системы,труба в ППУ,true,true,false,false,published,curated_type_alias,труба в ППУ,supplier_import_20260630_official_site,"Prepared from supplier table. Sheet: труба в ППУ, row 15. Logo source: official site."
rtr,РТР,https://rosturplast.ru,assets/img/logos/vendors/import-20260630/rtr.svg,https://rtp.ru/favicon/safari-pinned-tab.svg,engineering-equipment,Инженерное оборудование,water,Водоснабжение и водоотведение,sanitary-equipment,Сантехническое оборудование,mixers,Смесители,ОВиК и тепловые сети,Инженерные системы,Инженерные системы,сантехника,true,true,false,false,published,curated_type_alias,сантехника,supplier_import_20260630_official_site,"Prepared from supplier table. Sheet: сантехника , row 128. Logo source: official site."
rtr,РТР,https://rosturplast.ru,assets/img/logos/vendors/import-20260630/rtr.svg,https://rtp.ru/favicon/safari-pinned-tab.svg,engineering-equipment,Инженерное оборудование,water,Водоснабжение и водоотведение,sanitary-equipment,Сантехническое оборудование,bathroom-complectation,Комплектация санузла,ОВиК и тепловые сети,Инженерные системы,Инженерные системы,сантехника,true,true,false,false,published,curated_type_alias,сантехника,supplier_import_20260630_official_site,"Prepared from supplier table. Sheet: сантехника , row 128. Logo source: official site."
rtr,РТР,https://rosturplast.ru,assets/img/logos/vendors/import-20260630/rtr.svg,https://rtp.ru/favicon/safari-pinned-tab.svg,engineering-equipment,Инженерное оборудование,water,Водоснабжение и водоотведение,sanitary-equipment,Сантехническое оборудование,rakoviny-i-unitazy,Раковины и унитазы,ОВиК и тепловые сети,Инженерные системы,Инженерные системы,сантехника,true,true,false,false,published,curated_type_alias,сантехника,supplier_import_20260630_official_site,"Prepared from supplier table. Sheet: сантехника , row 128. Logo source: official site."
rtr,РТР,https://rosturplast.ru,assets/img/logos/vendors/import-20260630/rtr.svg,https://rtp.ru/favicon/safari-pinned-tab.svg,engineering-equipment,Инженерное оборудование,water,Водоснабжение и водоотведение,sanitary-equipment,Сантехническое оборудование,sanfayans,Санфаянс,ОВиК и тепловые сети,Инженерные системы,Инженерные системы,сантехника,true,true,false,false,published,curated_type_alias,сантехника,supplier_import_20260630_official_site,"Prepared from supplier table. Sheet: сантехника , row 128. Logo source: official site."
severo-zapadnaya-trubnaya-gidroizolyatsionnaya-kompaniya,Северо-Западная Трубная Гидроизоляционная Компания,https://sztgk.ru,assets/img/logos/vendors/import-20260630/severo-zapadnaya-trubnaya-gidroizolyatsionnaya-kompaniya.png,https://sztgk.ru/images/mini-logo.png,engineering-equipment,Инженерное оборудование,hvac,ОВиК и тепловые сети,teplovye-seti,Тепловые сети,truba-v-ppu,Труба в ППУ,ОВиК и тепловые сети,Инженерные системы,Инженерные системы,труба в ППУ,true,true,false,false,published,curated_type_alias,труба в ППУ,supplier_import_20260630_official_site,"Prepared from supplier table. Sheet: труба в ППУ, row 27. Logo source: official site."
evan,ЭВАН,https://evan.ru,assets/img/logos/vendors/import-20260630/evan.svg,https://www.evan.ru/local/templates/evan_2.0/images/logo.svg,engineering-equipment,Инженерное оборудование,water,Водоснабжение и водоотведение,sanitary-equipment,Сантехническое оборудование,mixers,Смесители,ОВиК и тепловые сети,Инженерные системы,Инженерные системы,сантехника,true,true,false,false,published,curated_type_alias,сантехника,supplier_import_20260630_official_site,"Prepared from supplier table. Sheet: сантехника , row 125. Logo source: official site."
evan,ЭВАН,https://evan.ru,assets/img/logos/vendors/import-20260630/evan.svg,https://www.evan.ru/local/templates/evan_2.0/images/logo.svg,engineering-equipment,Инженерное оборудование,water,Водоснабжение и водоотведение,sanitary-equipment,Сантехническое оборудование,bathroom-complectation,Комплектация санузла,ОВиК и тепловые сети,Инженерные системы,Инженерные системы,сантехника,true,true,false,false,published,curated_type_alias,сантехника,supplier_import_20260630_official_site,"Prepared from supplier table. Sheet: сантехника , row 125. Logo source: official site."
evan,ЭВАН,https://evan.ru,assets/img/logos/vendors/import-20260630/evan.svg,https://www.evan.ru/local/templates/evan_2.0/images/logo.svg,engineering-equipment,Инженерное оборудование,water,Водоснабжение и водоотведение,sanitary-equipment,Сантехническое оборудование,rakoviny-i-unitazy,Раковины и унитазы,ОВиК и тепловые сети,Инженерные системы,Инженерные системы,сантехника,true,true,false,false,published,curated_type_alias,сантехника,supplier_import_20260630_official_site,"Prepared from supplier table. Sheet: сантехника , row 125. Logo source: official site."
evan,ЭВАН,https://evan.ru,assets/img/logos/vendors/import-20260630/evan.svg,https://www.evan.ru/local/templates/evan_2.0/images/logo.svg,engineering-equipment,Инженерное оборудование,water,Водоснабжение и водоотведение,sanitary-equipment,Сантехническое оборудование,sanfayans,Санфаянс,ОВиК и тепловые сети,Инженерные системы,Инженерные системы,сантехника,true,true,false,false,published,curated_type_alias,сантехника,supplier_import_20260630_official_site,"Prepared from supplier table. Sheet: сантехника , row 125. Logo source: official site."
yalka-ooo,ЯЛКА ООО,https://yalca.ru,assets/img/logos/vendors/import-20260630/yalka-ooo.svg,https://yalca.ru/local/templates/yalca/img/logo.svg,engineering-equipment,Инженерное оборудование,hvac,ОВиК и тепловые сети,air-ventilation,Система вентиляции воздуха,ventilation-system,Система вентиляции,ОВиК и тепловые сети,Инженерные системы,Инженерные системы,Вентиляция,true,true,false,false,published,curated_type_alias,Вентиляция,supplier_import_20260630_official_site,"Prepared from supplier table. Sheet: Вентиляция , row 4. Logo source: official site."
ballu,Ballu,https://www.ballu.ru/catalog/promyshlennoe_oborudovanie/vozdushnye_i_teplovye_zavesy/,assets/img/logos/vendors/ballu.svg,https://www.ballu.ru/images/ballu_logo_2024.svg,engineering-equipment,Инженерное оборудование,hvac,ОВиК и тепловые сети,teplovye-zavesy,Тепловые завесы,teplovye-zavesy,Тепловые завесы,ОВиК и тепловые сети,Тепловые завесы,Тепловые завесы,Тепловые завесы,true,true,false,false,published,curated_vendor_slug,ballu,codex_p2_hvac_ev_20260703,"Official Ballu catalog contains air/thermal curtain categories, logo from official site header."
teplomash,Тепломаш,https://teplomash.ru/,assets/img/logos/vendors/teplomash.png,https://teplomash.ru/images/logo.png,engineering-equipment,Инженерное оборудование,hvac,ОВиК и тепловые сети,teplovye-zavesy,Тепловые завесы,teplovye-zavesy,Тепловые завесы,ОВиК и тепловые сети,Тепловые завесы,Тепловые завесы,Тепловые завесы,true,true,false,false,published,curated_vendor_slug,teplomash,codex_p2_hvac_ev_20260703,"Official site title identifies Teplomash as a plant producing air curtains, logo from official CSS background image."
veka,VEKA,https://www.veka.ru/,assets/img/logos/partners/veka.svg,https://www.veka.ru/images/icons/logo.svg,building-materials,Строительные материалы,architecture,Архитектурные решения,windows-doors-glazing,"Окна, витражи, двери",okna,Окна,Оконные профильные системы,Оконные профильные системы,Оконные профильные системы,Оконные профильные системы,true,true,false,false,published,curated_vendor_slug,veka,partner_catalog_backfill_20260702,"Backfilled from confirmed partner source for catalog vendor coverage, official site/logo already tracked in partners data."
veka,VEKA,https://www.veka.ru/,assets/img/logos/partners/veka.svg,https://www.veka.ru/images/icons/logo.svg,building-materials,Строительные материалы,architecture,Архитектурные решения,windows-doors-glazing,"Окна, витражи, двери",aluminum-windows-glazing,Окна и витражи в алюминиевом профиле,Оконные профильные системы,Оконные профильные системы,Оконные профильные системы,Оконные профильные системы,true,true,false,false,published,curated_vendor_slug,veka,partner_catalog_backfill_20260702,"Backfilled from confirmed partner source for catalog vendor coverage, official site/logo already tracked in partners data."
veka,VEKA,https://www.veka.ru/,assets/img/logos/partners/veka.svg,https://www.veka.ru/images/icons/logo.svg,building-materials,Строительные материалы,architecture,Архитектурные решения,windows-doors-glazing,"Окна, витражи, двери",pvc-windows,Окна ПВХ,Оконные профильные системы,Оконные профильные системы,Оконные профильные системы,Оконные профильные системы,true,true,false,false,published,curated_vendor_slug,veka,partner_catalog_backfill_20260702,"Backfilled from confirmed partner source for catalog vendor coverage, official site/logo already tracked in partners data."
peri,PERI,https://www.peri.com/en,assets/img/logos/partners/peri.webp,https://www.peri.com/.resources/fe2/webresources/img/peri-logo.webp,building-materials,Строительные материалы,constructive,Конструктивные решения,concrete-structures,Бетонные конструкции,formwork,Опалубка,Опалубка / строительные леса,Опалубка / строительные леса,Опалубка / строительные леса,Опалубка / строительные леса,true,true,false,false,published,curated_vendor_slug,peri,partner_catalog_backfill_20260702,"Backfilled from confirmed partner source for catalog vendor coverage, official site/logo already tracked in partners data."
peri,PERI,https://www.peri.com/en,assets/img/logos/partners/peri.webp,https://www.peri.com/.resources/fe2/webresources/img/peri-logo.webp,building-materials,Строительные материалы,constructive,Конструктивные решения,concrete-structures,Бетонные конструкции,scaffolding,Строительные леса,Опалубка / строительные леса,Опалубка / строительные леса,Опалубка / строительные леса,Опалубка / строительные леса,true,true,false,false,published,curated_vendor_slug,peri,partner_catalog_backfill_20260702,"Backfilled from confirmed partner source for catalog vendor coverage, official site/logo already tracked in partners data."
fereks,FEREKS,https://fereks.ru/,assets/img/logos/partners/fereks.svg,https://fereks.ru/local/templates/main/images/logo.svg,energy,Энергетика,eom,ЭОМ,lighting-devices,Световые приборы,luminaires,Светильники,Освещение,Освещение,Освещение,Освещение,true,true,false,false,published,curated_vendor_slug,fereks,partner_catalog_backfill_20260702,"Backfilled from confirmed partner source for catalog vendor coverage, official site/logo already tracked in partners data."
fereks,FEREKS,https://fereks.ru/,assets/img/logos/partners/fereks.svg,https://fereks.ru/local/templates/main/images/logo.svg,energy,Энергетика,eom,ЭОМ,lighting-devices,Световые приборы,lighting-fixtures,Светильники,Освещение,Освещение,Освещение,Освещение,true,true,false,false,published,curated_vendor_slug,fereks,partner_catalog_backfill_20260702,"Backfilled from confirmed partner source for catalog vendor coverage, official site/logo already tracked in partners data."
fereks,FEREKS,https://fereks.ru/,assets/img/logos/partners/fereks.svg,https://fereks.ru/local/templates/main/images/logo.svg,energy,Энергетика,eom,ЭОМ,indoor-lighting,Внутреннее освещение,commercial-interior-linear-recessed-lighting,"Для бизнеса, интерьерные, линейные, встраиваемые",Освещение,Освещение,Освещение,Освещение,true,true,false,false,published,curated_vendor_slug,fereks,partner_catalog_backfill_20260702,"Backfilled from confirmed partner source for catalog vendor coverage, official site/logo already tracked in partners data."
fereks,FEREKS,https://fereks.ru/,assets/img/logos/partners/fereks.svg,https://fereks.ru/local/templates/main/images/logo.svg,energy,Энергетика,eom,ЭОМ,outdoor-lighting,Наружное освещение,poles-and-outdoor-lighting,Опоры и наружное освещение,Освещение,Освещение,Освещение,Освещение,true,true,false,false,published,curated_vendor_slug,fereks,partner_catalog_backfill_20260702,"Backfilled from confirmed partner source for catalog vendor coverage, official site/logo already tracked in partners data."
fereks,FEREKS,https://fereks.ru/,assets/img/logos/partners/fereks.svg,https://fereks.ru/local/templates/main/images/logo.svg,building-materials,Строительные материалы,landscaping-and-site-improvement,Благоустройство и озеленение,osveschenie-territorii,Освещение территории,opory-osvescheniya,Опоры освещения,Освещение,Освещение,Освещение,Освещение,true,true,false,false,published,curated_vendor_slug,fereks,partner_catalog_backfill_20260702,"Backfilled from confirmed partner source for catalog vendor coverage, official site/logo already tracked in partners data."
fereks,FEREKS,https://fereks.ru/,assets/img/logos/partners/fereks.svg,https://fereks.ru/local/templates/main/images/logo.svg,energy,Энергетика,eom,ЭОМ,outdoor-lighting,Наружное освещение,architectural-and-street-lighting,"Архитектурно-художественное освещение, уличное освещение",Освещение,Освещение,Освещение,Освещение,true,true,false,false,published,curated_vendor_slug,fereks,partner_catalog_backfill_20260702,"Backfilled from confirmed partner source for catalog vendor coverage, official site/logo already tracked in partners data."
ledel,LEDEL,https://ledel.ru/,assets/img/logos/partners/ledel.svg,https://ledel.ru/local/templates/ledel/images/logo.svg,energy,Энергетика,eom,ЭОМ,lighting-devices,Световые приборы,luminaires,Светильники,Освещение,Освещение,Освещение,Освещение,true,true,false,false,published,curated_vendor_slug,ledel,partner_catalog_backfill_20260702,"Backfilled from confirmed partner source for catalog vendor coverage, official site/logo already tracked in partners data."
ledel,LEDEL,https://ledel.ru/,assets/img/logos/partners/ledel.svg,https://ledel.ru/local/templates/ledel/images/logo.svg,energy,Энергетика,eom,ЭОМ,lighting-devices,Световые приборы,lighting-fixtures,Светильники,Освещение,Освещение,Освещение,Освещение,true,true,false,false,published,curated_vendor_slug,ledel,partner_catalog_backfill_20260702,"Backfilled from confirmed partner source for catalog vendor coverage, official site/logo already tracked in partners data."
ledel,LEDEL,https://ledel.ru/,assets/img/logos/partners/ledel.svg,https://ledel.ru/local/templates/ledel/images/logo.svg,energy,Энергетика,eom,ЭОМ,indoor-lighting,Внутреннее освещение,commercial-interior-linear-recessed-lighting,"Для бизнеса, интерьерные, линейные, встраиваемые",Освещение,Освещение,Освещение,Освещение,true,true,false,false,published,curated_vendor_slug,ledel,partner_catalog_backfill_20260702,"Backfilled from confirmed partner source for catalog vendor coverage, official site/logo already tracked in partners data."
ledel,LEDEL,https://ledel.ru/,assets/img/logos/partners/ledel.svg,https://ledel.ru/local/templates/ledel/images/logo.svg,energy,Энергетика,eom,ЭОМ,outdoor-lighting,Наружное освещение,poles-and-outdoor-lighting,Опоры и наружное освещение,Освещение,Освещение,Освещение,Освещение,true,true,false,false,published,curated_vendor_slug,ledel,partner_catalog_backfill_20260702,"Backfilled from confirmed partner source for catalog vendor coverage, official site/logo already tracked in partners data."
ledel,LEDEL,https://ledel.ru/,assets/img/logos/partners/ledel.svg,https://ledel.ru/local/templates/ledel/images/logo.svg,building-materials,Строительные материалы,landscaping-and-site-improvement,Благоустройство и озеленение,osveschenie-territorii,Освещение территории,opory-osvescheniya,Опоры освещения,Освещение,Освещение,Освещение,Освещение,true,true,false,false,published,curated_vendor_slug,ledel,partner_catalog_backfill_20260702,"Backfilled from confirmed partner source for catalog vendor coverage, official site/logo already tracked in partners data."
ledel,LEDEL,https://ledel.ru/,assets/img/logos/partners/ledel.svg,https://ledel.ru/local/templates/ledel/images/logo.svg,energy,Энергетика,eom,ЭОМ,outdoor-lighting,Наружное освещение,architectural-and-street-lighting,"Архитектурно-художественное освещение, уличное освещение",Освещение,Освещение,Освещение,Освещение,true,true,false,false,published,curated_vendor_slug,ledel,partner_catalog_backfill_20260702,"Backfilled from confirmed partner source for catalog vendor coverage, official site/logo already tracked in partners data."
navigator,Navigator,https://navigator-light.ru/,assets/img/logos/partners/navigator.svg,https://navigator-light.ru/design/svg/logo.svg,energy,Энергетика,eom,ЭОМ,lighting-devices,Световые приборы,luminaires,Светильники,Освещение,Освещение,Освещение,Освещение,true,true,false,false,published,curated_vendor_slug,navigator,partner_catalog_backfill_20260702,"Backfilled from confirmed partner source for catalog vendor coverage, official site/logo already tracked in partners data."
navigator,Navigator,https://navigator-light.ru/,assets/img/logos/partners/navigator.svg,https://navigator-light.ru/design/svg/logo.svg,energy,Энергетика,eom,ЭОМ,lighting-devices,Световые приборы,lighting-fixtures,Светильники,Освещение,Освещение,Освещение,Освещение,true,true,false,false,published,curated_vendor_slug,navigator,partner_catalog_backfill_20260702,"Backfilled from confirmed partner source for catalog vendor coverage, official site/logo already tracked in partners data."
navigator,Navigator,https://navigator-light.ru/,assets/img/logos/partners/navigator.svg,https://navigator-light.ru/design/svg/logo.svg,energy,Энергетика,eom,ЭОМ,indoor-lighting,Внутреннее освещение,commercial-interior-linear-recessed-lighting,"Для бизнеса, интерьерные, линейные, встраиваемые",Освещение,Освещение,Освещение,Освещение,true,true,false,false,published,curated_vendor_slug,navigator,partner_catalog_backfill_20260702,"Backfilled from confirmed partner source for catalog vendor coverage, official site/logo already tracked in partners data."
navigator,Navigator,https://navigator-light.ru/,assets/img/logos/partners/navigator.svg,https://navigator-light.ru/design/svg/logo.svg,energy,Энергетика,eom,ЭОМ,outdoor-lighting,Наружное освещение,poles-and-outdoor-lighting,Опоры и наружное освещение,Освещение,Освещение,Освещение,Освещение,true,true,false,false,published,curated_vendor_slug,navigator,partner_catalog_backfill_20260702,"Backfilled from confirmed partner source for catalog vendor coverage, official site/logo already tracked in partners data."
navigator,Navigator,https://navigator-light.ru/,assets/img/logos/partners/navigator.svg,https://navigator-light.ru/design/svg/logo.svg,building-materials,Строительные материалы,landscaping-and-site-improvement,Благоустройство и озеленение,osveschenie-territorii,Освещение территории,opory-osvescheniya,Опоры освещения,Освещение,Освещение,Освещение,Освещение,true,true,false,false,published,curated_vendor_slug,navigator,partner_catalog_backfill_20260702,"Backfilled from confirmed partner source for catalog vendor coverage, official site/logo already tracked in partners data."
navigator,Navigator,https://navigator-light.ru/,assets/img/logos/partners/navigator.svg,https://navigator-light.ru/design/svg/logo.svg,energy,Энергетика,eom,ЭОМ,outdoor-lighting,Наружное освещение,architectural-and-street-lighting,"Архитектурно-художественное освещение, уличное освещение",Освещение,Освещение,Освещение,Освещение,true,true,false,false,published,curated_vendor_slug,navigator,partner_catalog_backfill_20260702,"Backfilled from confirmed partner source for catalog vendor coverage, official site/logo already tracked in partners data."
kerama-marazzi,KERAMA MARAZZI,https://kerama-marazzi.com/,assets/img/logos/partners/kerama-marazzi.png,,building-materials,Строительные материалы,architecture,Архитектурные решения,floors,Полы,porcelain-tile,Керамогранитная плитка,Плитка / керамогранит,Плитка / керамогранит,Плитка / керамогранит,Плитка / керамогранит,true,true,false,false,published,curated_vendor_slug,kerama-marazzi,partner_catalog_backfill_20260702,"Backfilled from confirmed partner source for catalog vendor coverage, official site/logo already tracked in partners data."
kerama-marazzi,KERAMA MARAZZI,https://kerama-marazzi.com/,assets/img/logos/partners/kerama-marazzi.png,,building-materials,Строительные материалы,architecture,Архитектурные решения,facades,Фасады,facade-porcelain-slabs,Керамогранитные плиты,Плитка / керамогранит,Плитка / керамогранит,Плитка / керамогранит,Плитка / керамогранит,true,true,false,false,published,curated_vendor_slug,kerama-marazzi,partner_catalog_backfill_20260702,"Backfilled from confirmed partner source for catalog vendor coverage, official site/logo already tracked in partners data."
unitile,Unitile,https://unitile.ru/partners/style_guidelines/,assets/img/logos/partners/unitile.png,https://unitile.ru/custom/assets/guideline/unitile-logo.zip,building-materials,Строительные материалы,architecture,Архитектурные решения,floors,Полы,porcelain-tile,Керамогранитная плитка,Плитка / отделочные материалы,Плитка / отделочные материалы,Плитка / отделочные материалы,Плитка / отделочные материалы,true,true,false,false,published,curated_vendor_slug,unitile,partner_catalog_backfill_20260702,"Backfilled from confirmed partner source for catalog vendor coverage, official site/logo already tracked in partners data."
unitile,Unitile,https://unitile.ru/partners/style_guidelines/,assets/img/logos/partners/unitile.png,https://unitile.ru/custom/assets/guideline/unitile-logo.zip,building-materials,Строительные материалы,architecture,Архитектурные решения,facades,Фасады,facade-porcelain-slabs,Керамогранитные плиты,Плитка / отделочные материалы,Плитка / отделочные материалы,Плитка / отделочные материалы,Плитка / отделочные материалы,true,true,false,false,published,curated_vendor_slug,unitile,partner_catalog_backfill_20260702,"Backfilled from confirmed partner source for catalog vendor coverage, official site/logo already tracked in partners data."
oni,ONI,https://oni-system.com/,assets/img/logos/partners/oni.svg,https://oni-system.com/local/templates/oni-system-2025/images/logo_new-dark.svg,engineering-equipment,Инженерное оборудование,low-current,Слаботочные сети и связь,sistemy-svyazi-i-dispetcherizatsii,Системы связи и диспетчеризации,asu-inzhenernymi-setyami,АСУ инженерными сетями,Промышленная автоматизация,Промышленная автоматизация,Промышленная автоматизация,Промышленная автоматизация,true,true,false,false,published,curated_vendor_slug,oni,partner_catalog_backfill_20260702,"Backfilled from confirmed partner source for catalog vendor coverage, official site/logo already tracked in partners data."
oni,ONI,https://oni-system.com/,assets/img/logos/partners/oni.svg,https://oni-system.com/local/templates/oni-system-2025/images/logo_new-dark.svg,engineering-equipment,Инженерное оборудование,low-current,Слаботочные сети и связь,sistemy-svyazi-i-dispetcherizatsii,Системы связи и диспетчеризации,sistemy-svyazi-i-dispetcherizatsii,Системы связи и диспетчеризации,Промышленная автоматизация,Промышленная автоматизация,Промышленная автоматизация,Промышленная автоматизация,true,true,false,false,published,curated_vendor_slug,oni,partner_catalog_backfill_20260702,"Backfilled from confirmed partner source for catalog vendor coverage, official site/logo already tracked in partners data."
oni,ONI,https://oni-system.com/,assets/img/logos/partners/oni.svg,https://oni-system.com/local/templates/oni-system-2025/images/logo_new-dark.svg,engineering-equipment,Инженерное оборудование,low-current,Слаботочные сети и связь,pass-management-automation,Системы автоматизации пропускного режима,pass-terminals-and-queue-systems,"Программно-аппаратные комплексы, терминалы выдачи пропусков, системы электронных очередей",Промышленная автоматизация,Промышленная автоматизация,Промышленная автоматизация,Промышленная автоматизация,true,true,false,false,published,curated_vendor_slug,oni,partner_catalog_backfill_20260702,"Backfilled from confirmed partner source for catalog vendor coverage, official site/logo already tracked in partners data."
oni,ONI,https://oni-system.com/,assets/img/logos/partners/oni.svg,https://oni-system.com/local/templates/oni-system-2025/images/logo_new-dark.svg,engineering-equipment,Инженерное оборудование,low-current,Слаботочные сети и связь,pass-management-automation,Системы автоматизации пропускного режима,sistemy-avtomatizatsii-propusknogo-rezhima,Системы автоматизации пропускного режима,Промышленная автоматизация,Промышленная автоматизация,Промышленная автоматизация,Промышленная автоматизация,true,true,false,false,published,curated_vendor_slug,oni,partner_catalog_backfill_20260702,"Backfilled from confirmed partner source for catalog vendor coverage, official site/logo already tracked in partners data."
sanita,Sanita,https://sanita.ru/,assets/img/logos/partners/sanita.png,https://static.tildacdn.com/tild6661-3431-4361-b466-346430643430/_.png,engineering-equipment,Инженерное оборудование,water,Водоснабжение и водоотведение,sanitary-equipment,Сантехническое оборудование,bathroom-complectation,Комплектация санузла,Сантехника,Сантехника,Сантехника,Сантехника,true,true,false,false,published,curated_vendor_slug,sanita,partner_catalog_backfill_20260702,"Backfilled from confirmed partner source for catalog vendor coverage, official site/logo already tracked in partners data."
sanita,Sanita,https://sanita.ru/,assets/img/logos/partners/sanita.png,https://static.tildacdn.com/tild6661-3431-4361-b466-346430643430/_.png,engineering-equipment,Инженерное оборудование,water,Водоснабжение и водоотведение,sanitary-equipment,Сантехническое оборудование,rakoviny-i-unitazy,Раковины и унитазы,Сантехника,Сантехника,Сантехника,Сантехника,true,true,false,false,published,curated_vendor_slug,sanita,partner_catalog_backfill_20260702,"Backfilled from confirmed partner source for catalog vendor coverage, official site/logo already tracked in partners data."
sanita,Sanita,https://sanita.ru/,assets/img/logos/partners/sanita.png,https://static.tildacdn.com/tild6661-3431-4361-b466-346430643430/_.png,engineering-equipment,Инженерное оборудование,water,Водоснабжение и водоотведение,sanitary-equipment,Сантехническое оборудование,sanfayans,Санфаянс,Сантехника,Сантехника,Сантехника,Сантехника,true,true,false,false,published,curated_vendor_slug,sanita,partner_catalog_backfill_20260702,"Backfilled from confirmed partner source for catalog vendor coverage, official site/logo already tracked in partners data."
sanita,Sanita,https://sanita.ru/,assets/img/logos/partners/sanita.png,https://static.tildacdn.com/tild6661-3431-4361-b466-346430643430/_.png,tech-equipment,ТХ оборудование,tech-equipment,Технологическое оборудование,oborudovanie-sanuzlov,Оборудование санузлов,oborudovanie-sanuzlov,Оборудование санузлов,Сантехника,Сантехника,Сантехника,Сантехника,true,true,false,false,published,curated_vendor_slug,sanita,partner_catalog_backfill_20260702,"Backfilled from confirmed partner source for catalog vendor coverage, official site/logo already tracked in partners data."
santeri,Santeri,https://santeri.su/,assets/img/logos/partners/santeri.png,https://santeri.su/local/templates/santeri/images/logo.png,engineering-equipment,Инженерное оборудование,water,Водоснабжение и водоотведение,sanitary-equipment,Сантехническое оборудование,bathroom-complectation,Комплектация санузла,Сантехника,Сантехника,Сантехника,Сантехника,true,true,false,false,published,curated_vendor_slug,santeri,partner_catalog_backfill_20260702,"Backfilled from confirmed partner source for catalog vendor coverage, official site/logo already tracked in partners data."
santeri,Santeri,https://santeri.su/,assets/img/logos/partners/santeri.png,https://santeri.su/local/templates/santeri/images/logo.png,engineering-equipment,Инженерное оборудование,water,Водоснабжение и водоотведение,sanitary-equipment,Сантехническое оборудование,rakoviny-i-unitazy,Раковины и унитазы,Сантехника,Сантехника,Сантехника,Сантехника,true,true,false,false,published,curated_vendor_slug,santeri,partner_catalog_backfill_20260702,"Backfilled from confirmed partner source for catalog vendor coverage, official site/logo already tracked in partners data."
santeri,Santeri,https://santeri.su/,assets/img/logos/partners/santeri.png,https://santeri.su/local/templates/santeri/images/logo.png,engineering-equipment,Инженерное оборудование,water,Водоснабжение и водоотведение,sanitary-equipment,Сантехническое оборудование,sanfayans,Санфаянс,Сантехника,Сантехника,Сантехника,Сантехника,true,true,false,false,published,curated_vendor_slug,santeri,partner_catalog_backfill_20260702,"Backfilled from confirmed partner source for catalog vendor coverage, official site/logo already tracked in partners data."
santeri,Santeri,https://santeri.su/,assets/img/logos/partners/santeri.png,https://santeri.su/local/templates/santeri/images/logo.png,tech-equipment,ТХ оборудование,tech-equipment,Технологическое оборудование,oborudovanie-sanuzlov,Оборудование санузлов,oborudovanie-sanuzlov,Оборудование санузлов,Сантехника,Сантехника,Сантехника,Сантехника,true,true,false,false,published,curated_vendor_slug,santeri,partner_catalog_backfill_20260702,"Backfilled from confirmed partner source for catalog vendor coverage, official site/logo already tracked in partners data."
ani-plast,ANI Plast,https://www.aniplast.ru/,assets/img/logos/partners/ani-plast.png,https://www.aniplast.ru/local/templates/main/img/logo.png,engineering-equipment,Инженерное оборудование,water,Водоснабжение и водоотведение,water-supply,Водоснабжение,zapornaya-i-reguliruyuschaya-armatura,Запорная и регулирующая арматура,Сантехническая арматура,Сантехническая арматура,Сантехническая арматура,Сантехническая арматура,true,true,false,false,published,curated_vendor_slug,ani-plast,partner_catalog_backfill_20260702,"Backfilled from confirmed partner source for catalog vendor coverage, official site/logo already tracked in partners data."
ani-plast,ANI Plast,https://www.aniplast.ru/,assets/img/logos/partners/ani-plast.png,https://www.aniplast.ru/local/templates/main/img/logo.png,engineering-equipment,Инженерное оборудование,water,Водоснабжение и водоотведение,water-supply,Водоснабжение,water-valves-safety-control,"Запорная, предохранительная и регулирующая арматура",Сантехническая арматура,Сантехническая арматура,Сантехническая арматура,Сантехническая арматура,true,true,false,false,published,curated_vendor_slug,ani-plast,partner_catalog_backfill_20260702,"Backfilled from confirmed partner source for catalog vendor coverage, official site/logo already tracked in partners data."
ani-plast,ANI Plast,https://www.aniplast.ru/,assets/img/logos/partners/ani-plast.png,https://www.aniplast.ru/local/templates/main/img/logo.png,engineering-equipment,Инженерное оборудование,water,Водоснабжение и водоотведение,wastewater-and-drainage,Водоотведение,wastewater-control-valves,Запорно-регулирующая арматура,Сантехническая арматура,Сантехническая арматура,Сантехническая арматура,Сантехническая арматура,true,true,false,false,published,curated_vendor_slug,ani-plast,partner_catalog_backfill_20260702,"Backfilled from confirmed partner source for catalog vendor coverage, official site/logo already tracked in partners data."
roca,Roca,https://www.roca.com/,assets/img/logos/partners/roca.svg,https://www.roca.com/documents/20126/346080475/roca-logo.svg/4dc29d13-1df3-b628-786b-7c63db57cdcd?t=1753429104544,engineering-equipment,Инженерное оборудование,water,Водоснабжение и водоотведение,sanitary-equipment,Сантехническое оборудование,bathroom-complectation,Комплектация санузла,Сантехническая керамика,Сантехническая керамика,Сантехническая керамика,Сантехническая керамика,true,true,false,false,published,curated_vendor_slug,roca,partner_catalog_backfill_20260702,"Backfilled from confirmed partner source for catalog vendor coverage, official site/logo already tracked in partners data."
roca,Roca,https://www.roca.com/,assets/img/logos/partners/roca.svg,https://www.roca.com/documents/20126/346080475/roca-logo.svg/4dc29d13-1df3-b628-786b-7c63db57cdcd?t=1753429104544,engineering-equipment,Инженерное оборудование,water,Водоснабжение и водоотведение,sanitary-equipment,Сантехническое оборудование,rakoviny-i-unitazy,Раковины и унитазы,Сантехническая керамика,Сантехническая керамика,Сантехническая керамика,Сантехническая керамика,true,true,false,false,published,curated_vendor_slug,roca,partner_catalog_backfill_20260702,"Backfilled from confirmed partner source for catalog vendor coverage, official site/logo already tracked in partners data."
roca,Roca,https://www.roca.com/,assets/img/logos/partners/roca.svg,https://www.roca.com/documents/20126/346080475/roca-logo.svg/4dc29d13-1df3-b628-786b-7c63db57cdcd?t=1753429104544,engineering-equipment,Инженерное оборудование,water,Водоснабжение и водоотведение,sanitary-equipment,Сантехническое оборудование,sanfayans,Санфаянс,Сантехническая керамика,Сантехническая керамика,Сантехническая керамика,Сантехническая керамика,true,true,false,false,published,curated_vendor_slug,roca,partner_catalog_backfill_20260702,"Backfilled from confirmed partner source for catalog vendor coverage, official site/logo already tracked in partners data."
roca,Roca,https://www.roca.com/,assets/img/logos/partners/roca.svg,https://www.roca.com/documents/20126/346080475/roca-logo.svg/4dc29d13-1df3-b628-786b-7c63db57cdcd?t=1753429104544,tech-equipment,ТХ оборудование,tech-equipment,Технологическое оборудование,oborudovanie-sanuzlov,Оборудование санузлов,oborudovanie-sanuzlov,Оборудование санузлов,Сантехническая керамика,Сантехническая керамика,Сантехническая керамика,Сантехническая керамика,true,true,false,false,published,curated_vendor_slug,roca,partner_catalog_backfill_20260702,"Backfilled from confirmed partner source for catalog vendor coverage, official site/logo already tracked in partners data."
roca,Roca,https://www.roca.com/,assets/img/logos/partners/roca.svg,https://www.roca.com/documents/20126/346080475/roca-logo.svg/4dc29d13-1df3-b628-786b-7c63db57cdcd?t=1753429104544,engineering-equipment,Инженерное оборудование,water,Водоснабжение и водоотведение,sanitary-equipment,Сантехническое оборудование,wall-hung-toilet-kit,Комплект для подвесного унитаза,Сантехническая керамика,Сантехническая керамика,Сантехническая керамика,Сантехническая керамика,true,true,false,false,published,curated_vendor_slug,roca,partner_catalog_backfill_20260702,"Backfilled from confirmed partner source for catalog vendor coverage, official site/logo already tracked in partners data."
santek,Santek,https://santek.ru/,assets/img/logos/partners/santek.svg,https://santek.ru/image/logo.svg,engineering-equipment,Инженерное оборудование,water,Водоснабжение и водоотведение,sanitary-equipment,Сантехническое оборудование,bathroom-complectation,Комплектация санузла,Сантехническая керамика,Сантехническая керамика,Сантехническая керамика,Сантехническая керамика,true,true,false,false,published,curated_vendor_slug,santek,partner_catalog_backfill_20260702,"Backfilled from confirmed partner source for catalog vendor coverage, official site/logo already tracked in partners data."
santek,Santek,https://santek.ru/,assets/img/logos/partners/santek.svg,https://santek.ru/image/logo.svg,engineering-equipment,Инженерное оборудование,water,Водоснабжение и водоотведение,sanitary-equipment,Сантехническое оборудование,rakoviny-i-unitazy,Раковины и унитазы,Сантехническая керамика,Сантехническая керамика,Сантехническая керамика,Сантехническая керамика,true,true,false,false,published,curated_vendor_slug,santek,partner_catalog_backfill_20260702,"Backfilled from confirmed partner source for catalog vendor coverage, official site/logo already tracked in partners data."
santek,Santek,https://santek.ru/,assets/img/logos/partners/santek.svg,https://santek.ru/image/logo.svg,engineering-equipment,Инженерное оборудование,water,Водоснабжение и водоотведение,sanitary-equipment,Сантехническое оборудование,sanfayans,Санфаянс,Сантехническая керамика,Сантехническая керамика,Сантехническая керамика,Сантехническая керамика,true,true,false,false,published,curated_vendor_slug,santek,partner_catalog_backfill_20260702,"Backfilled from confirmed partner source for catalog vendor coverage, official site/logo already tracked in partners data."
santek,Santek,https://santek.ru/,assets/img/logos/partners/santek.svg,https://santek.ru/image/logo.svg,tech-equipment,ТХ оборудование,tech-equipment,Технологическое оборудование,oborudovanie-sanuzlov,Оборудование санузлов,oborudovanie-sanuzlov,Оборудование санузлов,Сантехническая керамика,Сантехническая керамика,Сантехническая керамика,Сантехническая керамика,true,true,false,false,published,curated_vendor_slug,santek,partner_catalog_backfill_20260702,"Backfilled from confirmed partner source for catalog vendor coverage, official site/logo already tracked in partners data."
santek,Santek,https://santek.ru/,assets/img/logos/partners/santek.svg,https://santek.ru/image/logo.svg,engineering-equipment,Инженерное оборудование,water,Водоснабжение и водоотведение,sanitary-equipment,Сантехническое оборудование,wall-hung-toilet-kit,Комплект для подвесного унитаза,Сантехническая керамика,Сантехническая керамика,Сантехническая керамика,Сантехническая керамика,true,true,false,false,published,curated_vendor_slug,santek,partner_catalog_backfill_20260702,"Backfilled from confirmed partner source for catalog vendor coverage, official site/logo already tracked in partners data."
zarya-impeks,Заря,https://impeks-group.ru/catalog/ohrannoe-osveshenie/,assets/img/logos/vendors/zarya-impeks.png,https://impeks-group.ru/wp-content/uploads/2024/07/zarya_logo_3.png,energy,Энергетика,eom,ЭОМ,security-lighting,Охранное освещение,brackets-mounting-units-and-luminaires,"Кронштейны, узлы крепления, светильники",Слаботочные сети и связь,Периметральная охрана / охранное освещение,Системы безопасности,Периметральная охрана и охранное освещение,true,true,false,false,published,curated_vendor_slug,zarya-impeks,official_impeks_product_logo_fix_20260703,Official product logo from the Impeks-Group site. Used for security lighting instead of the unreadable white-on-transparent company logo.
tochka-impeks,СОП Точка,https://impeks-group.ru/catalog/ohrana-perimetra/tochka/,assets/img/logos/vendors/tochka-impeks.png,https://impeks-group.ru/wp-content/uploads/2024/07/tochka_logo_7.png,engineering-equipment,Инженерное оборудование,low-current,Слаботочные сети и связь,perimeter-intrusion-alarm-systems,Системы периметральной охранной сигнализации,perimeter-controllers-detectors,"Контроллеры, извещатели",Слаботочные сети и связь,Периметральная охрана / охранное освещение,Системы безопасности,Периметральная охрана и охранное освещение,true,true,false,false,published,curated_vendor_slug,tochka-impeks,official_impeks_product_logo_fix_20260703,Official product logo from the Impeks-Group site. Used instead of the unreadable white-on-transparent company logo for perimeter security cards.
dormakaba,Dormakaba,https://www.dormakaba.com/ru-ru,assets/img/logos/partners/dormakaba.svg,https://www.dormakaba.com/ru-ru/icons/sprite-logos.svg#dk-logo-neutral,engineering-equipment,Инженерное оборудование,low-current,Слаботочные сети и связь,access-control-systems,Системы контроля и управления доступом,locking-devices,Запирающие устройства,Слаботочные сети и связь,СКУД,Системы контроля и управления доступом,СКУД и запирающие устройства,true,true,false,false,published,curated_vendor_slug,dormakaba,partner_catalog_backfill_20260702,"Backfilled from confirmed partner source for catalog vendor coverage, official site/logo already tracked in partners data."
dormakaba,Dormakaba,https://www.dormakaba.com/ru-ru,assets/img/logos/partners/dormakaba.svg,https://www.dormakaba.com/ru-ru/icons/sprite-logos.svg#dk-logo-neutral,engineering-equipment,Инженерное оборудование,low-current,Слаботочные сети и связь,access-control-systems,Системы контроля и управления доступом,access-control-equipment,Оборудование СКУД,Слаботочные сети и связь,СКУД,Системы контроля и управления доступом,СКУД и запирающие устройства,true,true,false,false,published,curated_vendor_slug,dormakaba,partner_catalog_backfill_20260702,"Backfilled from confirmed partner source for catalog vendor coverage, official site/logo already tracked in partners data."
dormakaba,Dormakaba,https://www.dormakaba.com/ru-ru,assets/img/logos/partners/dormakaba.svg,https://www.dormakaba.com/ru-ru/icons/sprite-logos.svg#dk-logo-neutral,engineering-equipment,Инженерное оборудование,low-current,Слаботочные сети и связь,access-control-systems,Системы контроля и управления доступом,skud,СКУД,Слаботочные сети и связь,СКУД,Системы контроля и управления доступом,СКУД и запирающие устройства,true,true,false,false,published,curated_vendor_slug,dormakaba,partner_catalog_backfill_20260702,"Backfilled from confirmed partner source for catalog vendor coverage, official site/logo already tracked in partners data."
dormakaba,Dormakaba,https://www.dormakaba.com/ru-ru,assets/img/logos/partners/dormakaba.svg,https://www.dormakaba.com/ru-ru/icons/sprite-logos.svg#dk-logo-neutral,engineering-equipment,Инженерное оборудование,low-current,Слаботочные сети и связь,access-control-systems,Системы контроля и управления доступом,sistemy-kontrolya-i-upravleniya-dostupom,Системы контроля и управления доступом,Слаботочные сети и связь,СКУД,Системы контроля и управления доступом,СКУД и запирающие устройства,true,true,false,false,published,curated_vendor_slug,dormakaba,partner_catalog_backfill_20260702,"Backfilled from confirmed partner source for catalog vendor coverage, official site/logo already tracked in partners data."
dormakaba,Dormakaba,https://www.dormakaba.com/ru-ru,assets/img/logos/partners/dormakaba.svg,https://www.dormakaba.com/ru-ru/icons/sprite-logos.svg#dk-logo-neutral,tech-equipment,ТХ оборудование,tech-equipment,Технологическое оборудование,inspection-equipment,Досмотровое оборудование,access-and-control-systems,Системы доступа и контроля,Слаботочные сети и связь,СКУД,Системы контроля и управления доступом,СКУД и запирающие устройства,true,true,false,false,published,curated_vendor_slug,dormakaba,partner_catalog_backfill_20260702,"Backfilled from confirmed partner source for catalog vendor coverage, official site/logo already tracked in partners data."
keyguard,KeyGuard,https://keyguard.ru/,assets/img/logos/vendors/keyguard.jpg,https://keyguard.ru/img/keyguard_logo_2.jpg,engineering-equipment,Инженерное оборудование,low-current,Слаботочные сети и связь,access-control-systems,Системы контроля и управления доступом,automatic-key-issue-systems,Системы автоматической выдачи ключей,Слаботочные сети и связь,Системы контроля и управления доступом,Автоматическая выдача ключей,Системы автоматической выдачи ключей,true,true,false,false,published,curated_vendor_slug,keyguard,official_p1_vendor_hint_batch_20260703,"Official KeyGuard product/manufacturer site logo, catalog hint covers automatic key issue systems."
bastion-3-es-prom,Бастион-3 / ЕС-Пром,https://www.trevog.net/,assets/img/logos/vendors/bastion-3-es-prom.png,https://www.trevog.net/upload/uf/0a7/o4xicna4nr4t2vcf9r7k1rhwybpz53sz/Bastion-3-logo_21051.png,engineering-equipment,Инженерное оборудование,low-current,Слаботочные сети и связь,information-collection-processing-systems,Системы сбора и обработки информации (ССОИ),ssoi-software-hardware-complexes,"ССОИ, Программно-аппаратные комплексы",Слаботочные сети и связь,Системы сбора и обработки информации,ССОИ,"ССОИ, программно-аппаратные комплексы",true,true,false,false,published,curated_vendor_slug,bastion-3-es-prom,official_p1_vendor_hint_batch_20260703,"Official ЕС-Пром site publishes this Бастион-3 logo, catalog hint covers SSOI / software-hardware complexes."
eltex,Eltex,https://eltex.ru/,assets/img/logos/vendors/eltex.svg,https://eltex.ru/images/logo.svg,engineering-equipment,Инженерное оборудование,low-current,Слаботочные сети и связь,video-surveillance-and-network-equipment,Видеонаблюдение и сетевое оборудование,active-lan-equipment,Активное оборудование ЛВС,Слаботочные сети и связь,Слаботочные сети и связь,Видеонаблюдение и сетевое оборудование,Активное оборудование ЛВС,true,true,true,true,published,curated_type_alias,Активное оборудование ЛВС,official_site_asset,"Официальный синий SVG Eltex с прозрачным фоном, активное оборудование ЛВС, сетевое и телекоммуникационное оборудование."
eltex,Eltex,https://eltex.ru/,assets/img/logos/vendors/eltex.svg,https://eltex.ru/images/logo.svg,it-equipment-and-software,IT оборудование и ПО,it-infrastructure,IT-инфраструктура,network-equipment,Сетевое оборудование,network-switches,Коммутаторы,Слаботочные сети и связь,Слаботочные сети и связь,Видеонаблюдение и сетевое оборудование,Активное оборудование ЛВС,true,true,true,true,published,curated_type_alias,Активное оборудование ЛВС,official_site_asset,"Официальный синий SVG Eltex с прозрачным фоном, активное оборудование ЛВС, сетевое и телекоммуникационное оборудование."
eltex,Eltex,https://eltex.ru/,assets/img/logos/vendors/eltex.svg,https://eltex.ru/images/logo.svg,it-equipment-and-software,IT оборудование и ПО,it-infrastructure,IT-инфраструктура,network-equipment,Сетевое оборудование,setevoe-oborudovanie-i-telekom,Сетевое оборудование и телеком,Слаботочные сети и связь,Слаботочные сети и связь,Видеонаблюдение и сетевое оборудование,Активное оборудование ЛВС,true,true,true,true,published,curated_type_alias,Активное оборудование ЛВС,official_site_asset,"Официальный синий SVG Eltex с прозрачным фоном, активное оборудование ЛВС, сетевое и телекоммуникационное оборудование."
integra-kabel,Интегра Кабель,https://intg.ru/,assets/img/logos/vendors/integra-kabel.png,https://intg.ru/wp-content/uploads/2019/12/logo-integra-cable-systems.png,engineering-equipment,Инженерное оборудование,low-current,Слаботочные сети и связь,cable-networks-and-fols,Кабельные сети и ВОЛС,fiber-optic-cable,Волоконно-оптический кабель,Слаботочные сети и связь,Слаботочные сети и связь,Кабельные сети и ВОЛС,Волоконно-оптический кабель,true,true,true,true,published,curated_type_alias,Волоконно-оптический кабель,official_site_asset,"Волоконно-оптический кабель для грунта, канализации, труб, подвеса и объектных сетей связи."
ecler,Ecler,https://www.ecler.com/,assets/img/logos/partners/ecler.svg,https://www.ecler.com/_next/static/media/logo.884da08e.svg,tech-equipment,ТХ оборудование,tech-equipment,Технологическое оборудование,media-equipment,Медийное оборудование,assembly-hall-equipment,Актовый зал,Слаботочные системы / аудио,Слаботочные системы / аудио,Слаботочные системы / аудио,Слаботочные системы / аудио,true,true,false,false,published,curated_vendor_slug,ecler,partner_catalog_backfill_20260702,"Backfilled from confirmed partner source for catalog vendor coverage, official site/logo already tracked in partners data."
ecler,Ecler,https://www.ecler.com/,assets/img/logos/partners/ecler.svg,https://www.ecler.com/_next/static/media/logo.884da08e.svg,tech-equipment,ТХ оборудование,tech-equipment,Технологическое оборудование,media-equipment,Медийное оборудование,media-apparatus,Аппаратура,Слаботочные системы / аудио,Слаботочные системы / аудио,Слаботочные системы / аудио,Слаботочные системы / аудио,true,true,false,false,published,curated_vendor_slug,ecler,partner_catalog_backfill_20260702,"Backfilled from confirmed partner source for catalog vendor coverage, official site/logo already tracked in partners data."
ecler,Ecler,https://www.ecler.com/,assets/img/logos/partners/ecler.svg,https://www.ecler.com/_next/static/media/logo.884da08e.svg,tech-equipment,ТХ оборудование,tech-equipment,Технологическое оборудование,media-equipment,Медийное оборудование,mediynoe-oborudovanie,Медийное оборудование,Слаботочные системы / аудио,Слаботочные системы / аудио,Слаботочные системы / аудио,Слаботочные системы / аудио,true,true,false,false,published,curated_vendor_slug,ecler,partner_catalog_backfill_20260702,"Backfilled from confirmed partner source for catalog vendor coverage, official site/logo already tracked in partners data."
ecler,Ecler,https://www.ecler.com/,assets/img/logos/partners/ecler.svg,https://www.ecler.com/_next/static/media/logo.884da08e.svg,tech-equipment,ТХ оборудование,tech-equipment,Технологическое оборудование,aktovyy-zal,Актовый зал,aktovyy-zal,Актовый зал,Слаботочные системы / аудио,Слаботочные системы / аудио,Слаботочные системы / аудио,Слаботочные системы / аудио,true,true,false,false,published,curated_vendor_slug,ecler,partner_catalog_backfill_20260702,"Backfilled from confirmed partner source for catalog vendor coverage, official site/logo already tracked in partners data."
idis,IDIS,https://www.idisglobal.com/,assets/img/logos/partners/idis.png,https://www.idisglobal.com/images/etc/ci/IDIS_C.I_v3.1.png,engineering-equipment,Инженерное оборудование,low-current,Слаботочные сети и связь,video-surveillance-and-network-equipment,Видеонаблюдение и сетевое оборудование,video-surveillance-equipment,Оборудование видеонаблюдения,Слаботочные системы / видеонаблюдение,Слаботочные системы / видеонаблюдение,Слаботочные системы / видеонаблюдение,Слаботочные системы / видеонаблюдение,true,true,false,false,published,curated_vendor_slug,idis,partner_catalog_backfill_20260702,"Backfilled from confirmed partner source for catalog vendor coverage, official site/logo already tracked in partners data."
idis,IDIS,https://www.idisglobal.com/,assets/img/logos/partners/idis.png,https://www.idisglobal.com/images/etc/ci/IDIS_C.I_v3.1.png,engineering-equipment,Инженерное оборудование,low-current,Слаботочные сети и связь,video-surveillance-and-network-equipment,Видеонаблюдение и сетевое оборудование,video-surveillance-systems,Системы видеонаблюдения,Слаботочные системы / видеонаблюдение,Слаботочные системы / видеонаблюдение,Слаботочные системы / видеонаблюдение,Слаботочные системы / видеонаблюдение,true,true,false,false,published,curated_vendor_slug,idis,partner_catalog_backfill_20260702,"Backfilled from confirmed partner source for catalog vendor coverage, official site/logo already tracked in partners data."
iva,IVA,https://iva.ru/ru/,assets/img/logos/partners/iva-readable.svg,https://iva.ru/assets/templates/main/assets/img/logo.svg,engineering-equipment,Инженерное оборудование,low-current,Слаботочные сети и связь,sistemy-svyazi-i-dispetcherizatsii,Системы связи и диспетчеризации,telefoniya,Телефония,Слаботочные системы / корпоративная связь,Слаботочные системы / корпоративная связь,Слаботочные системы / корпоративная связь,Слаботочные системы / корпоративная связь,true,true,false,false,published,curated_vendor_slug,iva,partner_catalog_backfill_20260702,"Backfilled from confirmed partner source for catalog vendor coverage, official site/logo already tracked in partners data."
iva,IVA,https://iva.ru/ru/,assets/img/logos/partners/iva-readable.svg,https://iva.ru/assets/templates/main/assets/img/logo.svg,engineering-equipment,Инженерное оборудование,low-current,Слаботочные сети и связь,sistemy-svyazi-i-dispetcherizatsii,Системы связи и диспетчеризации,sistemy-svyazi-i-dispetcherizatsii,Системы связи и диспетчеризации,Слаботочные системы / корпоративная связь,Слаботочные системы / корпоративная связь,Слаботочные системы / корпоративная связь,Слаботочные системы / корпоративная связь,true,true,false,false,published,curated_vendor_slug,iva,partner_catalog_backfill_20260702,"Backfilled from confirmed partner source for catalog vendor coverage, official site/logo already tracked in partners data."
iva,IVA,https://iva.ru/ru/,assets/img/logos/partners/iva-readable.svg,https://iva.ru/assets/templates/main/assets/img/logo.svg,engineering-equipment,Инженерное оборудование,low-current,Слаботочные сети и связь,sistemy-svyazi-i-dispetcherizatsii,Системы связи и диспетчеризации,kommunikatsii-i-svyaz,Коммуникации и связь,Слаботочные системы / корпоративная связь,Слаботочные системы / корпоративная связь,Слаботочные системы / корпоративная связь,Слаботочные системы / корпоративная связь,true,true,false,false,published,curated_vendor_slug,iva,partner_catalog_backfill_20260702,"Backfilled from confirmed partner source for catalog vendor coverage, official site/logo already tracked in partners data."
alfamatika,Альфаматика,https://alphamatica.ru/aboutPage,assets/img/logos/partners/alphamatica.svg,https://alphamatica.ru/_next/static/media/LogoCompany.6ab5ef73.svg,engineering-equipment,Инженерное оборудование,low-current,Слаботочные сети и связь,pass-management-automation,Системы автоматизации пропускного режима,pass-terminals-and-queue-systems,"Программно-аппаратные комплексы, терминалы выдачи пропусков, системы электронных очередей",Слаботочные системы / электронная очередь,Слаботочные системы / электронная очередь,Слаботочные системы / электронная очередь,Слаботочные системы / электронная очередь,true,true,false,false,published,curated_vendor_slug,alfamatika,partner_catalog_backfill_20260702,"Backfilled from confirmed partner source for catalog vendor coverage, official site/logo already tracked in partners data."
alfamatika,Альфаматика,https://alphamatica.ru/aboutPage,assets/img/logos/partners/alphamatica.svg,https://alphamatica.ru/_next/static/media/LogoCompany.6ab5ef73.svg,engineering-equipment,Инженерное оборудование,low-current,Слаботочные сети и связь,pass-management-automation,Системы автоматизации пропускного режима,sistemy-avtomatizatsii-propusknogo-rezhima,Системы автоматизации пропускного режима,Слаботочные системы / электронная очередь,Слаботочные системы / электронная очередь,Слаботочные системы / электронная очередь,Слаботочные системы / электронная очередь,true,true,false,false,published,curated_vendor_slug,alfamatika,partner_catalog_backfill_20260702,"Backfilled from confirmed partner source for catalog vendor coverage, official site/logo already tracked in partners data."
reco,RECO,https://recorus.ru/,assets/img/logos/vendors/reco.svg,https://static.tildacdn.com/tild6466-6537-4438-b832-393834666631/Logo_Reco.svg,building-materials,Строительные материалы,constructive,Конструктивные решения,metall,Металл,mufty-obzhimnye-dlya-armatury,Муфты обжимные для арматуры,Строительные материалы,Конструктивные решения,Металл,Муфты обжимные для арматуры,true,true,false,false,published,curated_vendor_slug,reco,codex_p1_metal_vendor_fill_20260703,"Official RECO page is dedicated to compression rebar couplers and positions the company as a manufacturer. Official SVG logo is used as-is, mapped only to compression rebar couplers."
zms-setka,ЗМС,https://zms-setka.ru/,assets/img/logos/vendors/zms-setka.png,https://zms-setka.ru/assets/templates/zms/images/logo.png,building-materials,Строительные материалы,constructive,Конструктивные решения,metall,Металл,setka,Сетка,Строительные материалы,Конструктивные решения,Металл,Сетка,true,true,false,false,published,curated_vendor_slug,zms-setka,codex_p1_metal_vendor_fill_20260703,"Official product page states welded reinforcing/road/masonry mesh from manufacturer ZMS. Official site logo is used as-is, mapped only to the mesh product group."
bonolit,Bonolit,https://bonolit.ru/,assets/img/logos/vendors/bonolit.png,https://bonolit.ru/local/templates/bonolit2022/img/header-logo.png,building-materials,Строительные материалы,constructive,Конструктивные решения,masonry-and-wall-materials,Стены / кладочные материалы,gazobetonnye-bloki,Газобетонные блоки,Строительные материалы,Конструктивные решения,Стены / кладочные материалы,Газобетонные блоки,true,true,false,false,published,curated_vendor_slug,bonolit,codex_p2_masonry_vendor_fill_20260703,Official Bonolit site identifies the company as a gas concrete plant/manufacturer. Official header logo is used as-is and mapped only to aerated concrete blocks.
penoblok-ru,Пеноблок.Ру,https://www.penoblok.ru/,assets/img/logos/vendors/penoblok-ru.png,https://www.penoblok.ru/bitrix/templates/penoblok/img/logo.png,building-materials,Строительные материалы,constructive,Конструктивные решения,masonry-and-wall-materials,Стены / кладочные материалы,penobloki,Пеноблоки,Строительные материалы,Конструктивные решения,Стены / кладочные материалы,Пеноблоки,true,true,false,false,published,curated_vendor_slug,penoblok-ru,codex_p2_masonry_vendor_fill_20260703,"Official Penoblok.Ru site positions the company as a certified foam block manufacturer. Official site logo contains a tagline and is used as-is, mapped only to foam blocks."
bergauf,Bergauf,https://bergauf.ru/,assets/img/logos/partners/bergauf.svg,https://bergauf.ru/wp-content/themes/template/img/logo24.svg,building-materials,Строительные материалы,architecture,Архитектурные решения,finishing-materials,Отделочные материалы,plasters-and-leveling-compounds,Штукатурные и выравнивающие смеси,Строительные смеси,Строительные смеси,Строительные смеси,Строительные смеси,true,true,false,false,published,curated_vendor_slug,bergauf,partner_catalog_backfill_20260702,"Backfilled from confirmed partner source for catalog vendor coverage, official site/logo already tracked in partners data."
bergauf,Bergauf,https://bergauf.ru/,assets/img/logos/partners/bergauf.svg,https://bergauf.ru/wp-content/themes/template/img/logo24.svg,building-materials,Строительные материалы,architecture,Архитектурные решения,finishing-materials,Отделочные материалы,suhie-smesi,Сухие смеси,Строительные смеси,Строительные смеси,Строительные смеси,Строительные смеси,true,true,false,false,published,curated_vendor_slug,bergauf,partner_catalog_backfill_20260702,"Backfilled from confirmed partner source for catalog vendor coverage, official site/logo already tracked in partners data."
glims,GLIMS,https://glims.ru/,assets/img/logos/partners/glims.svg,https://glims.ru/upload/CMax/810/hii4oej8qr16ik2759y0x0kr6tk5n0tl/logo_glims.svg,building-materials,Строительные материалы,architecture,Архитектурные решения,finishing-materials,Отделочные материалы,plasters-and-leveling-compounds,Штукатурные и выравнивающие смеси,Строительные смеси,Строительные смеси,Строительные смеси,Строительные смеси,true,true,false,false,published,curated_vendor_slug,glims,partner_catalog_backfill_20260702,"Backfilled from confirmed partner source for catalog vendor coverage, official site/logo already tracked in partners data."
glims,GLIMS,https://glims.ru/,assets/img/logos/partners/glims.svg,https://glims.ru/upload/CMax/810/hii4oej8qr16ik2759y0x0kr6tk5n0tl/logo_glims.svg,building-materials,Строительные материалы,architecture,Архитектурные решения,finishing-materials,Отделочные материалы,suhie-smesi,Сухие смеси,Строительные смеси,Строительные смеси,Строительные смеси,Строительные смеси,true,true,false,false,published,curated_vendor_slug,glims,partner_catalog_backfill_20260702,"Backfilled from confirmed partner source for catalog vendor coverage, official site/logo already tracked in partners data."
yarus,Ярус,https://www.yarus.info/,assets/img/logos/vendors/yarus.svg,https://www.yarus.info/local/templates/yarus/img/logo.svg,tech-equipment,ТХ оборудование,tech-equipment,Технологическое оборудование,bibliotechnoe-oborudovanie,Библиотечное оборудование,bibliotechnoe-oborudovanie,Библиотечное оборудование,ТХ оборудование,Технологическое оборудование,Библиотечное оборудование / стеллажи,"Библиотечное оборудование, Стеллажи",true,true,false,false,published,curated_vendor_slug,yarus,official_p2_tx_storage_security_sport_20260703,"Official Ярус site title identifies production of shelving equipment, including library shelving."
yarus,Ярус,https://www.yarus.info/,assets/img/logos/vendors/yarus.svg,https://www.yarus.info/local/templates/yarus/img/logo.svg,tech-equipment,ТХ оборудование,tech-equipment,Технологическое оборудование,stellazhi,Стеллажи,stellazhi,Стеллажи,ТХ оборудование,Технологическое оборудование,Библиотечное оборудование / стеллажи,"Библиотечное оборудование, Стеллажи",true,true,false,false,published,curated_vendor_slug,yarus,official_p2_tx_storage_security_sport_20260703,"Official Ярус site title identifies production of shelving equipment, including library shelving."
perco,PERCo,https://www.perco.ru/,assets/img/logos/vendors/perco.svg,https://www.perco.ru/images/2023/logo.svg,tech-equipment,ТХ оборудование,tech-equipment,Технологическое оборудование,inspection-equipment,Досмотровое оборудование,dosmotrovoe-oborudovanie,Досмотровое оборудование,ТХ оборудование,Технологическое оборудование,Досмотровое оборудование,"Турникеты, СКУД, системы контроля доступа",true,true,false,false,published,curated_vendor_slug,perco,official_p2_tx_storage_security_sport_20260703,"Official PERCo site identifies security systems and equipment, catalog contains turnstiles and access-control equipment."
perco,PERCo,https://www.perco.ru/,assets/img/logos/vendors/perco.svg,https://www.perco.ru/images/2023/logo.svg,engineering-equipment,Инженерное оборудование,low-current,Слаботочные сети и связь,access-control-systems,Системы контроля и управления доступом,skud,СКУД,ТХ оборудование,Технологическое оборудование,Досмотровое оборудование,"Турникеты, СКУД, системы контроля доступа",true,true,false,false,published,curated_vendor_slug,perco,official_p2_tx_storage_security_sport_20260703,"Official PERCo site identifies security systems and equipment, catalog contains turnstiles and access-control equipment."
perco,PERCo,https://www.perco.ru/,assets/img/logos/vendors/perco.svg,https://www.perco.ru/images/2023/logo.svg,engineering-equipment,Инженерное оборудование,low-current,Слаботочные сети и связь,access-control-systems,Системы контроля и управления доступом,sistemy-kontrolya-i-upravleniya-dostupom,Системы контроля и управления доступом,ТХ оборудование,Технологическое оборудование,Досмотровое оборудование,"Турникеты, СКУД, системы контроля доступа",true,true,false,false,published,curated_vendor_slug,perco,official_p2_tx_storage_security_sport_20260703,"Official PERCo site identifies security systems and equipment, catalog contains turnstiles and access-control equipment."
perco,PERCo,https://www.perco.ru/,assets/img/logos/vendors/perco.svg,https://www.perco.ru/images/2023/logo.svg,engineering-equipment,Инженерное оборудование,low-current,Слаботочные сети и связь,access-control-systems,Системы контроля и управления доступом,access-control-equipment,Оборудование СКУД,ТХ оборудование,Технологическое оборудование,Досмотровое оборудование,"Турникеты, СКУД, системы контроля доступа",true,true,false,false,published,curated_vendor_slug,perco,official_p2_tx_storage_security_sport_20260703,"Official PERCo site identifies security systems and equipment, catalog contains turnstiles and access-control equipment."
blokpost,БЛОКПОСТ,https://detektor-rf.ru/,assets/img/logos/vendors/blokpost.svg,https://detektor-rf.ru/local/templates/detector/assets/img/elements.svg#logo,tech-equipment,ТХ оборудование,tech-equipment,Технологическое оборудование,inspection-equipment,Досмотровое оборудование,dosmotrovoe-oborudovanie,Досмотровое оборудование,ТХ оборудование,Технологическое оборудование,Досмотровое оборудование,"Металлодетекторы, досмотровое оборудование, турникеты",true,true,false,false,published,curated_vendor_slug,blokpost,official_p2_tx_storage_security_sport_20260703,"Official БЛОКПОСТ site title identifies inspection equipment from the manufacturer, logo extracted from official SVG sprite."
b-braun,B. Braun,https://www.bbraun.com/,assets/img/logos/vendors/medical-20260703/b-braun.svg,https://www.bbraun.com/content/dam/b-braun/master/website-6/en/00_home-and-miscellaneous/logo/bbraun-logo-full.svg,tech-equipment,ТХ оборудование,tech-equipment,Технологическое оборудование,medical-gases-and-equipment,Медицинские газы и оборудование,infusion-therapy-and-temperature-management,Инфузионная терапия и управление температурами,ТХ оборудование,Технологическое оборудование,Медицинские газы и оборудование,Medical equipment,true,true,false,false,published,curated_vendor_slug,b-braun,codex_medical_p1_vendors_20260703,"Official B. Braun site describes it as a medical technology company, official SVG logo from bbraun.com. Mapped to infusion therapy and general medical equipment."
b-braun,B. Braun,https://www.bbraun.com/,assets/img/logos/vendors/medical-20260703/b-braun.svg,https://www.bbraun.com/content/dam/b-braun/master/website-6/en/00_home-and-miscellaneous/logo/bbraun-logo-full.svg,tech-equipment,ТХ оборудование,tech-equipment,Технологическое оборудование,medical-gases-and-equipment,Медицинские газы и оборудование,meditsinskoe-oborudovanie,Медицинское оборудование,ТХ оборудование,Технологическое оборудование,Медицинские газы и оборудование,Medical equipment,true,true,false,false,published,curated_vendor_slug,b-braun,codex_medical_p1_vendors_20260703,"Official B. Braun site describes it as a medical technology company, official SVG logo from bbraun.com. Mapped to infusion therapy and general medical equipment."
fujifilm,FUJIFILM,https://www.fujifilm.com/us/en/healthcare,assets/img/logos/vendors/fujifilm.svg,https://www.fujifilm.com/us/themes/custom/fujifilm_com_g2/common/img/fujifilm_corporate_logo.svg,tech-equipment,ТХ оборудование,tech-equipment,Технологическое оборудование,medical-gases-and-equipment,Медицинские газы и оборудование,visualization-and-diagnostics,Визуализация и диагностика,ТХ оборудование,Технологическое оборудование,Медицинские газы и оборудование,Медицинская визуализация и диагностика,true,true,false,false,published,curated_vendor_slug,fujifilm,codex_medical_japan_vendors_20260702,"Official SVG logo from Fujifilm site header, mapped to medical visualization and diagnostics."
fujifilm,FUJIFILM,https://www.fujifilm.com/us/en/healthcare,assets/img/logos/vendors/fujifilm.svg,https://www.fujifilm.com/us/themes/custom/fujifilm_com_g2/common/img/fujifilm_corporate_logo.svg,tech-equipment,ТХ оборудование,tech-equipment,Технологическое оборудование,medical-gases-and-equipment,Медицинские газы и оборудование,meditsinskoe-oborudovanie,Медицинское оборудование,ТХ оборудование,Технологическое оборудование,Медицинские газы и оборудование,Медицинская визуализация и диагностика,true,true,false,false,published,curated_vendor_slug,fujifilm,codex_medical_japan_vendors_20260702,"Official SVG logo from Fujifilm site header, mapped to medical visualization and diagnostics."
mindray,Mindray,https://www.mindray.com/en,assets/img/logos/vendors/medical-20260703/mindray.png,https://www.mindray.com/content/dam/xpace/en/site/common/organization-logo.png,tech-equipment,ТХ оборудование,tech-equipment,Технологическое оборудование,medical-gases-and-equipment,Медицинские газы и оборудование,cardiology-and-emergency-care,Кардиология и неотложная помощь,ТХ оборудование,Технологическое оборудование,Медицинские газы и оборудование,Medical equipment,true,true,false,false,published,curated_vendor_slug,mindray,codex_medical_p1_vendors_20260703,"Official Mindray site title identifies the company as a medical technology and solutions supplier, logo source is official organization-logo.png from mindray.com. Mapped to monitoring, anesthesia/intensive care, infusion and visualization groups."
mindray,Mindray,https://www.mindray.com/en,assets/img/logos/vendors/medical-20260703/mindray.png,https://www.mindray.com/content/dam/xpace/en/site/common/organization-logo.png,tech-equipment,ТХ оборудование,tech-equipment,Технологическое оборудование,medical-gases-and-equipment,Медицинские газы и оборудование,anesthesiology-and-intensive-care,Анестезиология и интенсивная терапия,ТХ оборудование,Технологическое оборудование,Медицинские газы и оборудование,Medical equipment,true,true,false,false,published,curated_vendor_slug,mindray,codex_medical_p1_vendors_20260703,"Official Mindray site title identifies the company as a medical technology and solutions supplier, logo source is official organization-logo.png from mindray.com. Mapped to monitoring, anesthesia/intensive care, infusion and visualization groups."
mindray,Mindray,https://www.mindray.com/en,assets/img/logos/vendors/medical-20260703/mindray.png,https://www.mindray.com/content/dam/xpace/en/site/common/organization-logo.png,tech-equipment,ТХ оборудование,tech-equipment,Технологическое оборудование,medical-gases-and-equipment,Медицинские газы и оборудование,infusion-therapy-and-temperature-management,Инфузионная терапия и управление температурами,ТХ оборудование,Технологическое оборудование,Медицинские газы и оборудование,Medical equipment,true,true,false,false,published,curated_vendor_slug,mindray,codex_medical_p1_vendors_20260703,"Official Mindray site title identifies the company as a medical technology and solutions supplier, logo source is official organization-logo.png from mindray.com. Mapped to monitoring, anesthesia/intensive care, infusion and visualization groups."
mindray,Mindray,https://www.mindray.com/en,assets/img/logos/vendors/medical-20260703/mindray.png,https://www.mindray.com/content/dam/xpace/en/site/common/organization-logo.png,tech-equipment,ТХ оборудование,tech-equipment,Технологическое оборудование,medical-gases-and-equipment,Медицинские газы и оборудование,visualization-and-diagnostics,Визуализация и диагностика,ТХ оборудование,Технологическое оборудование,Медицинские газы и оборудование,Medical equipment,true,true,false,false,published,curated_vendor_slug,mindray,codex_medical_p1_vendors_20260703,"Official Mindray site title identifies the company as a medical technology and solutions supplier, logo source is official organization-logo.png from mindray.com. Mapped to monitoring, anesthesia/intensive care, infusion and visualization groups."
mindray,Mindray,https://www.mindray.com/en,assets/img/logos/vendors/medical-20260703/mindray.png,https://www.mindray.com/content/dam/xpace/en/site/common/organization-logo.png,tech-equipment,ТХ оборудование,tech-equipment,Технологическое оборудование,medical-gases-and-equipment,Медицинские газы и оборудование,meditsinskoe-oborudovanie,Медицинское оборудование,ТХ оборудование,Технологическое оборудование,Медицинские газы и оборудование,Medical equipment,true,true,false,false,published,curated_vendor_slug,mindray,codex_medical_p1_vendors_20260703,"Official Mindray site title identifies the company as a medical technology and solutions supplier, logo source is official organization-logo.png from mindray.com. Mapped to monitoring, anesthesia/intensive care, infusion and visualization groups."
olympus,Olympus,https://www.olympus-global.com/products/medical/,assets/img/logos/vendors/olympus.png,https://www.olympus-global.com/shared/images/ci-logo-01.png,tech-equipment,ТХ оборудование,tech-equipment,Технологическое оборудование,medical-gases-and-equipment,Медицинские газы и оборудование,visualization-and-diagnostics,Визуализация и диагностика,ТХ оборудование,Технологическое оборудование,Медицинские газы и оборудование,Медицинская визуализация и диагностика,true,true,false,false,published,curated_vendor_slug,olympus,codex_medical_japan_vendors_20260702,"Official PNG corporate logo from olympus-global.com, medical product page is the verified source context."
olympus,Olympus,https://www.olympus-global.com/products/medical/,assets/img/logos/vendors/olympus.png,https://www.olympus-global.com/shared/images/ci-logo-01.png,tech-equipment,ТХ оборудование,tech-equipment,Технологическое оборудование,medical-gases-and-equipment,Медицинские газы и оборудование,meditsinskoe-oborudovanie,Медицинское оборудование,ТХ оборудование,Технологическое оборудование,Медицинские газы и оборудование,Медицинская визуализация и диагностика,true,true,false,false,published,curated_vendor_slug,olympus,codex_medical_japan_vendors_20260702,"Official PNG corporate logo from olympus-global.com, medical product page is the verified source context."
pentax-medical,PENTAX Medical,https://www.pentaxmedical.com/en,assets/img/logos/vendors/pentax-medical.svg,https://www.pentaxmedical.com/logo.svg,tech-equipment,ТХ оборудование,tech-equipment,Технологическое оборудование,medical-gases-and-equipment,Медицинские газы и оборудование,visualization-and-diagnostics,Визуализация и диагностика,ТХ оборудование,Технологическое оборудование,Медицинские газы и оборудование,Медицинская визуализация и диагностика,true,true,false,false,published,curated_vendor_slug,pentax-medical,codex_medical_japan_vendors_20260702,"Official SVG logo from pentaxmedical.com. Pentax is treated as an alias, public vendor is PENTAX Medical to avoid duplicates."
pentax-medical,PENTAX Medical,https://www.pentaxmedical.com/en,assets/img/logos/vendors/pentax-medical.svg,https://www.pentaxmedical.com/logo.svg,tech-equipment,ТХ оборудование,tech-equipment,Технологическое оборудование,medical-gases-and-equipment,Медицинские газы и оборудование,meditsinskoe-oborudovanie,Медицинское оборудование,ТХ оборудование,Технологическое оборудование,Медицинские газы и оборудование,Медицинская визуализация и диагностика,true,true,false,false,published,curated_vendor_slug,pentax-medical,codex_medical_japan_vendors_20260702,"Official SVG logo from pentaxmedical.com. Pentax is treated as an alias, public vendor is PENTAX Medical to avoid duplicates."
philips,Philips,https://www.philips.com/healthcare,assets/img/logos/vendors/medical-20260703/philips.svg,https://www.philips.com/c-etc/philips/clientlibs/foundation-general/clientlibs-css-rb2014/images/generic/philips-footer-logo.svg,tech-equipment,ТХ оборудование,tech-equipment,Технологическое оборудование,medical-gases-and-equipment,Медицинские газы и оборудование,cardiology-and-emergency-care,Кардиология и неотложная помощь,ТХ оборудование,Технологическое оборудование,Медицинские газы и оборудование,Medical equipment,true,true,false,false,published,curated_vendor_slug,philips,codex_medical_p1_vendors_20260703,"Official Philips healthcare site and official Philips SVG logo from philips.com. Mapped conservatively to medical equipment, cardiology/emergency care, visualization/diagnostics."
philips,Philips,https://www.philips.com/healthcare,assets/img/logos/vendors/medical-20260703/philips.svg,https://www.philips.com/c-etc/philips/clientlibs/foundation-general/clientlibs-css-rb2014/images/generic/philips-footer-logo.svg,tech-equipment,ТХ оборудование,tech-equipment,Технологическое оборудование,medical-gases-and-equipment,Медицинские газы и оборудование,visualization-and-diagnostics,Визуализация и диагностика,ТХ оборудование,Технологическое оборудование,Медицинские газы и оборудование,Medical equipment,true,true,false,false,published,curated_vendor_slug,philips,codex_medical_p1_vendors_20260703,"Official Philips healthcare site and official Philips SVG logo from philips.com. Mapped conservatively to medical equipment, cardiology/emergency care, visualization/diagnostics."
philips,Philips,https://www.philips.com/healthcare,assets/img/logos/vendors/medical-20260703/philips.svg,https://www.philips.com/c-etc/philips/clientlibs/foundation-general/clientlibs-css-rb2014/images/generic/philips-footer-logo.svg,tech-equipment,ТХ оборудование,tech-equipment,Технологическое оборудование,medical-gases-and-equipment,Медицинские газы и оборудование,meditsinskoe-oborudovanie,Медицинское оборудование,ТХ оборудование,Технологическое оборудование,Медицинские газы и оборудование,Medical equipment,true,true,false,false,published,curated_vendor_slug,philips,codex_medical_p1_vendors_20260703,"Official Philips healthcare site and official Philips SVG logo from philips.com. Mapped conservatively to medical equipment, cardiology/emergency care, visualization/diagnostics."
abat,Abat,https://abat.ru/,assets/img/logos/vendors/abat.png,https://abat.ru/img/logo.png,tech-equipment,ТХ оборудование,tech-equipment,Технологическое оборудование,oborudovanie-stolovoy-i-pischebloka,Оборудование столовой и пищеблока,oborudovanie-pischebloka,Оборудование пищеблока,ТХ оборудование,Технологическое оборудование,Оборудование столовой и пищеблока,"Оборудование пищеблока, Оборудование столовой",true,true,false,false,published,curated_vendor_slug,abat,codex_p2_lift_fire_foodservice_20260703,"Official site title: manufacturer of professional kitchen equipment, logo from official /img/logo.png."
abat,Abat,https://abat.ru/,assets/img/logos/vendors/abat.png,https://abat.ru/img/logo.png,tech-equipment,ТХ оборудование,tech-equipment,Технологическое оборудование,oborudovanie-stolovoy-i-pischebloka,Оборудование столовой и пищеблока,oborudovanie-stolovoy,Оборудование столовой,ТХ оборудование,Технологическое оборудование,Оборудование столовой и пищеблока,"Оборудование пищеблока, Оборудование столовой",true,true,false,false,published,curated_vendor_slug,abat,codex_p2_lift_fire_foodservice_20260703,"Official site title: manufacturer of professional kitchen equipment, logo from official /img/logo.png."
romana,Romana,https://romana.pro/,assets/img/logos/vendors/romana.png,https://romana.pro/local/include/img/logo.png,tech-equipment,ТХ оборудование,tech-equipment,Технологическое оборудование,sportivnoe-oborudovanie,Спортивное оборудование,sportivnoe-oborudovanie,Спортивное оборудование,ТХ оборудование,Технологическое оборудование,Спортивное оборудование,Спортивное оборудование,true,true,false,false,published,curated_vendor_slug,romana,official_p2_tx_storage_security_sport_20260703,Official Romana Pro site title identifies outdoor sports/playground equipment from the manufacturer.
praktik,ПРАКТИК,https://practic.biz/,assets/img/logos/vendors/praktik.png,https://practic.biz/files/brands/logo_practic.jpg,tech-equipment,ТХ оборудование,tech-equipment,Технологическое оборудование,stellazhi,Стеллажи,stellazhi,Стеллажи,ТХ оборудование,Технологическое оборудование,Стеллажи / гардероб / хозяйственное хранение,"Стеллажи, Оборудование гардероба, Хозяйственное оборудование",true,true,false,false,published,curated_vendor_slug,praktik,official_p2_tx_storage_security_sport_20260703,"Official ПРАКТИК catalog contains shelving, locker/wardrobe systems and metal storage cabinets."
praktik,ПРАКТИК,https://practic.biz/,assets/img/logos/vendors/praktik.png,https://practic.biz/files/brands/logo_practic.jpg,tech-equipment,ТХ оборудование,tech-equipment,Технологическое оборудование,oborudovanie-garderoba,Оборудование гардероба,oborudovanie-garderoba,Оборудование гардероба,ТХ оборудование,Технологическое оборудование,Стеллажи / гардероб / хозяйственное хранение,"Стеллажи, Оборудование гардероба, Хозяйственное оборудование",true,true,false,false,published,curated_vendor_slug,praktik,official_p2_tx_storage_security_sport_20260703,"Official ПРАКТИК catalog contains shelving, locker/wardrobe systems and metal storage cabinets."
praktik,ПРАКТИК,https://practic.biz/,assets/img/logos/vendors/praktik.png,https://practic.biz/files/brands/logo_practic.jpg,tech-equipment,ТХ оборудование,tech-equipment,Технологическое оборудование,hozyaystvennoe-oborudovanie,Хозяйственное оборудование,hozyaystvennoe-oborudovanie,Хозяйственное оборудование,ТХ оборудование,Технологическое оборудование,Стеллажи / гардероб / хозяйственное хранение,"Стеллажи, Оборудование гардероба, Хозяйственное оборудование",true,true,false,false,published,curated_vendor_slug,praktik,official_p2_tx_storage_security_sport_20260703,"Official ПРАКТИК catalog contains shelving, locker/wardrobe systems and metal storage cabinets."
rockwool,ROCKWOOL,https://rwl.ru/,assets/img/logos/partners/rockwool.svg,https://rwl.ru/local/templates/rockwool_v2/assets/images/logo/logo.svg?1752752399,building-materials,Строительные материалы,architecture,Архитектурные решения,facades,Фасады,uteplitel,Утеплитель,Теплоизоляция,Теплоизоляция,Теплоизоляция,Теплоизоляция,true,true,false,false,published,curated_vendor_slug,rockwool,partner_catalog_backfill_20260702,"Backfilled from confirmed partner source for catalog vendor coverage, official site/logo already tracked in partners data."
byurokrat,Бюрократ,https://buro.ru/,assets/img/logos/vendors/byurokrat.svg,https://static.buro.ru/img2023/logo.svg,tech-equipment,ТХ оборудование,tech-equipment,Технологическое оборудование,complectation,Комплектация,soft-and-office-furniture,Мебель (мягкая и офисная),Технологическое оборудование,Комплектация,Мебель,Мебель (мягкая и офисная),true,true,false,false,published,curated_vendor_slug,byurokrat,official_p0_vendor_batch_20260703,"Official Buro/Byurokrat site logo, catalog hint covers office furniture."
byurokrat,Бюрократ,https://buro.ru/,assets/img/logos/vendors/byurokrat.svg,https://static.buro.ru/img2023/logo.svg,tech-equipment,ТХ оборудование,tech-equipment,Технологическое оборудование,mebel,Мебель,mebel,Мебель,Технологическое оборудование,Комплектация,Мебель,Мебель (мягкая и офисная),true,true,false,false,published,curated_vendor_slug,byurokrat,official_p0_vendor_batch_20260703,"Official Buro/Byurokrat site logo, catalog hint covers office furniture."
byurokrat,Бюрократ,https://buro.ru/,assets/img/logos/vendors/byurokrat.svg,https://static.buro.ru/img2023/logo.svg,tech-equipment,ТХ оборудование,tech-equipment,Технологическое оборудование,mebel,Мебель,ofisnaya-mebel,Офисная мебель,Технологическое оборудование,Комплектация,Мебель,Мебель (мягкая и офисная),true,true,false,false,published,curated_vendor_slug,byurokrat,official_p0_vendor_batch_20260703,"Official Buro/Byurokrat site logo, catalog hint covers office furniture."
kompaniya-dok-17,КОМПАНИЯ ДОК-17,https://www.dok17.ru/,assets/img/logos/vendors/kompaniya-dok-17.jpg,https://www.dok17.ru/images/logotip.jpg,tech-equipment,ТХ оборудование,tech-equipment,Технологическое оборудование,complectation,Комплектация,soft-and-office-furniture,Мебель (мягкая и офисная),Технологическое оборудование,Комплектация,Мебель,Мебель (мягкая и офисная),true,true,false,false,published,curated_vendor_slug,kompaniya-dok-17,official_p0_vendor_batch_20260703,"Official company site logo, catalog hint covers office and soft furniture."
kompaniya-dok-17,КОМПАНИЯ ДОК-17,https://www.dok17.ru/,assets/img/logos/vendors/kompaniya-dok-17.jpg,https://www.dok17.ru/images/logotip.jpg,tech-equipment,ТХ оборудование,tech-equipment,Технологическое оборудование,mebel,Мебель,mebel,Мебель,Технологическое оборудование,Комплектация,Мебель,Мебель (мягкая и офисная),true,true,false,false,published,curated_vendor_slug,kompaniya-dok-17,official_p0_vendor_batch_20260703,"Official company site logo, catalog hint covers office and soft furniture."
kompaniya-dok-17,КОМПАНИЯ ДОК-17,https://www.dok17.ru/,assets/img/logos/vendors/kompaniya-dok-17.jpg,https://www.dok17.ru/images/logotip.jpg,tech-equipment,ТХ оборудование,tech-equipment,Технологическое оборудование,mebel,Мебель,ofisnaya-mebel,Офисная мебель,Технологическое оборудование,Комплектация,Мебель,Мебель (мягкая и офисная),true,true,false,false,published,curated_vendor_slug,kompaniya-dok-17,official_p0_vendor_batch_20260703,"Official company site logo, catalog hint covers office and soft furniture."
gefesd,GEFESD,https://gefesd.ru/,assets/img/logos/vendors/gefesd.png,https://gefesd.ru/local/templates/gefesd/assets/images/logo.png,tech-equipment,ТХ оборудование,tech-equipment,Технологическое оборудование,complectation,Комплектация,industrial-furniture,Промышленная мебель,Технологическое оборудование,Комплектация,Промышленная мебель,Промышленная мебель,true,true,false,false,published,curated_vendor_slug,gefesd,official_p0_vendor_batch_20260703,"Official GEFESD site logo, catalog hint covers industrial furniture."
analitika,Аналитика,https://analytica-lab.ru,assets/img/logos/vendors/import-20260630/analitika.png,https://analytica-lab.ru/local/templates/analytics/frontend/img/images/footer_logotype.png,tech-equipment,ТХ оборудование,tech-equipment,Технологическое оборудование,laboratornoe-oborudovanie,Лабораторное оборудование,laboratornoe-oborudovanie,Лабораторное оборудование,Технологическое оборудование,Технологическое оборудование,Технологическое оборудование,лаборатор оборуд,true,true,false,false,published,curated_type_alias,лаборатор оборуд,supplier_import_20260630_official_site,"Prepared from supplier table. Sheet: лаборатор оборуд , row 13. Logo source: official site."
kompaniya-reatorg,Компания РЕАТОРГ,https://reatorg.ru,assets/img/logos/vendors/import-20260630/kompaniya-reatorg.png,https://www.reatorg.ru/local/templates/reatorg_new/images/logo.png,tech-equipment,ТХ оборудование,tech-equipment,Технологическое оборудование,laboratornoe-oborudovanie,Лабораторное оборудование,laboratornoe-oborudovanie,Лабораторное оборудование,Технологическое оборудование,Технологическое оборудование,Технологическое оборудование,"Медицина, госпиталя",true,true,false,false,published,curated_vendor_slug,kompaniya-reatorg,supplier_import_20260630_official_site,"Prepared from supplier table. Sheet: Медицина, госпиталя, row 54. Logo source: official site."
ooo-alkor-bio,"ООО ""Алкор Био""",https://alkorbio.ru,assets/img/logos/vendors/import-20260630/ooo-alkor-bio.png,https://www.alkorbio.ru/local/templates/alkorbio/images/logo.png,tech-equipment,ТХ оборудование,tech-equipment,Технологическое оборудование,laboratornoe-oborudovanie,Лабораторное оборудование,laboratornoe-oborudovanie,Лабораторное оборудование,Технологическое оборудование,Технологическое оборудование,Технологическое оборудование,лаборатор оборуд,true,true,false,false,published,curated_type_alias,лаборатор оборуд,supplier_import_20260630_official_site,"Prepared from supplier table. Sheet: лаборатор оборуд , row 23. Logo source: official site."
proizvodstvennoe-obedinenie-ams-mzmo-asepticheskie-meditsinskie-sistemy-i-miasskiy-zavod-meditsinskogo-oborudovaniya,Производственное объединение АМС-МЗМО «Асептические Медицинские Системы» и «Миасский Завод Медицинского Оборудования»,https://laminar.ru,assets/img/logos/vendors/import-20260630/proizvodstvennoe-obedinenie-ams-mzmo-asepticheskie-meditsinskie-sistemy-i-miasskiy-zavod-meditsinskogo-oborudovaniya.png,https://www.laminar.ru/local/templates/laminar/asset/images/logo.png,tech-equipment,ТХ оборудование,tech-equipment,Технологическое оборудование,medical-gases-and-equipment,Медицинские газы и оборудование,medical-gases,Медицинские газы,Технологическое оборудование,Технологическое оборудование,Технологическое оборудование,Комплексы чистых помещений,true,true,true,true,published,curated_type_alias,Комплексы чистых помещений,supplier_import_20260630_official_site,"Prepared from supplier table. Sheet: Комплексы чистых помещений , row 3. Logo source: official site."
proizvodstvennoe-obedinenie-ams-mzmo-asepticheskie-meditsinskie-sistemy-i-miasskiy-zavod-meditsinskogo-oborudovaniya,Производственное объединение АМС-МЗМО «Асептические Медицинские Системы» и «Миасский Завод Медицинского Оборудования»,https://laminar.ru,assets/img/logos/vendors/import-20260630/proizvodstvennoe-obedinenie-ams-mzmo-asepticheskie-meditsinskie-sistemy-i-miasskiy-zavod-meditsinskogo-oborudovaniya.png,https://www.laminar.ru/local/templates/laminar/asset/images/logo.png,tech-equipment,ТХ оборудование,tech-equipment,Технологическое оборудование,medical-gases-and-equipment,Медицинские газы и оборудование,meditsinskoe-oborudovanie,Медицинское оборудование,Технологическое оборудование,Технологическое оборудование,Технологическое оборудование,Комплексы чистых помещений,true,true,true,true,published,curated_type_alias,Комплексы чистых помещений,supplier_import_20260630_official_site,"Prepared from supplier table. Sheet: Комплексы чистых помещений , row 3. Logo source: official site."
ambiot,AMBIOT,https://ambiot.io/,assets/img/logos/partners/ambiot.svg,https://static.tildacdn.com/tild3866-3766-4535-b033-323763323063/__Header.svg,energy,Энергетика,eom,ЭОМ,lighting-devices,Световые приборы,luminaires,Светильники,Умное освещение / IIoT,Умное освещение / IIoT,Умное освещение / IIoT,Умное освещение / IIoT,true,true,false,false,published,curated_vendor_slug,ambiot,partner_catalog_backfill_20260702,"Backfilled from confirmed partner source for catalog vendor coverage, official site/logo already tracked in partners data."
ambiot,AMBIOT,https://ambiot.io/,assets/img/logos/partners/ambiot.svg,https://static.tildacdn.com/tild3866-3766-4535-b033-323763323063/__Header.svg,energy,Энергетика,eom,ЭОМ,lighting-devices,Световые приборы,lighting-fixtures,Светильники,Умное освещение / IIoT,Умное освещение / IIoT,Умное освещение / IIoT,Умное освещение / IIoT,true,true,false,false,published,curated_vendor_slug,ambiot,partner_catalog_backfill_20260702,"Backfilled from confirmed partner source for catalog vendor coverage, official site/logo already tracked in partners data."
ambiot,AMBIOT,https://ambiot.io/,assets/img/logos/partners/ambiot.svg,https://static.tildacdn.com/tild3866-3766-4535-b033-323763323063/__Header.svg,energy,Энергетика,eom,ЭОМ,indoor-lighting,Внутреннее освещение,commercial-interior-linear-recessed-lighting,"Для бизнеса, интерьерные, линейные, встраиваемые",Умное освещение / IIoT,Умное освещение / IIoT,Умное освещение / IIoT,Умное освещение / IIoT,true,true,false,false,published,curated_vendor_slug,ambiot,partner_catalog_backfill_20260702,"Backfilled from confirmed partner source for catalog vendor coverage, official site/logo already tracked in partners data."
feron,FERON,https://feron.ru/korporativnyy-stil/,assets/img/logos/partners/feron.png,https://feron.ru/korporativnyy-stil/Feron.rar,energy,Энергетика,eom,ЭОМ,lighting-devices,Световые приборы,luminaires,Светильники,ЭОМ,Световые приборы,Светотехника,Светотехника,true,true,false,false,published,curated_vendor_slug,feron,partner_catalog_backfill_20260702,"Backfilled from confirmed partner source for catalog vendor coverage, official site/logo already tracked in partners data."
feron,FERON,https://feron.ru/korporativnyy-stil/,assets/img/logos/partners/feron.png,https://feron.ru/korporativnyy-stil/Feron.rar,energy,Энергетика,eom,ЭОМ,lighting-devices,Световые приборы,lighting-fixtures,Светильники,ЭОМ,Световые приборы,Светотехника,Светотехника,true,true,false,false,published,curated_vendor_slug,feron,partner_catalog_backfill_20260702,"Backfilled from confirmed partner source for catalog vendor coverage, official site/logo already tracked in partners data."
feron,FERON,https://feron.ru/korporativnyy-stil/,assets/img/logos/partners/feron.png,https://feron.ru/korporativnyy-stil/Feron.rar,energy,Энергетика,eom,ЭОМ,indoor-lighting,Внутреннее освещение,commercial-interior-linear-recessed-lighting,"Для бизнеса, интерьерные, линейные, встраиваемые",ЭОМ,Световые приборы,Светотехника,Светотехника,true,true,false,false,published,curated_vendor_slug,feron,partner_catalog_backfill_20260702,"Backfilled from confirmed partner source for catalog vendor coverage, official site/logo already tracked in partners data."
feron,FERON,https://feron.ru/korporativnyy-stil/,assets/img/logos/partners/feron.png,https://feron.ru/korporativnyy-stil/Feron.rar,energy,Энергетика,eom,ЭОМ,outdoor-lighting,Наружное освещение,poles-and-outdoor-lighting,Опоры и наружное освещение,ЭОМ,Световые приборы,Светотехника,Светотехника,true,true,false,false,published,curated_vendor_slug,feron,partner_catalog_backfill_20260702,"Backfilled from confirmed partner source for catalog vendor coverage, official site/logo already tracked in partners data."
feron,FERON,https://feron.ru/korporativnyy-stil/,assets/img/logos/partners/feron.png,https://feron.ru/korporativnyy-stil/Feron.rar,building-materials,Строительные материалы,landscaping-and-site-improvement,Благоустройство и озеленение,osveschenie-territorii,Освещение территории,opory-osvescheniya,Опоры освещения,ЭОМ,Световые приборы,Светотехника,Светотехника,true,true,false,false,published,curated_vendor_slug,feron,partner_catalog_backfill_20260702,"Backfilled from confirmed partner source for catalog vendor coverage, official site/logo already tracked in partners data."
feron,FERON,https://feron.ru/korporativnyy-stil/,assets/img/logos/partners/feron.png,https://feron.ru/korporativnyy-stil/Feron.rar,energy,Энергетика,eom,ЭОМ,outdoor-lighting,Наружное освещение,architectural-and-street-lighting,"Архитектурно-художественное освещение, уличное освещение",ЭОМ,Световые приборы,Светотехника,Светотехника,true,true,false,false,published,curated_vendor_slug,feron,partner_catalog_backfill_20260702,"Backfilled from confirmed partner source for catalog vendor coverage, official site/logo already tracked in partners data."
feron,FERON,https://feron.ru/korporativnyy-stil/,assets/img/logos/partners/feron.png,https://feron.ru/korporativnyy-stil/Feron.rar,energy,Энергетика,eom,ЭОМ,electrical-equipment,Электрооборудование,busbar-systems,Шинопроводы,ЭОМ,Световые приборы,Светотехника,Светотехника,true,true,false,false,published,curated_vendor_slug,feron,partner_catalog_backfill_20260702,"Backfilled from confirmed partner source for catalog vendor coverage, official site/logo already tracked in partners data."
gauss,GAUSS,https://gauss.ru/,assets/img/logos/partners/gauss.svg,https://academy.gauss.ru/,energy,Энергетика,eom,ЭОМ,lighting-devices,Световые приборы,luminaires,Светильники,ЭОМ,Световые приборы,Светотехника,Светотехника,true,true,false,false,published,curated_vendor_slug,gauss,partner_catalog_backfill_20260702,"Backfilled from confirmed partner source for catalog vendor coverage, official site/logo already tracked in partners data."
gauss,GAUSS,https://gauss.ru/,assets/img/logos/partners/gauss.svg,https://academy.gauss.ru/,energy,Энергетика,eom,ЭОМ,lighting-devices,Световые приборы,lighting-fixtures,Светильники,ЭОМ,Световые приборы,Светотехника,Светотехника,true,true,false,false,published,curated_vendor_slug,gauss,partner_catalog_backfill_20260702,"Backfilled from confirmed partner source for catalog vendor coverage, official site/logo already tracked in partners data."
gauss,GAUSS,https://gauss.ru/,assets/img/logos/partners/gauss.svg,https://academy.gauss.ru/,energy,Энергетика,eom,ЭОМ,indoor-lighting,Внутреннее освещение,commercial-interior-linear-recessed-lighting,"Для бизнеса, интерьерные, линейные, встраиваемые",ЭОМ,Световые приборы,Светотехника,Светотехника,true,true,false,false,published,curated_vendor_slug,gauss,partner_catalog_backfill_20260702,"Backfilled from confirmed partner source for catalog vendor coverage, official site/logo already tracked in partners data."
gauss,GAUSS,https://gauss.ru/,assets/img/logos/partners/gauss.svg,https://academy.gauss.ru/,energy,Энергетика,eom,ЭОМ,outdoor-lighting,Наружное освещение,poles-and-outdoor-lighting,Опоры и наружное освещение,ЭОМ,Световые приборы,Светотехника,Светотехника,true,true,false,false,published,curated_vendor_slug,gauss,partner_catalog_backfill_20260702,"Backfilled from confirmed partner source for catalog vendor coverage, official site/logo already tracked in partners data."
gauss,GAUSS,https://gauss.ru/,assets/img/logos/partners/gauss.svg,https://academy.gauss.ru/,building-materials,Строительные материалы,landscaping-and-site-improvement,Благоустройство и озеленение,osveschenie-territorii,Освещение территории,opory-osvescheniya,Опоры освещения,ЭОМ,Световые приборы,Светотехника,Светотехника,true,true,false,false,published,curated_vendor_slug,gauss,partner_catalog_backfill_20260702,"Backfilled from confirmed partner source for catalog vendor coverage, official site/logo already tracked in partners data."
gauss,GAUSS,https://gauss.ru/,assets/img/logos/partners/gauss.svg,https://academy.gauss.ru/,energy,Энергетика,eom,ЭОМ,outdoor-lighting,Наружное освещение,architectural-and-street-lighting,"Архитектурно-художественное освещение, уличное освещение",ЭОМ,Световые приборы,Светотехника,Светотехника,true,true,false,false,published,curated_vendor_slug,gauss,partner_catalog_backfill_20260702,"Backfilled from confirmed partner source for catalog vendor coverage, official site/logo already tracked in partners data."
gauss,GAUSS,https://gauss.ru/,assets/img/logos/partners/gauss.svg,https://academy.gauss.ru/,energy,Энергетика,eom,ЭОМ,electrical-equipment,Электрооборудование,busbar-systems,Шинопроводы,ЭОМ,Световые приборы,Светотехника,Светотехника,true,true,false,false,published,curated_vendor_slug,gauss,partner_catalog_backfill_20260702,"Backfilled from confirmed partner source for catalog vendor coverage, official site/logo already tracked in partners data."
jazzway,JazzWay,https://www.jazz-way.com/,assets/img/logos/partners/jazzway.svg,https://www.jazz-way.com/images/logo-jazz.svg,energy,Энергетика,eom,ЭОМ,lighting-devices,Световые приборы,luminaires,Светильники,ЭОМ,Световые приборы,Светотехника,Светотехника,true,true,false,false,published,curated_type_alias,Светотехника,partner_catalog_backfill_20260702,"Backfilled from confirmed partner source for catalog vendor coverage, official site/logo already tracked in partners data."
jazzway,JazzWay,https://www.jazz-way.com/,assets/img/logos/partners/jazzway.svg,https://www.jazz-way.com/images/logo-jazz.svg,energy,Энергетика,eom,ЭОМ,lighting-devices,Световые приборы,lighting-fixtures,Светильники,ЭОМ,Световые приборы,Светотехника,Светотехника,true,true,false,false,published,curated_type_alias,Светотехника,partner_catalog_backfill_20260702,"Backfilled from confirmed partner source for catalog vendor coverage, official site/logo already tracked in partners data."
jazzway,JazzWay,https://www.jazz-way.com/,assets/img/logos/partners/jazzway.svg,https://www.jazz-way.com/images/logo-jazz.svg,energy,Энергетика,eom,ЭОМ,indoor-lighting,Внутреннее освещение,commercial-interior-linear-recessed-lighting,"Для бизнеса, интерьерные, линейные, встраиваемые",ЭОМ,Световые приборы,Светотехника,Светотехника,true,true,false,false,published,curated_type_alias,Светотехника,partner_catalog_backfill_20260702,"Backfilled from confirmed partner source for catalog vendor coverage, official site/logo already tracked in partners data."
jazzway,JazzWay,https://www.jazz-way.com/,assets/img/logos/partners/jazzway.svg,https://www.jazz-way.com/images/logo-jazz.svg,energy,Энергетика,eom,ЭОМ,outdoor-lighting,Наружное освещение,poles-and-outdoor-lighting,Опоры и наружное освещение,ЭОМ,Световые приборы,Светотехника,Светотехника,true,true,false,false,published,curated_type_alias,Светотехника,partner_catalog_backfill_20260702,"Backfilled from confirmed partner source for catalog vendor coverage, official site/logo already tracked in partners data."
jazzway,JazzWay,https://www.jazz-way.com/,assets/img/logos/partners/jazzway.svg,https://www.jazz-way.com/images/logo-jazz.svg,building-materials,Строительные материалы,landscaping-and-site-improvement,Благоустройство и озеленение,osveschenie-territorii,Освещение территории,opory-osvescheniya,Опоры освещения,ЭОМ,Световые приборы,Светотехника,Светотехника,true,true,false,false,published,curated_type_alias,Светотехника,partner_catalog_backfill_20260702,"Backfilled from confirmed partner source for catalog vendor coverage, official site/logo already tracked in partners data."
zeto,ЗЭТО,https://zeto.ru/,assets/img/logos/vendors/zeto.svg,https://zeto.ru/wp-content/uploads/2021/09/logo.svg,energy,Энергетика,eom,ЭОМ,transformer-and-distribution-substations,Трансформаторные и распределительные подстанции,bktp-brp-vru,"БКТП, БРП, ВРУ",ЭОМ,Трансформаторные и распределительные подстанции,"БКТП, БРП, ВРУ","БКТП, БРП, ВРУ",true,true,false,false,published,curated_vendor_slug,zeto,official_p0_vendor_batch_20260703,"Official ZETO site logo, catalog hint covers BКTP/BRP/VRU group."
zeto,ЗЭТО,https://zeto.ru/,assets/img/logos/vendors/zeto.svg,https://zeto.ru/wp-content/uploads/2021/09/logo.svg,energy,Энергетика,eom,ЭОМ,transformer-and-distribution-substations,Трансформаторные и распределительные подстанции,uzly-sistemy-elektrosnabzheniya,"Узлы системы электроснабжения,",ЭОМ,Трансформаторные и распределительные подстанции,"БКТП, БРП, ВРУ","БКТП, БРП, ВРУ",true,true,false,false,published,curated_vendor_slug,zeto,official_p0_vendor_batch_20260703,"Official ZETO site logo, catalog hint covers BКTP/BRP/VRU group."
cheaz,ЧЭАЗ,https://www.cheaz.ru/,assets/img/logos/vendors/cheaz.svg,https://www.cheaz.ru/assets/images/logo_ru.svg,energy,Энергетика,eom,ЭОМ,transformer-and-distribution-substations,Трансформаторные и распределительные подстанции,bktp-brp-vru,"БКТП, БРП, ВРУ",ЭОМ,Трансформаторные и распределительные подстанции,"БКТП, БРП, ВРУ","БКТП, БРП, ВРУ",true,true,false,false,published,curated_vendor_slug,cheaz,official_p0_vendor_batch_20260703,"Official CHEAZ logo from official site, catalog hint covers BКTP/BRP/VRU group."
cheaz,ЧЭАЗ,https://www.cheaz.ru/,assets/img/logos/vendors/cheaz.svg,https://www.cheaz.ru/assets/images/logo_ru.svg,energy,Энергетика,eom,ЭОМ,transformer-and-distribution-substations,Трансформаторные и распределительные подстанции,uzly-sistemy-elektrosnabzheniya,"Узлы системы электроснабжения,",ЭОМ,Трансформаторные и распределительные подстанции,"БКТП, БРП, ВРУ","БКТП, БРП, ВРУ",true,true,false,false,published,curated_vendor_slug,cheaz,official_p0_vendor_batch_20260703,"Official CHEAZ logo from official site, catalog hint covers BКTP/BRP/VRU group."
ezois,ЭЗОИС,https://www.ezois.ru/,assets/img/logos/vendors/ezois.png,https://www.ezois.ru/local/templates/ezois_2019/images/logo_ezois_grun.png,energy,Энергетика,eom,ЭОМ,transformer-and-distribution-substations,Трансформаторные и распределительные подстанции,bktp-brp-vru,"БКТП, БРП, ВРУ",ЭОМ,Трансформаторные и распределительные подстанции,"БКТП, БРП, ВРУ","БКТП, БРП, ВРУ",true,true,false,false,published,curated_vendor_slug,ezois,official_p0_vendor_batch_20260703,"Official EZOIS site logo, catalog hint covers BКTP/BRP/VRU group."
ezois,ЭЗОИС,https://www.ezois.ru/,assets/img/logos/vendors/ezois.png,https://www.ezois.ru/local/templates/ezois_2019/images/logo_ezois_grun.png,energy,Энергетика,eom,ЭОМ,transformer-and-distribution-substations,Трансформаторные и распределительные подстанции,uzly-sistemy-elektrosnabzheniya,"Узлы системы электроснабжения,",ЭОМ,Трансформаторные и распределительные подстанции,"БКТП, БРП, ВРУ","БКТП, БРП, ВРУ",true,true,false,false,published,curated_vendor_slug,ezois,official_p0_vendor_batch_20260703,"Official EZOIS site logo, catalog hint covers BКTP/BRP/VRU group."
amira,АМИРА,https://www.amira.ru,assets/img/logos/vendors/import-20260630/amira.svg,https://www.amira.ru/wp-content/themes/amira/img/logo.svg,energy,Энергетика,eom,ЭОМ,outdoor-lighting,Наружное освещение,poles-and-outdoor-lighting,Опоры и наружное освещение,ЭОМ,ЭОМ,ЭОМ,Опоры освещения,true,true,true,true,published,curated_type_alias,Опоры освещения,supplier_import_20260630_official_site,"Prepared from supplier table. Sheet: Опоры освещения, row 31. Logo source: official site."
amira,АМИРА,https://www.amira.ru,assets/img/logos/vendors/import-20260630/amira.svg,https://www.amira.ru/wp-content/themes/amira/img/logo.svg,building-materials,Строительные материалы,landscaping-and-site-improvement,Благоустройство и озеленение,osveschenie-territorii,Освещение территории,opory-osvescheniya,Опоры освещения,ЭОМ,ЭОМ,ЭОМ,Опоры освещения,true,true,true,true,published,curated_type_alias,Опоры освещения,supplier_import_20260630_official_site,"Prepared from supplier table. Sheet: Опоры освещения, row 31. Logo source: official site."
bezgalogennye-ognestoykie-komupady,Безгалогенные огнестойкие комупады,https://l-compaund.ru,assets/img/logos/vendors/import-20260630/bezgalogennye-ognestoykie-komupady.png,https://l-compaund.ru/images/2024/04/02/logo_new.png,energy,Энергетика,eom,ЭОМ,electrical-equipment,Электрооборудование,elektrika,Электрика,ЭОМ,ЭОМ,ЭОМ,Электрика,true,true,false,false,published,curated_type_alias,Электрика,supplier_import_20260630_official_site,"Prepared from supplier table. Sheet: Электрика, row 57. Logo source: official site."
bezgalogennye-ognestoykie-komupady,Безгалогенные огнестойкие комупады,https://l-compaund.ru,assets/img/logos/vendors/import-20260630/bezgalogennye-ognestoykie-komupady.png,https://l-compaund.ru/images/2024/04/02/logo_new.png,energy,Энергетика,eom,ЭОМ,electrical-equipment,Электрооборудование,switchboard-and-electrical-equipment,Щитовое и электрооборудование,ЭОМ,ЭОМ,ЭОМ,Электрика,true,true,false,false,published,curated_type_alias,Электрика,supplier_import_20260630_official_site,"Prepared from supplier table. Sheet: Электрика, row 57. Logo source: official site."
bezgalogennye-ognestoykie-komupady,Безгалогенные огнестойкие комупады,https://l-compaund.ru,assets/img/logos/vendors/import-20260630/bezgalogennye-ognestoykie-komupady.png,https://l-compaund.ru/images/2024/04/02/logo_new.png,energy,Энергетика,eom,ЭОМ,electrical-equipment,Электрооборудование,kommutatsionnoe-elektrooborudovanie,"Коммутационное электрооборудование,",ЭОМ,ЭОМ,ЭОМ,Электрика,true,true,false,false,published,curated_type_alias,Электрика,supplier_import_20260630_official_site,"Prepared from supplier table. Sheet: Электрика, row 57. Logo source: official site."
zavod-svetotehniki-gud-layt,Завод светотехники ГУД ЛАЙТ,https://goodlight.ru,assets/img/logos/vendors/import-20260630/zavod-svetotehniki-gud-layt.jpg,http://www.goodlight.ru/bitrix/templates/goodlight/images/header/ru/logo.jpg,energy,Энергетика,eom,ЭОМ,lighting-devices,Световые приборы,luminaires,Светильники,ЭОМ,ЭОМ,ЭОМ,Светильники,true,true,false,false,published,curated_type_alias,Светильники,supplier_import_20260630_official_site,"Prepared from supplier table. Sheet: Светильники, row 11. Logo source: official site."
zavod-svetotehniki-gud-layt,Завод светотехники ГУД ЛАЙТ,https://goodlight.ru,assets/img/logos/vendors/import-20260630/zavod-svetotehniki-gud-layt.jpg,http://www.goodlight.ru/bitrix/templates/goodlight/images/header/ru/logo.jpg,energy,Энергетика,eom,ЭОМ,lighting-devices,Световые приборы,lighting-fixtures,Светильники,ЭОМ,ЭОМ,ЭОМ,Светильники,true,true,false,false,published,curated_type_alias,Светильники,supplier_import_20260630_official_site,"Prepared from supplier table. Sheet: Светильники, row 11. Logo source: official site."
kabelnye-zavody,Кабельные заводы,https://zvetlit.ru,assets/img/logos/vendors/import-20260630/kabelnye-zavody.png,https://zvetlit.ru/images/logo_13.png,energy,Энергетика,eom,ЭОМ,electrical-equipment,Электрооборудование,elektrika,Электрика,ЭОМ,ЭОМ,ЭОМ,Электрика,true,true,false,false,published,curated_type_alias,Электрика,supplier_import_20260630_official_site,"Prepared from supplier table. Sheet: Электрика, row 19. Logo source: official site."
kabelnye-zavody,Кабельные заводы,https://zvetlit.ru,assets/img/logos/vendors/import-20260630/kabelnye-zavody.png,https://zvetlit.ru/images/logo_13.png,energy,Энергетика,eom,ЭОМ,electrical-equipment,Электрооборудование,switchboard-and-electrical-equipment,Щитовое и электрооборудование,ЭОМ,ЭОМ,ЭОМ,Электрика,true,true,false,false,published,curated_type_alias,Электрика,supplier_import_20260630_official_site,"Prepared from supplier table. Sheet: Электрика, row 19. Logo source: official site."
kabelnye-zavody,Кабельные заводы,https://zvetlit.ru,assets/img/logos/vendors/import-20260630/kabelnye-zavody.png,https://zvetlit.ru/images/logo_13.png,energy,Энергетика,eom,ЭОМ,electrical-equipment,Электрооборудование,kommutatsionnoe-elektrooborudovanie,"Коммутационное электрооборудование,",ЭОМ,ЭОМ,ЭОМ,Электрика,true,true,false,false,published,curated_type_alias,Электрика,supplier_import_20260630_official_site,"Prepared from supplier table. Sheet: Электрика, row 19. Logo source: official site."
npo-ekosistema,НПО Экосистема,https://eco-systema.com,assets/img/logos/vendors/import-20260630/npo-ekosistema.png,https://eco-systema.com/_assets/img/official/logo-npo-new.png,energy,Энергетика,eom,ЭОМ,outdoor-lighting,Наружное освещение,poles-and-outdoor-lighting,Опоры и наружное освещение,ЭОМ,ЭОМ,ЭОМ,Опоры освещения,true,true,true,true,published,curated_type_alias,Опоры освещения,supplier_import_20260630_official_site,"Prepared from supplier table. Sheet: Опоры освещения, row 37. Logo source: official site."
npo-ekosistema,НПО Экосистема,https://eco-systema.com,assets/img/logos/vendors/import-20260630/npo-ekosistema.png,https://eco-systema.com/_assets/img/official/logo-npo-new.png,building-materials,Строительные материалы,landscaping-and-site-improvement,Благоустройство и озеленение,osveschenie-territorii,Освещение территории,opory-osvescheniya,Опоры освещения,ЭОМ,ЭОМ,ЭОМ,Опоры освещения,true,true,true,true,published,curated_type_alias,Опоры освещения,supplier_import_20260630_official_site,"Prepared from supplier table. Sheet: Опоры освещения, row 37. Logo source: official site."
ooo-zavod-uraldorsvet,"ООО ""ЗАВОД УРАЛДОРСВЕТ""",https://zavod-uraldorsvet.ru,assets/img/logos/vendors/import-20260630/ooo-zavod-uraldorsvet.png,https://zavod-uraldorsvet.ru/local/templates/zu/images/uraldorzavod_logo_white.png,energy,Энергетика,eom,ЭОМ,outdoor-lighting,Наружное освещение,poles-and-outdoor-lighting,Опоры и наружное освещение,ЭОМ,ЭОМ,ЭОМ,Опоры освещения,true,true,true,true,published,curated_type_alias,Опоры освещения,supplier_import_20260630_official_site,"Prepared from supplier table. Sheet: Опоры освещения, row 9. Logo source: official site."
ooo-zavod-uraldorsvet,"ООО ""ЗАВОД УРАЛДОРСВЕТ""",https://zavod-uraldorsvet.ru,assets/img/logos/vendors/import-20260630/ooo-zavod-uraldorsvet.png,https://zavod-uraldorsvet.ru/local/templates/zu/images/uraldorzavod_logo_white.png,building-materials,Строительные материалы,landscaping-and-site-improvement,Благоустройство и озеленение,osveschenie-territorii,Освещение территории,opory-osvescheniya,Опоры освещения,ЭОМ,ЭОМ,ЭОМ,Опоры освещения,true,true,true,true,published,curated_type_alias,Опоры освещения,supplier_import_20260630_official_site,"Prepared from supplier table. Sheet: Опоры освещения, row 9. Logo source: official site."
ooo-sibprom,ООО«СИБПРОМ»,https://termokom.com,assets/img/logos/vendors/import-20260630/ooo-sibprom.svg,https://termokom.com/wp-content/uploads/2022/10/termologofav.svg,engineering-equipment,Инженерное оборудование,hvac,ОВиК и тепловые сети,teplovye-seti,Тепловые сети,truba-v-ppu,Труба в ППУ,ЭОМ,ЭОМ,ЭОМ,Изоляция,true,true,false,false,published,curated_type_alias,Изоляция,supplier_import_20260630_official_site,"Prepared from supplier table. Sheet: Изоляция , row 8. Logo source: official site."
ooo-sibprom,ООО«СИБПРОМ»,https://termokom.com,assets/img/logos/vendors/import-20260630/ooo-sibprom.svg,https://termokom.com/wp-content/uploads/2022/10/termologofav.svg,building-materials,Строительные материалы,architecture,Архитектурные решения,facades,Фасады,uteplitel,Утеплитель,ЭОМ,ЭОМ,ЭОМ,Изоляция,true,true,false,false,published,curated_type_alias,Изоляция,supplier_import_20260630_official_site,"Prepared from supplier table. Sheet: Изоляция , row 8. Logo source: official site."
oborudovanie-dlya-svarki-transformatory,Оборудование для сварки. Трансформаторы,https://tehnosvar.ru,assets/img/logos/vendors/import-20260630/oborudovanie-dlya-svarki-transformatory.svg,https://tehnosvar.ru/media/configs/2024/01/tehnosvar-logotip-s-tekstom-sinij-1.svg,energy,Энергетика,eom,ЭОМ,electrical-equipment,Электрооборудование,elektrika,Электрика,ЭОМ,ЭОМ,ЭОМ,Электрика,true,true,false,false,published,curated_type_alias,Электрика,supplier_import_20260630_official_site,"Prepared from supplier table. Sheet: Электрика, row 58. Logo source: official site."
oborudovanie-dlya-svarki-transformatory,Оборудование для сварки. Трансформаторы,https://tehnosvar.ru,assets/img/logos/vendors/import-20260630/oborudovanie-dlya-svarki-transformatory.svg,https://tehnosvar.ru/media/configs/2024/01/tehnosvar-logotip-s-tekstom-sinij-1.svg,energy,Энергетика,eom,ЭОМ,electrical-equipment,Электрооборудование,switchboard-and-electrical-equipment,Щитовое и электрооборудование,ЭОМ,ЭОМ,ЭОМ,Электрика,true,true,false,false,published,curated_type_alias,Электрика,supplier_import_20260630_official_site,"Prepared from supplier table. Sheet: Электрика, row 58. Logo source: official site."
oborudovanie-dlya-svarki-transformatory,Оборудование для сварки. Трансформаторы,https://tehnosvar.ru,assets/img/logos/vendors/import-20260630/oborudovanie-dlya-svarki-transformatory.svg,https://tehnosvar.ru/media/configs/2024/01/tehnosvar-logotip-s-tekstom-sinij-1.svg,energy,Энергетика,eom,ЭОМ,electrical-equipment,Электрооборудование,kommutatsionnoe-elektrooborudovanie,"Коммутационное электрооборудование,",ЭОМ,ЭОМ,ЭОМ,Электрика,true,true,false,false,published,curated_type_alias,Электрика,supplier_import_20260630_official_site,"Prepared from supplier table. Sheet: Электрика, row 58. Logo source: official site."
proizvoditeli-sip-armatury,Производители сип арматуры,https://psk-si.ru,assets/img/logos/vendors/import-20260630/proizvoditeli-sip-armatury.svg,https://psk-si.ru/img/logo_white_plr.svg,energy,Энергетика,eom,ЭОМ,electrical-equipment,Электрооборудование,elektrika,Электрика,ЭОМ,ЭОМ,ЭОМ,Электрика,true,true,false,false,published,curated_type_alias,Электрика,supplier_import_20260630_official_site,"Prepared from supplier table. Sheet: Электрика, row 59. Logo source: official site."
proizvoditeli-sip-armatury,Производители сип арматуры,https://psk-si.ru,assets/img/logos/vendors/import-20260630/proizvoditeli-sip-armatury.svg,https://psk-si.ru/img/logo_white_plr.svg,energy,Энергетика,eom,ЭОМ,electrical-equipment,Электрооборудование,switchboard-and-electrical-equipment,Щитовое и электрооборудование,ЭОМ,ЭОМ,ЭОМ,Электрика,true,true,false,false,published,curated_type_alias,Электрика,supplier_import_20260630_official_site,"Prepared from supplier table. Sheet: Электрика, row 59. Logo source: official site."
proizvoditeli-sip-armatury,Производители сип арматуры,https://psk-si.ru,assets/img/logos/vendors/import-20260630/proizvoditeli-sip-armatury.svg,https://psk-si.ru/img/logo_white_plr.svg,energy,Энергетика,eom,ЭОМ,electrical-equipment,Электрооборудование,kommutatsionnoe-elektrooborudovanie,"Коммутационное электрооборудование,",ЭОМ,ЭОМ,ЭОМ,Электрика,true,true,false,false,published,curated_type_alias,Электрика,supplier_import_20260630_official_site,"Prepared from supplier table. Sheet: Электрика, row 59. Logo source: official site."
proizvodstvenno-torgovaya-kompaniya-vsesvetodiody-na-ryabinovoy-ulitse,Производственно-торговая компания «ВСЕСВЕТОДИОДЫ» на Рябиновой улице,https://vsesvetodiody.ru,assets/img/logos/vendors/import-20260630/proizvodstvenno-torgovaya-kompaniya-vsesvetodiody-na-ryabinovoy-ulitse.svg,https://vsesvetodiody.ru/local/templates/vsesvetodiody/img/logo.svg,energy,Энергетика,eom,ЭОМ,lighting-devices,Световые приборы,luminaires,Светильники,ЭОМ,ЭОМ,ЭОМ,Светильники,true,true,false,false,published,curated_type_alias,Светильники,supplier_import_20260630_official_site,"Prepared from supplier table. Sheet: Светильники, row 18. Logo source: official site."
proizvodstvenno-torgovaya-kompaniya-vsesvetodiody-na-ryabinovoy-ulitse,Производственно-торговая компания «ВСЕСВЕТОДИОДЫ» на Рябиновой улице,https://vsesvetodiody.ru,assets/img/logos/vendors/import-20260630/proizvodstvenno-torgovaya-kompaniya-vsesvetodiody-na-ryabinovoy-ulitse.svg,https://vsesvetodiody.ru/local/templates/vsesvetodiody/img/logo.svg,energy,Энергетика,eom,ЭОМ,lighting-devices,Световые приборы,lighting-fixtures,Светильники,ЭОМ,ЭОМ,ЭОМ,Светильники,true,true,false,false,published,curated_type_alias,Светильники,supplier_import_20260630_official_site,"Prepared from supplier table. Sheet: Светильники, row 18. Logo source: official site."
umekon-uralskiy-zavod-metallokonstruktsiy,УМЕКОН (Уральский завод металлоконструкций),https://umecon.ru,assets/img/logos/vendors/import-20260630/umekon-uralskiy-zavod-metallokonstruktsiy.svg,https://umecon.ru/img/logo_umecon_black.svg,energy,Энергетика,eom,ЭОМ,outdoor-lighting,Наружное освещение,poles-and-outdoor-lighting,Опоры и наружное освещение,ЭОМ,ЭОМ,ЭОМ,Опоры освещения,true,true,true,true,published,curated_type_alias,Опоры освещения,supplier_import_20260630_official_site,"Prepared from supplier table. Sheet: Опоры освещения, row 33. Logo source: official site."
umekon-uralskiy-zavod-metallokonstruktsiy,УМЕКОН (Уральский завод металлоконструкций),https://umecon.ru,assets/img/logos/vendors/import-20260630/umekon-uralskiy-zavod-metallokonstruktsiy.svg,https://umecon.ru/img/logo_umecon_black.svg,building-materials,Строительные материалы,landscaping-and-site-improvement,Благоустройство и озеленение,osveschenie-territorii,Освещение территории,opory-osvescheniya,Опоры освещения,ЭОМ,ЭОМ,ЭОМ,Опоры освещения,true,true,true,true,published,curated_type_alias,Опоры освещения,supplier_import_20260630_official_site,"Prepared from supplier table. Sheet: Опоры освещения, row 33. Logo source: official site."
opory-osvescheniya-i-dorozhnoe-ograzhdenie,опоры освещения и дорожное ограждение,https://www.zavod-npt.ru,assets/img/logos/vendors/import-20260630/opory-osvescheniya-i-dorozhnoe-ograzhdenie.png,https://www.zavod-npt.ru/upload/img/logo_NPT_120x120.png,energy,Энергетика,eom,ЭОМ,electrical-equipment,Электрооборудование,elektrika,Электрика,ЭОМ,ЭОМ,ЭОМ,Электрика,true,true,false,false,published,curated_type_alias,Электрика,supplier_import_20260630_official_site,"Prepared from supplier table. Sheet: Электрика, row 49. Logo source: official site."
opory-osvescheniya-i-dorozhnoe-ograzhdenie,опоры освещения и дорожное ограждение,https://www.zavod-npt.ru,assets/img/logos/vendors/import-20260630/opory-osvescheniya-i-dorozhnoe-ograzhdenie.png,https://www.zavod-npt.ru/upload/img/logo_NPT_120x120.png,energy,Энергетика,eom,ЭОМ,electrical-equipment,Электрооборудование,switchboard-and-electrical-equipment,Щитовое и электрооборудование,ЭОМ,ЭОМ,ЭОМ,Электрика,true,true,false,false,published,curated_type_alias,Электрика,supplier_import_20260630_official_site,"Prepared from supplier table. Sheet: Электрика, row 49. Logo source: official site."
opory-osvescheniya-i-dorozhnoe-ograzhdenie,опоры освещения и дорожное ограждение,https://www.zavod-npt.ru,assets/img/logos/vendors/import-20260630/opory-osvescheniya-i-dorozhnoe-ograzhdenie.png,https://www.zavod-npt.ru/upload/img/logo_NPT_120x120.png,energy,Энергетика,eom,ЭОМ,electrical-equipment,Электрооборудование,kommutatsionnoe-elektrooborudovanie,"Коммутационное электрооборудование,",ЭОМ,ЭОМ,ЭОМ,Электрика,true,true,false,false,published,curated_type_alias,Электрика,supplier_import_20260630_official_site,"Prepared from supplier table. Sheet: Электрика, row 49. Logo source: official site."
ot-0-250-km-predoplata-samovyvoz,"от 0,250 км, предоплата, самовывоз",https://podolskkabel.ru,assets/img/logos/vendors/import-20260630/ot-0-250-km-predoplata-samovyvoz.png,https://podolskkabel.ru/i/logo-sign.png,energy,Энергетика,eom,ЭОМ,cable-products,Кабельная продукция различного и специального назначения,electrical-cable-products,ЭМ,ЭОМ,ЭОМ,ЭОМ,Кабель,true,true,false,false,published,curated_type_alias,Кабель,supplier_import_20260630_official_site,"Prepared from supplier table. Sheet: Кабель, row 15. Logo source: official site."
ot-0-250-km-predoplata-samovyvoz,"от 0,250 км, предоплата, самовывоз",https://podolskkabel.ru,assets/img/logos/vendors/import-20260630/ot-0-250-km-predoplata-samovyvoz.png,https://podolskkabel.ru/i/logo-sign.png,energy,Энергетика,eom,ЭОМ,cable-products,Кабельная продукция различного и специального назначения,kabelnaya-produktsiya,Кабельная продукция,ЭОМ,ЭОМ,ЭОМ,Кабель,true,true,false,false,published,curated_type_alias,Кабель,supplier_import_20260630_official_site,"Prepared from supplier table. Sheet: Кабель, row 15. Logo source: official site."
ippon,Ippon,https://ippon.ru/,assets/img/logos/partners/ippon.svg,https://static.ippon.ru/img2023/Logo.svg,energy,Энергетика,eom,ЭОМ,electrical-equipment,Электрооборудование,uninterruptible-power-supplies,Источники бесперебойного питания,ЭОМ,Электрооборудование,ИБП,ИБП и защита электропитания,true,true,false,false,published,curated_type_alias,ИБП и защита электропитания,partner_catalog_backfill_20260702,"Backfilled from confirmed partner source for catalog vendor coverage, official site/logo already tracked in partners data."
socomec,Socomec,https://www.socomec.com/,assets/img/logos/partners/socomec.png,https://www.socomec.com/assets/images/logo-blue.png,energy,Энергетика,eom,ЭОМ,electrical-equipment,Электрооборудование,uninterruptible-power-supplies,Источники бесперебойного питания,ЭОМ,Электрооборудование,ИБП,ИБП и защита электропитания,true,true,false,false,published,curated_type_alias,ИБП и защита электропитания,partner_catalog_backfill_20260702,"Backfilled from confirmed partner source for catalog vendor coverage, official site/logo already tracked in partners data."
dkc,DKC,https://www.dkc.ru/,assets/img/logos/partners/dkc.svg,https://www.dkc.ru/ru/,energy,Энергетика,eom,ЭОМ,electrical-equipment,Электрооборудование,switchboard-and-electrical-equipment,Щитовое и электрооборудование,ЭОМ,Электрооборудование,Кабеленесущие системы,Электрика и кабеленесущие системы,true,true,false,false,published,curated_vendor_slug,dkc,partner_catalog_backfill_20260702,"Backfilled from confirmed partner source for catalog vendor coverage, official site/logo already tracked in partners data."
dkc,DKC,https://www.dkc.ru/,assets/img/logos/partners/dkc.svg,https://www.dkc.ru/ru/,energy,Энергетика,eom,ЭОМ,electrical-equipment,Электрооборудование,elektrika,Электрика,ЭОМ,Электрооборудование,Кабеленесущие системы,Электрика и кабеленесущие системы,true,true,false,false,published,curated_vendor_slug,dkc,partner_catalog_backfill_20260702,"Backfilled from confirmed partner source for catalog vendor coverage, official site/logo already tracked in partners data."
dkc,DKC,https://www.dkc.ru/,assets/img/logos/partners/dkc.svg,https://www.dkc.ru/ru/,energy,Энергетика,eom,ЭОМ,electrical-equipment,Электрооборудование,kommutatsionnoe-elektrooborudovanie,"Коммутационное электрооборудование,",ЭОМ,Электрооборудование,Кабеленесущие системы,Электрика и кабеленесущие системы,true,true,false,false,published,curated_vendor_slug,dkc,partner_catalog_backfill_20260702,"Backfilled from confirmed partner source for catalog vendor coverage, official site/logo already tracked in partners data."
dkc,DKC,https://www.dkc.ru/,assets/img/logos/partners/dkc.svg,https://www.dkc.ru/ru/,energy,Энергетика,eom,ЭОМ,electrical-equipment,Электрооборудование,schitovoe-oborudovanie,Щитовое оборудование,ЭОМ,Электрооборудование,Кабеленесущие системы,Электрика и кабеленесущие системы,true,true,false,false,published,curated_vendor_slug,dkc,partner_catalog_backfill_20260702,"Backfilled from confirmed partner source for catalog vendor coverage, official site/logo already tracked in partners data."
dkc,DKC,https://www.dkc.ru/,assets/img/logos/partners/dkc.svg,https://www.dkc.ru/ru/,energy,Энергетика,eom,ЭОМ,lighting-devices,Световые приборы,cable-trays,Кабеленесущие системы лотки,ЭОМ,Электрооборудование,Кабеленесущие системы,Электрика и кабеленесущие системы,true,true,false,false,published,curated_vendor_slug,dkc,partner_catalog_backfill_20260702,"Backfilled from confirmed partner source for catalog vendor coverage, official site/logo already tracked in partners data."
dkc,DKC,https://www.dkc.ru/,assets/img/logos/partners/dkc.svg,https://www.dkc.ru/ru/,energy,Энергетика,eom,ЭОМ,lighting-devices,Световые приборы,pvc-cable-management,Кабеленесущие системы из ПВХ,ЭОМ,Электрооборудование,Кабеленесущие системы,Электрика и кабеленесущие системы,true,true,false,false,published,curated_vendor_slug,dkc,partner_catalog_backfill_20260702,"Backfilled from confirmed partner source for catalog vendor coverage, official site/logo already tracked in partners data."
dkc,DKC,https://www.dkc.ru/,assets/img/logos/partners/dkc.svg,https://www.dkc.ru/ru/,energy,Энергетика,eom,ЭОМ,kabelenesuschie-sistemy,Кабеленесущие системы,cable-support-systems,Кабеленесущие системы,ЭОМ,Электрооборудование,Кабеленесущие системы,Электрика и кабеленесущие системы,true,true,false,false,published,curated_vendor_slug,dkc,partner_catalog_backfill_20260702,"Backfilled from confirmed partner source for catalog vendor coverage, official site/logo already tracked in partners data."
dkc,DKC,https://www.dkc.ru/,assets/img/logos/partners/dkc.svg,https://www.dkc.ru/ru/,energy,Энергетика,eom,ЭОМ,electrical-equipment,Электрооборудование,molniezaschita,Молниезащита,ЭОМ,Электрооборудование,Кабеленесущие системы,Электрика и кабеленесущие системы,true,true,false,false,published,curated_vendor_slug,dkc,partner_catalog_backfill_20260702,"Backfilled from confirmed partner source for catalog vendor coverage, official site/logo already tracked in partners data."
dkc,DKC,https://www.dkc.ru/,assets/img/logos/partners/dkc.svg,https://www.dkc.ru/ru/,energy,Энергетика,eom,ЭОМ,lighting-devices,Световые приборы,lightning-protection-and-grounding,Молниезащита и заземление,ЭОМ,Электрооборудование,Кабеленесущие системы,Электрика и кабеленесущие системы,true,true,false,false,published,curated_vendor_slug,dkc,partner_catalog_backfill_20260702,"Backfilled from confirmed partner source for catalog vendor coverage, official site/logo already tracked in partners data."
dekraft,DEKraft,https://www.dek.ru/,assets/img/logos/partners/dekraft.svg,https://www.dek.ru/logos/dekraft.svg,energy,Энергетика,eom,ЭОМ,electrical-equipment,Электрооборудование,switchboard-and-electrical-equipment,Щитовое и электрооборудование,ЭОМ,Электрооборудование,Электротехника,Электротехническое оборудование,true,true,false,false,published,curated_vendor_slug,dekraft,partner_catalog_backfill_20260702,"Backfilled from confirmed partner source for catalog vendor coverage, official site/logo already tracked in partners data."
dekraft,DEKraft,https://www.dek.ru/,assets/img/logos/partners/dekraft.svg,https://www.dek.ru/logos/dekraft.svg,energy,Энергетика,eom,ЭОМ,electrical-equipment,Электрооборудование,elektrika,Электрика,ЭОМ,Электрооборудование,Электротехника,Электротехническое оборудование,true,true,false,false,published,curated_vendor_slug,dekraft,partner_catalog_backfill_20260702,"Backfilled from confirmed partner source for catalog vendor coverage, official site/logo already tracked in partners data."
dekraft,DEKraft,https://www.dek.ru/,assets/img/logos/partners/dekraft.svg,https://www.dek.ru/logos/dekraft.svg,energy,Энергетика,eom,ЭОМ,electrical-equipment,Электрооборудование,kommutatsionnoe-elektrooborudovanie,"Коммутационное электрооборудование,",ЭОМ,Электрооборудование,Электротехника,Электротехническое оборудование,true,true,false,false,published,curated_vendor_slug,dekraft,partner_catalog_backfill_20260702,"Backfilled from confirmed partner source for catalog vendor coverage, official site/logo already tracked in partners data."
dekraft,DEKraft,https://www.dek.ru/,assets/img/logos/partners/dekraft.svg,https://www.dek.ru/logos/dekraft.svg,energy,Энергетика,eom,ЭОМ,electrical-equipment,Электрооборудование,schitovoe-oborudovanie,Щитовое оборудование,ЭОМ,Электрооборудование,Электротехника,Электротехническое оборудование,true,true,false,false,published,curated_vendor_slug,dekraft,partner_catalog_backfill_20260702,"Backfilled from confirmed partner source for catalog vendor coverage, official site/logo already tracked in partners data."
dekraft,DEKraft,https://www.dek.ru/,assets/img/logos/partners/dekraft.svg,https://www.dek.ru/logos/dekraft.svg,energy,Энергетика,eom,ЭОМ,electrical-equipment,Электрооборудование,elektroustanovochnye-izdeliya,Электроустановочные изделия,ЭОМ,Электрооборудование,Электротехника,Электротехническое оборудование,true,true,false,false,published,curated_vendor_slug,dekraft,partner_catalog_backfill_20260702,"Backfilled from confirmed partner source for catalog vendor coverage, official site/logo already tracked in partners data."
dekraft,DEKraft,https://www.dek.ru/,assets/img/logos/partners/dekraft.svg,https://www.dek.ru/logos/dekraft.svg,energy,Энергетика,eom,ЭОМ,lighting-devices,Световые приборы,input-distribution-device,Вводно-распределительное устройство (ВРУ),ЭОМ,Электрооборудование,Электротехника,Электротехническое оборудование,true,true,false,false,published,curated_vendor_slug,dekraft,partner_catalog_backfill_20260702,"Backfilled from confirmed partner source for catalog vendor coverage, official site/logo already tracked in partners data."
ekf,EKF,https://ekfgroup.com/,assets/img/logos/partners/ekf.svg,https://ekfgroup.com/images/logo-ekf.svg,energy,Энергетика,eom,ЭОМ,electrical-equipment,Электрооборудование,switchboard-and-electrical-equipment,Щитовое и электрооборудование,ЭОМ,Электрооборудование,Электротехника,Электротехническое оборудование,true,true,false,false,published,curated_vendor_slug,ekf,partner_catalog_backfill_20260702,"Backfilled from confirmed partner source for catalog vendor coverage, official site/logo already tracked in partners data."
ekf,EKF,https://ekfgroup.com/,assets/img/logos/partners/ekf.svg,https://ekfgroup.com/images/logo-ekf.svg,energy,Энергетика,eom,ЭОМ,electrical-equipment,Электрооборудование,elektrika,Электрика,ЭОМ,Электрооборудование,Электротехника,Электротехническое оборудование,true,true,false,false,published,curated_vendor_slug,ekf,partner_catalog_backfill_20260702,"Backfilled from confirmed partner source for catalog vendor coverage, official site/logo already tracked in partners data."
ekf,EKF,https://ekfgroup.com/,assets/img/logos/partners/ekf.svg,https://ekfgroup.com/images/logo-ekf.svg,energy,Энергетика,eom,ЭОМ,electrical-equipment,Электрооборудование,kommutatsionnoe-elektrooborudovanie,"Коммутационное электрооборудование,",ЭОМ,Электрооборудование,Электротехника,Электротехническое оборудование,true,true,false,false,published,curated_vendor_slug,ekf,partner_catalog_backfill_20260702,"Backfilled from confirmed partner source for catalog vendor coverage, official site/logo already tracked in partners data."
ekf,EKF,https://ekfgroup.com/,assets/img/logos/partners/ekf.svg,https://ekfgroup.com/images/logo-ekf.svg,energy,Энергетика,eom,ЭОМ,electrical-equipment,Электрооборудование,schitovoe-oborudovanie,Щитовое оборудование,ЭОМ,Электрооборудование,Электротехника,Электротехническое оборудование,true,true,false,false,published,curated_vendor_slug,ekf,partner_catalog_backfill_20260702,"Backfilled from confirmed partner source for catalog vendor coverage, official site/logo already tracked in partners data."
ekf,EKF,https://ekfgroup.com/,assets/img/logos/partners/ekf.svg,https://ekfgroup.com/images/logo-ekf.svg,energy,Энергетика,eom,ЭОМ,electrical-equipment,Электрооборудование,elektroustanovochnye-izdeliya,Электроустановочные изделия,ЭОМ,Электрооборудование,Электротехника,Электротехническое оборудование,true,true,false,false,published,curated_vendor_slug,ekf,partner_catalog_backfill_20260702,"Backfilled from confirmed partner source for catalog vendor coverage, official site/logo already tracked in partners data."
ekf,EKF,https://ekfgroup.com/,assets/img/logos/partners/ekf.svg,https://ekfgroup.com/images/logo-ekf.svg,energy,Энергетика,eom,ЭОМ,lighting-devices,Световые приборы,input-distribution-device,Вводно-распределительное устройство (ВРУ),ЭОМ,Электрооборудование,Электротехника,Электротехническое оборудование,true,true,false,false,published,curated_vendor_slug,ekf,partner_catalog_backfill_20260702,"Backfilled from confirmed partner source for catalog vendor coverage, official site/logo already tracked in partners data."
iek,IEK,https://www.iek.ru/,assets/img/logos/partners/iek.svg,https://www.iek.ru/upload/iek.site/b44/a1tm25v7x3thqaw3ecskvvcn5yi8kwaz/logo.svg,energy,Энергетика,eom,ЭОМ,electrical-equipment,Электрооборудование,switchboard-and-electrical-equipment,Щитовое и электрооборудование,ЭОМ,Электрооборудование,Электротехника,Электротехническое оборудование,true,true,false,false,published,curated_type_alias,Электротехническое оборудование,partner_catalog_backfill_20260702,"Backfilled from confirmed partner source for catalog vendor coverage, official site/logo already tracked in partners data."
iek,IEK,https://www.iek.ru/,assets/img/logos/partners/iek.svg,https://www.iek.ru/upload/iek.site/b44/a1tm25v7x3thqaw3ecskvvcn5yi8kwaz/logo.svg,energy,Энергетика,eom,ЭОМ,electrical-equipment,Электрооборудование,elektrika,Электрика,ЭОМ,Электрооборудование,Электротехника,Электротехническое оборудование,true,true,false,false,published,curated_type_alias,Электротехническое оборудование,partner_catalog_backfill_20260702,"Backfilled from confirmed partner source for catalog vendor coverage, official site/logo already tracked in partners data."
iek,IEK,https://www.iek.ru/,assets/img/logos/partners/iek.svg,https://www.iek.ru/upload/iek.site/b44/a1tm25v7x3thqaw3ecskvvcn5yi8kwaz/logo.svg,energy,Энергетика,eom,ЭОМ,electrical-equipment,Электрооборудование,kommutatsionnoe-elektrooborudovanie,"Коммутационное электрооборудование,",ЭОМ,Электрооборудование,Электротехника,Электротехническое оборудование,true,true,false,false,published,curated_type_alias,Электротехническое оборудование,partner_catalog_backfill_20260702,"Backfilled from confirmed partner source for catalog vendor coverage, official site/logo already tracked in partners data."
iek,IEK,https://www.iek.ru/,assets/img/logos/partners/iek.svg,https://www.iek.ru/upload/iek.site/b44/a1tm25v7x3thqaw3ecskvvcn5yi8kwaz/logo.svg,energy,Энергетика,eom,ЭОМ,electrical-equipment,Электрооборудование,schitovoe-oborudovanie,Щитовое оборудование,ЭОМ,Электрооборудование,Электротехника,Электротехническое оборудование,true,true,false,false,published,curated_type_alias,Электротехническое оборудование,partner_catalog_backfill_20260702,"Backfilled from confirmed partner source for catalog vendor coverage, official site/logo already tracked in partners data."
iek,IEK,https://www.iek.ru/,assets/img/logos/partners/iek.svg,https://www.iek.ru/upload/iek.site/b44/a1tm25v7x3thqaw3ecskvvcn5yi8kwaz/logo.svg,energy,Энергетика,eom,ЭОМ,electrical-equipment,Электрооборудование,elektroustanovochnye-izdeliya,Электроустановочные изделия,ЭОМ,Электрооборудование,Электротехника,Электротехническое оборудование,true,true,false,false,published,curated_type_alias,Электротехническое оборудование,partner_catalog_backfill_20260702,"Backfilled from confirmed partner source for catalog vendor coverage, official site/logo already tracked in partners data."
tdm-electric,TDM Electric,https://tdme.ru/,assets/img/logos/partners/tdm-electric.svg,https://tdme.ru/img/logo.svg,energy,Энергетика,eom,ЭОМ,electrical-equipment,Электрооборудование,switchboard-and-electrical-equipment,Щитовое и электрооборудование,ЭОМ,Электрооборудование,Электротехника,Электротехническое оборудование,true,true,false,false,published,curated_vendor_slug,tdm-electric,partner_catalog_backfill_20260702,"Backfilled from confirmed partner source for catalog vendor coverage, official site/logo already tracked in partners data."
tdm-electric,TDM Electric,https://tdme.ru/,assets/img/logos/partners/tdm-electric.svg,https://tdme.ru/img/logo.svg,energy,Энергетика,eom,ЭОМ,electrical-equipment,Электрооборудование,elektrika,Электрика,ЭОМ,Электрооборудование,Электротехника,Электротехническое оборудование,true,true,false,false,published,curated_vendor_slug,tdm-electric,partner_catalog_backfill_20260702,"Backfilled from confirmed partner source for catalog vendor coverage, official site/logo already tracked in partners data."
tdm-electric,TDM Electric,https://tdme.ru/,assets/img/logos/partners/tdm-electric.svg,https://tdme.ru/img/logo.svg,energy,Энергетика,eom,ЭОМ,electrical-equipment,Электрооборудование,kommutatsionnoe-elektrooborudovanie,"Коммутационное электрооборудование,",ЭОМ,Электрооборудование,Электротехника,Электротехническое оборудование,true,true,false,false,published,curated_vendor_slug,tdm-electric,partner_catalog_backfill_20260702,"Backfilled from confirmed partner source for catalog vendor coverage, official site/logo already tracked in partners data."
tdm-electric,TDM Electric,https://tdme.ru/,assets/img/logos/partners/tdm-electric.svg,https://tdme.ru/img/logo.svg,energy,Энергетика,eom,ЭОМ,electrical-equipment,Электрооборудование,schitovoe-oborudovanie,Щитовое оборудование,ЭОМ,Электрооборудование,Электротехника,Электротехническое оборудование,true,true,false,false,published,curated_vendor_slug,tdm-electric,partner_catalog_backfill_20260702,"Backfilled from confirmed partner source for catalog vendor coverage, official site/logo already tracked in partners data."
tdm-electric,TDM Electric,https://tdme.ru/,assets/img/logos/partners/tdm-electric.svg,https://tdme.ru/img/logo.svg,energy,Энергетика,eom,ЭОМ,electrical-equipment,Электрооборудование,elektroustanovochnye-izdeliya,Электроустановочные изделия,ЭОМ,Электрооборудование,Электротехника,Электротехническое оборудование,true,true,false,false,published,curated_vendor_slug,tdm-electric,partner_catalog_backfill_20260702,"Backfilled from confirmed partner source for catalog vendor coverage, official site/logo already tracked in partners data."
tdm-electric,TDM Electric,https://tdme.ru/,assets/img/logos/partners/tdm-electric.svg,https://tdme.ru/img/logo.svg,energy,Энергетика,eom,ЭОМ,lighting-devices,Световые приборы,input-distribution-device,Вводно-распределительное устройство (ВРУ),ЭОМ,Электрооборудование,Электротехника,Электротехническое оборудование,true,true,false,false,published,curated_vendor_slug,tdm-electric,partner_catalog_backfill_20260702,"Backfilled from confirmed partner source for catalog vendor coverage, official site/logo already tracked in partners data."
ardatovskiy-svetotehnicheskiy-zavod,Ардатовский светотехнический завод,https://astz.ru/,assets/img/logos/partners/ardatov-lighting-plant.png,https://astz.ru/upload/files/brand/logo%20ASTZ.zip,energy,Энергетика,eom,ЭОМ,lighting-devices,Световые приборы,luminaires,Светильники,ЭОМ / освещение,ЭОМ / освещение,ЭОМ / освещение,ЭОМ / освещение,true,true,false,false,published,curated_vendor_slug,ardatovskiy-svetotehnicheskiy-zavod,partner_catalog_backfill_20260702,"Backfilled from confirmed partner source for catalog vendor coverage, official site/logo already tracked in partners data."
ardatovskiy-svetotehnicheskiy-zavod,Ардатовский светотехнический завод,https://astz.ru/,assets/img/logos/partners/ardatov-lighting-plant.png,https://astz.ru/upload/files/brand/logo%20ASTZ.zip,energy,Энергетика,eom,ЭОМ,lighting-devices,Световые приборы,lighting-fixtures,Светильники,ЭОМ / освещение,ЭОМ / освещение,ЭОМ / освещение,ЭОМ / освещение,true,true,false,false,published,curated_vendor_slug,ardatovskiy-svetotehnicheskiy-zavod,partner_catalog_backfill_20260702,"Backfilled from confirmed partner source for catalog vendor coverage, official site/logo already tracked in partners data."
ardatovskiy-svetotehnicheskiy-zavod,Ардатовский светотехнический завод,https://astz.ru/,assets/img/logos/partners/ardatov-lighting-plant.png,https://astz.ru/upload/files/brand/logo%20ASTZ.zip,energy,Энергетика,eom,ЭОМ,indoor-lighting,Внутреннее освещение,commercial-interior-linear-recessed-lighting,"Для бизнеса, интерьерные, линейные, встраиваемые",ЭОМ / освещение,ЭОМ / освещение,ЭОМ / освещение,ЭОМ / освещение,true,true,false,false,published,curated_vendor_slug,ardatovskiy-svetotehnicheskiy-zavod,partner_catalog_backfill_20260702,"Backfilled from confirmed partner source for catalog vendor coverage, official site/logo already tracked in partners data."
ardatovskiy-svetotehnicheskiy-zavod,Ардатовский светотехнический завод,https://astz.ru/,assets/img/logos/partners/ardatov-lighting-plant.png,https://astz.ru/upload/files/brand/logo%20ASTZ.zip,energy,Энергетика,eom,ЭОМ,outdoor-lighting,Наружное освещение,poles-and-outdoor-lighting,Опоры и наружное освещение,ЭОМ / освещение,ЭОМ / освещение,ЭОМ / освещение,ЭОМ / освещение,true,true,false,false,published,curated_vendor_slug,ardatovskiy-svetotehnicheskiy-zavod,partner_catalog_backfill_20260702,"Backfilled from confirmed partner source for catalog vendor coverage, official site/logo already tracked in partners data."
ardatovskiy-svetotehnicheskiy-zavod,Ардатовский светотехнический завод,https://astz.ru/,assets/img/logos/partners/ardatov-lighting-plant.png,https://astz.ru/upload/files/brand/logo%20ASTZ.zip,building-materials,Строительные материалы,landscaping-and-site-improvement,Благоустройство и озеленение,osveschenie-territorii,Освещение территории,opory-osvescheniya,Опоры освещения,ЭОМ / освещение,ЭОМ / освещение,ЭОМ / освещение,ЭОМ / освещение,true,true,false,false,published,curated_vendor_slug,ardatovskiy-svetotehnicheskiy-zavod,partner_catalog_backfill_20260702,"Backfilled from confirmed partner source for catalog vendor coverage, official site/logo already tracked in partners data."
ardatovskiy-svetotehnicheskiy-zavod,Ардатовский светотехнический завод,https://astz.ru/,assets/img/logos/partners/ardatov-lighting-plant.png,https://astz.ru/upload/files/brand/logo%20ASTZ.zip,energy,Энергетика,eom,ЭОМ,outdoor-lighting,Наружное освещение,architectural-and-street-lighting,"Архитектурно-художественное освещение, уличное освещение",ЭОМ / освещение,ЭОМ / освещение,ЭОМ / освещение,ЭОМ / освещение,true,true,false,false,published,curated_vendor_slug,ardatovskiy-svetotehnicheskiy-zavod,partner_catalog_backfill_20260702,"Backfilled from confirmed partner source for catalog vendor coverage, official site/logo already tracked in partners data."
schneider-electric,Schneider Electric,https://schneider-russia.com/,assets/img/logos/partners/schneider-electric.svg,https://schneider-russia.com/uploads/images/logo-w1.svg,energy,Энергетика,eom,ЭОМ,electrical-equipment,Электрооборудование,switchboard-and-electrical-equipment,Щитовое и электрооборудование,Электрика / автоматизация,Электрика / автоматизация,Электрика / автоматизация,Электрика / автоматизация,true,true,false,false,published,curated_vendor_slug,schneider-electric,partner_catalog_backfill_20260702,"Backfilled from confirmed partner source for catalog vendor coverage, official site/logo already tracked in partners data."
schneider-electric,Schneider Electric,https://schneider-russia.com/,assets/img/logos/partners/schneider-electric.svg,https://schneider-russia.com/uploads/images/logo-w1.svg,energy,Энергетика,eom,ЭОМ,electrical-equipment,Электрооборудование,elektrika,Электрика,Электрика / автоматизация,Электрика / автоматизация,Электрика / автоматизация,Электрика / автоматизация,true,true,false,false,published,curated_vendor_slug,schneider-electric,partner_catalog_backfill_20260702,"Backfilled from confirmed partner source for catalog vendor coverage, official site/logo already tracked in partners data."
schneider-electric,Schneider Electric,https://schneider-russia.com/,assets/img/logos/partners/schneider-electric.svg,https://schneider-russia.com/uploads/images/logo-w1.svg,energy,Энергетика,eom,ЭОМ,electrical-equipment,Электрооборудование,kommutatsionnoe-elektrooborudovanie,"Коммутационное электрооборудование,",Электрика / автоматизация,Электрика / автоматизация,Электрика / автоматизация,Электрика / автоматизация,true,true,false,false,published,curated_vendor_slug,schneider-electric,partner_catalog_backfill_20260702,"Backfilled from confirmed partner source for catalog vendor coverage, official site/logo already tracked in partners data."
schneider-electric,Schneider Electric,https://schneider-russia.com/,assets/img/logos/partners/schneider-electric.svg,https://schneider-russia.com/uploads/images/logo-w1.svg,energy,Энергетика,eom,ЭОМ,electrical-equipment,Электрооборудование,schitovoe-oborudovanie,Щитовое оборудование,Электрика / автоматизация,Электрика / автоматизация,Электрика / автоматизация,Электрика / автоматизация,true,true,false,false,published,curated_vendor_slug,schneider-electric,partner_catalog_backfill_20260702,"Backfilled from confirmed partner source for catalog vendor coverage, official site/logo already tracked in partners data."
schneider-electric,Schneider Electric,https://schneider-russia.com/,assets/img/logos/partners/schneider-electric.svg,https://schneider-russia.com/uploads/images/logo-w1.svg,energy,Энергетика,eom,ЭОМ,electrical-equipment,Электрооборудование,elektroustanovochnye-izdeliya,Электроустановочные изделия,Электрика / автоматизация,Электрика / автоматизация,Электрика / автоматизация,Электрика / автоматизация,true,true,false,false,published,curated_vendor_slug,schneider-electric,partner_catalog_backfill_20260702,"Backfilled from confirmed partner source for catalog vendor coverage, official site/logo already tracked in partners data."
schneider-electric,Schneider Electric,https://schneider-russia.com/,assets/img/logos/partners/schneider-electric.svg,https://schneider-russia.com/uploads/images/logo-w1.svg,engineering-equipment,Инженерное оборудование,low-current,Слаботочные сети и связь,sistemy-svyazi-i-dispetcherizatsii,Системы связи и диспетчеризации,asu-inzhenernymi-setyami,АСУ инженерными сетями,Электрика / автоматизация,Электрика / автоматизация,Электрика / автоматизация,Электрика / автоматизация,true,true,false,false,published,curated_vendor_slug,schneider-electric,partner_catalog_backfill_20260702,"Backfilled from confirmed partner source for catalog vendor coverage, official site/logo already tracked in partners data."
schneider-electric,Schneider Electric,https://schneider-russia.com/,assets/img/logos/partners/schneider-electric.svg,https://schneider-russia.com/uploads/images/logo-w1.svg,energy,Энергетика,eom,ЭОМ,lighting-devices,Световые приборы,input-distribution-device,Вводно-распределительное устройство (ВРУ),Электрика / автоматизация,Электрика / автоматизация,Электрика / автоматизация,Электрика / автоматизация,true,true,false,false,published,curated_vendor_slug,schneider-electric,partner_catalog_backfill_20260702,"Backfilled from confirmed partner source for catalog vendor coverage, official site/logo already tracked in partners data."
kabelnyy-alyans,Кабельный Альянс,https://holdcable.com/,assets/img/logos/partners/kabelnyy-alyans.png,https://holdcable.com/images/logo.png,energy,Энергетика,eom,ЭОМ,cable-products,Кабельная продукция различного и специального назначения,electrical-cable-products,ЭМ,Электрика / кабель,Электрика / кабель,Электрика / кабель,Электрика / кабель,true,true,false,false,published,curated_vendor_slug,kabelnyy-alyans,partner_catalog_backfill_20260702,"Backfilled from confirmed partner source for catalog vendor coverage, official site/logo already tracked in partners data."
kabelnyy-alyans,Кабельный Альянс,https://holdcable.com/,assets/img/logos/partners/kabelnyy-alyans.png,https://holdcable.com/images/logo.png,energy,Энергетика,eom,ЭОМ,cable-products,Кабельная продукция различного и специального назначения,kabelnaya-produktsiya,Кабельная продукция,Электрика / кабель,Электрика / кабель,Электрика / кабель,Электрика / кабель,true,true,false,false,published,curated_vendor_slug,kabelnyy-alyans,partner_catalog_backfill_20260702,"Backfilled from confirmed partner source for catalog vendor coverage, official site/logo already tracked in partners data."
itk,ITK,https://itk-group.ru/,assets/img/logos/partners/itk.svg,https://itk-group.ru/local/templates/itk-group-2025/images/logo_new-dark.svg,engineering-equipment,Инженерное оборудование,low-current,Слаботочные сети и связь,video-surveillance-and-network-equipment,Видеонаблюдение и сетевое оборудование,active-lan-equipment,Активное оборудование ЛВС,Электрика / слаботочная инфраструктура,Электрика / слаботочная инфраструктура,Электрика / слаботочная инфраструктура,Электрика / слаботочная инфраструктура,true,true,false,false,published,curated_vendor_slug,itk,partner_catalog_backfill_20260702,"Backfilled from confirmed partner source for catalog vendor coverage, official site/logo already tracked in partners data."
itk,ITK,https://itk-group.ru/,assets/img/logos/partners/itk.svg,https://itk-group.ru/local/templates/itk-group-2025/images/logo_new-dark.svg,engineering-equipment,Инженерное оборудование,low-current,Слаботочные сети и связь,cable-networks-and-fols,Кабельные сети и ВОЛС,fiber-optic-cable,Волоконно-оптический кабель,Электрика / слаботочная инфраструктура,Электрика / слаботочная инфраструктура,Электрика / слаботочная инфраструктура,Электрика / слаботочная инфраструктура,true,true,false,false,published,curated_vendor_slug,itk,partner_catalog_backfill_20260702,"Backfilled from confirmed partner source for catalog vendor coverage, official site/logo already tracked in partners data."
itk,ITK,https://itk-group.ru/,assets/img/logos/partners/itk.svg,https://itk-group.ru/local/templates/itk-group-2025/images/logo_new-dark.svg,engineering-equipment,Инженерное оборудование,low-current,Слаботочные сети и связь,cable-networks-and-fols,Кабельные сети и ВОЛС,sks-kns-i-inzhenernoe-oborudovanie,"СКС, КНС и инженерное оборудование",Электрика / слаботочная инфраструктура,Электрика / слаботочная инфраструктура,Электрика / слаботочная инфраструктура,Электрика / слаботочная инфраструктура,true,true,false,false,published,curated_vendor_slug,itk,partner_catalog_backfill_20260702,"Backfilled from confirmed partner source for catalog vendor coverage, official site/logo already tracked in partners data."
itk,ITK,https://itk-group.ru/,assets/img/logos/partners/itk.svg,https://itk-group.ru/local/templates/itk-group-2025/images/logo_new-dark.svg,it-equipment-and-software,IT оборудование и ПО,it-infrastructure,IT-инфраструктура,network-equipment,Сетевое оборудование,network-switches,Коммутаторы,Электрика / слаботочная инфраструктура,Электрика / слаботочная инфраструктура,Электрика / слаботочная инфраструктура,Электрика / слаботочная инфраструктура,true,true,false,false,published,curated_vendor_slug,itk,partner_catalog_backfill_20260702,"Backfilled from confirmed partner source for catalog vendor coverage, official site/logo already tracked in partners data."
itk,ITK,https://itk-group.ru/,assets/img/logos/partners/itk.svg,https://itk-group.ru/local/templates/itk-group-2025/images/logo_new-dark.svg,it-equipment-and-software,IT оборудование и ПО,it-infrastructure,IT-инфраструктура,network-equipment,Сетевое оборудование,setevoe-oborudovanie-i-telekom,Сетевое оборудование и телеком,Электрика / слаботочная инфраструктура,Электрика / слаботочная инфраструктура,Электрика / слаботочная инфраструктура,Электрика / слаботочная инфраструктура,true,true,false,false,published,curated_vendor_slug,itk,partner_catalog_backfill_20260702,"Backfilled from confirmed partner source for catalog vendor coverage, official site/logo already tracked in partners data."
generica,Generica,https://generica.su/,assets/img/logos/partners/generica.svg,https://generica.su/local/templates/generica-redesign/images/logotype-dark.svg,energy,Энергетика,eom,ЭОМ,electrical-equipment,Электрооборудование,switchboard-and-electrical-equipment,Щитовое и электрооборудование,Электротехническое оборудование,Электротехническое оборудование,Электротехническое оборудование,Электротехническое оборудование,true,true,false,false,published,curated_vendor_slug,generica,partner_catalog_backfill_20260702,"Backfilled from confirmed partner source for catalog vendor coverage, official site/logo already tracked in partners data."
generica,Generica,https://generica.su/,assets/img/logos/partners/generica.svg,https://generica.su/local/templates/generica-redesign/images/logotype-dark.svg,energy,Энергетика,eom,ЭОМ,electrical-equipment,Электрооборудование,elektrika,Электрика,Электротехническое оборудование,Электротехническое оборудование,Электротехническое оборудование,Электротехническое оборудование,true,true,false,false,published,curated_vendor_slug,generica,partner_catalog_backfill_20260702,"Backfilled from confirmed partner source for catalog vendor coverage, official site/logo already tracked in partners data."
generica,Generica,https://generica.su/,assets/img/logos/partners/generica.svg,https://generica.su/local/templates/generica-redesign/images/logotype-dark.svg,energy,Энергетика,eom,ЭОМ,electrical-equipment,Электрооборудование,kommutatsionnoe-elektrooborudovanie,"Коммутационное электрооборудование,",Электротехническое оборудование,Электротехническое оборудование,Электротехническое оборудование,Электротехническое оборудование,true,true,false,false,published,curated_vendor_slug,generica,partner_catalog_backfill_20260702,"Backfilled from confirmed partner source for catalog vendor coverage, official site/logo already tracked in partners data."
generica,Generica,https://generica.su/,assets/img/logos/partners/generica.svg,https://generica.su/local/templates/generica-redesign/images/logotype-dark.svg,energy,Энергетика,eom,ЭОМ,electrical-equipment,Электрооборудование,schitovoe-oborudovanie,Щитовое оборудование,Электротехническое оборудование,Электротехническое оборудование,Электротехническое оборудование,Электротехническое оборудование,true,true,false,false,published,curated_vendor_slug,generica,partner_catalog_backfill_20260702,"Backfilled from confirmed partner source for catalog vendor coverage, official site/logo already tracked in partners data."
generica,Generica,https://generica.su/,assets/img/logos/partners/generica.svg,https://generica.su/local/templates/generica-redesign/images/logotype-dark.svg,energy,Энергетика,eom,ЭОМ,electrical-equipment,Электрооборудование,elektroustanovochnye-izdeliya,Электроустановочные изделия,Электротехническое оборудование,Электротехническое оборудование,Электротехническое оборудование,Электротехническое оборудование,true,true,false,false,published,curated_vendor_slug,generica,partner_catalog_backfill_20260702,"Backfilled from confirmed partner source for catalog vendor coverage, official site/logo already tracked in partners data."
kontaktor,Контактор,https://www.kontaktor.ru/,assets/img/logos/partners/kontaktor.svg,https://www.kontaktor.ru/local/templates/kontaktor/build/img/rebranding/Kontaktor_by_IEK.svg,energy,Энергетика,eom,ЭОМ,electrical-equipment,Электрооборудование,switchboard-and-electrical-equipment,Щитовое и электрооборудование,Электротехническое оборудование,Электротехническое оборудование,Электротехническое оборудование,Электротехническое оборудование,true,true,false,false,published,curated_vendor_slug,kontaktor,partner_catalog_backfill_20260702,"Backfilled from confirmed partner source for catalog vendor coverage, official site/logo already tracked in partners data."
kontaktor,Контактор,https://www.kontaktor.ru/,assets/img/logos/partners/kontaktor.svg,https://www.kontaktor.ru/local/templates/kontaktor/build/img/rebranding/Kontaktor_by_IEK.svg,energy,Энергетика,eom,ЭОМ,electrical-equipment,Электрооборудование,elektrika,Электрика,Электротехническое оборудование,Электротехническое оборудование,Электротехническое оборудование,Электротехническое оборудование,true,true,false,false,published,curated_vendor_slug,kontaktor,partner_catalog_backfill_20260702,"Backfilled from confirmed partner source for catalog vendor coverage, official site/logo already tracked in partners data."
kontaktor,Контактор,https://www.kontaktor.ru/,assets/img/logos/partners/kontaktor.svg,https://www.kontaktor.ru/local/templates/kontaktor/build/img/rebranding/Kontaktor_by_IEK.svg,energy,Энергетика,eom,ЭОМ,electrical-equipment,Электрооборудование,kommutatsionnoe-elektrooborudovanie,"Коммутационное электрооборудование,",Электротехническое оборудование,Электротехническое оборудование,Электротехническое оборудование,Электротехническое оборудование,true,true,false,false,published,curated_vendor_slug,kontaktor,partner_catalog_backfill_20260702,"Backfilled from confirmed partner source for catalog vendor coverage, official site/logo already tracked in partners data."
kontaktor,Контактор,https://www.kontaktor.ru/,assets/img/logos/partners/kontaktor.svg,https://www.kontaktor.ru/local/templates/kontaktor/build/img/rebranding/Kontaktor_by_IEK.svg,energy,Энергетика,eom,ЭОМ,electrical-equipment,Электрооборудование,schitovoe-oborudovanie,Щитовое оборудование,Электротехническое оборудование,Электротехническое оборудование,Электротехническое оборудование,Электротехническое оборудование,true,true,false,false,published,curated_vendor_slug,kontaktor,partner_catalog_backfill_20260702,"Backfilled from confirmed partner source for catalog vendor coverage, official site/logo already tracked in partners data."
kontaktor,Контактор,https://www.kontaktor.ru/,assets/img/logos/partners/kontaktor.svg,https://www.kontaktor.ru/local/templates/kontaktor/build/img/rebranding/Kontaktor_by_IEK.svg,energy,Энергетика,eom,ЭОМ,electrical-equipment,Электрооборудование,elektroustanovochnye-izdeliya,Электроустановочные изделия,Электротехническое оборудование,Электротехническое оборудование,Электротехническое оборудование,Электротехническое оборудование,true,true,false,false,published,curated_vendor_slug,kontaktor,partner_catalog_backfill_20260702,"Backfilled from confirmed partner source for catalog vendor coverage, official site/logo already tracked in partners data."
parus-electro,Parus Electro,https://parus-electro.ru/catalog/zaryadnie_stanzii_electromobilei/,assets/img/logos/vendors/parus-electro.svg,https://parus-electro.ru/upload/CMax/a46/b31l4ctkfc14ss204yk0veaappnuwks9/logo_new_parus_30_09_2025.svg,energy,Энергетика,ev-charging-infrastructure,Зарядная инфраструктура,ev-charging-stations,Зарядочные станции для электромобилей,zaryadochnye-stantsii-dlya-elektromobiley,Зарядочные станции для электромобилей,Энергетика,Зарядная инфраструктура,Зарядочные станции для электромобилей,Зарядочные станции для электромобилей,true,true,false,false,published,curated_vendor_slug,parus-electro,codex_p2_hvac_ev_20260703,"Official Parus Electro catalog page is for EV charging stations, logo from official site asset."
the-edison,The Edison,https://theedison.ru/catalog/,assets/img/logos/vendors/the-edison.svg,https://theedison.ru/wp-content/themes/_garnet/assets/img/logo.svg,energy,Энергетика,ev-charging-infrastructure,Зарядная инфраструктура,ev-charging-stations,Зарядочные станции для электромобилей,zaryadochnye-stantsii-dlya-elektromobiley,Зарядочные станции для электромобилей,Энергетика,Зарядная инфраструктура,Зарядочные станции для электромобилей,Зарядочные станции для электромобилей,true,true,false,false,published,curated_vendor_slug,the-edison,codex_p2_hvac_ev_20260703,"Official catalog title identifies The Edison as EV charging station manufacturer, logo from official theme asset."
profesco,PROFESCO,https://profesko.ru/,assets/img/logos/partners/profesco-clean.svg,https://profesko.ru/local/templates/profesco/img/companies/profesco/profesco-active.svg,engineering-equipment,Инженерное оборудование,low-current,Слаботочные сети и связь,sistemy-svyazi-i-dispetcherizatsii,Системы связи и диспетчеризации,asu-inzhenernymi-setyami,АСУ инженерными сетями,Энергосервис / автоматизация,Энергосервис / автоматизация,Энергосервис / автоматизация,Энергосервис / автоматизация,true,true,false,false,published,curated_vendor_slug,profesco,partner_catalog_backfill_20260702,"Backfilled from confirmed partner source for catalog vendor coverage, official site/logo already tracked in partners data."
profesco,PROFESCO,https://profesko.ru/,assets/img/logos/partners/profesco-clean.svg,https://profesko.ru/local/templates/profesco/img/companies/profesco/profesco-active.svg,engineering-equipment,Инженерное оборудование,low-current,Слаботочные сети и связь,sistemy-svyazi-i-dispetcherizatsii,Системы связи и диспетчеризации,sistemy-svyazi-i-dispetcherizatsii,Системы связи и диспетчеризации,Энергосервис / автоматизация,Энергосервис / автоматизация,Энергосервис / автоматизация,Энергосервис / автоматизация,true,true,false,false,published,curated_vendor_slug,profesco,partner_catalog_backfill_20260702,"Backfilled from confirmed partner source for catalog vendor coverage, official site/logo already tracked in partners data."
