direction,group,area,type,vendor_name,normalized_name,slug,official_site,logo,logo_source_url,status,confidence,source,notes
IT оборудование и ПО,IT-инфраструктура,Информационная безопасность,Информационная безопасность,Kaspersky,Kaspersky,kaspersky,https://www.kaspersky.ru/,,,manual_review_needed,high,codex_it_p0_vendor_fill_20260702,Official inline SVG header logo from kaspersky.ru; stored locally with official brand color.
IT оборудование и ПО,IT-инфраструктура,Информационная безопасность,Информационная безопасность,Positive Technologies,Positive Technologies,positive-technologies,https://ptsecurity.com/,,,manual_review_needed,high,codex_it_p0_vendor_fill_20260702,Official SVG logo from ptsecurity.com; mapped to information security.
IT оборудование и ПО,IT-инфраструктура,Информационная безопасность,Информационная безопасность,UserGate,UserGate,usergate,https://usergate.com/,,,manual_review_needed,medium,codex_it_p0_vendor_fill_20260702,Official UserGate favicon from usergate.com used as temporary logo asset; replace with official wordmark if provided by supplier.
IT оборудование и ПО,IT-инфраструктура,Корпоративные устройства,Интерактивное оборудование,BM Group,BM Group,bm-technology,https://bm-technology.ru/,,,manual_review_needed,medium,codex_it_p0_vendor_fill_20260702,"Official logo from bm-technology.ru; mapped only to interactive equipment, not broader IT categories."
IT-инфраструктура,IT-инфраструктура,IT-инфраструктура,IT оборудование и ПО,Systeme Electric,Systeme Electric,systeme-electric,https://systeme.ru,,,manual_review_needed,high,supplier_import_20260630_official_site,"Prepared from supplier table. Sheet: IT 02.04, row 24. Logo source: official site."
IT-инфраструктура,IT-инфраструктура,IT-инфраструктура,IT оборудование и ПО,КИТ,КИТ,kit,https://www.ocs.ru/vendors/kit/,,,manual_review_needed,high,supplier_import_20260630_official_site,"Prepared from supplier table. Sheet: IT 02.04, row 12. Logo source: official site."
IT-инфраструктура,IT-инфраструктура,IT-инфраструктура,IT оборудование и ПО,Терек-Радио,Терек-Радио,terek-radio,https://terek-radio.ru/,,,manual_review_needed,high,supplier_import_20260630_official_site,"Prepared from supplier table. Sheet: IT 02.04, row 20. Logo source: official site."
IT-инфраструктура,IT-инфраструктура,Корпоративные устройства,"ПК, моноблоки, ноутбуки, планшеты, клиентские устройства",KVADRA,KVADRA,kvadra,https://квадра.рф/,,,manual_review_needed,high,official_site_header_asset_adapted_on_white_card,IT-инфраструктура: корпоративные клиентские устройства YADRO/KVADRA.
IT-инфраструктура,IT-инфраструктура,ПО и управление,Платформы разработки и сборки ПО,GitFlic,GitFlic,gitflic,https://gitflic.ru/,,,manual_review_needed,high,codex_p0_vendor_coverage_20260702,Official black SVG logo from gitflic.ru static assets; site title confirms source-code repository platform.
IT-инфраструктура,IT-инфраструктура,ПО и управление,Управление данными и аналитика,Postgres Professional,Postgres Professional,postgres-professional,https://postgrespro.ru/,,,manual_review_needed,high,codex_p0_vendor_coverage_20260702,Official blue SVG from Postgres Pro press materials.
IT-инфраструктура,IT-инфраструктура,ПО и управление,"Операционные системы, виртуализация и управление ИТ-инфраструктурой",Группа Астра,Группа Астра,gk-astra,https://astra.ru/,,,manual_review_needed,high,codex_p0_vendor_coverage_20260702,Official logo package downloaded from Astra press/logo materials page; using color SVG from official ZIP.
IT-инфраструктура,IT-инфраструктура,ПО и управление,Резервное копирование,Киберпротект,Киберпротект,kiberprotekt,https://cyberprotect.ru/,,,manual_review_needed,high,codex_p0_vendor_coverage_20260702,"Official SVG logo from cyberprotect.ru header; page title confirms backup, storage and data protection solutions."
IT-инфраструктура,IT-инфраструктура,Серверы и ЦОД,"Серверы, СХД, коммутаторы, инфраструктурные компоненты, рабочие станции",DEPO Computers,DEPO Computers,depo-computers,https://depo-computers.com/,,,manual_review_needed,high,official_site_og_logo_asset,"IT-инфраструктура: серверы, СХД, коммутаторы, компьютеры и рабочие станции."
IT-инфраструктура,IT-инфраструктура,"Серверы, СХД и ПО","Серверы, системы хранения, коммутаторы, ПО, интегрированные решения",YADRO,YADRO,yadro,https://yadro.com/,assets/img/logos/approved-top/yadro.png,https://yadro.com/,logo_ready,high,approved_top_logo_batch_20260729,Approved top-brand asset supplied in SITE NEW LOGO.zip.
Автоматизация / диспетчеризация,Автоматизация / диспетчеризация,Автоматизация / диспетчеризация,Автоматизация / диспетчеризация,MasterSCADA,MasterSCADA,masterscada,https://iek-digital.ru/,,,manual_review_needed,high,partner_catalog_backfill_20260702,Backfilled from confirmed partner source for catalog vendor coverage; official site/logo already tracked in partners data.
Акустические потолки,Акустические потолки,Акустические потолки,Акустические потолки,Ecophon,Ecophon,ecophon,https://www.ecophon.com/,,,manual_review_needed,high,partner_catalog_backfill_20260702,Backfilled from confirmed partner source for catalog vendor coverage; official site/logo already tracked in partners data.
Архитектура / алюминиевые профили,Архитектура / алюминиевые профили,Архитектура / алюминиевые профили,Архитектура / алюминиевые профили,АЛРОКС,АЛРОКС,alroks,https://alrox.ru/,,,manual_review_needed,high,partner_catalog_backfill_20260702,Backfilled from confirmed partner source for catalog vendor coverage; official site/logo already tracked in partners data.
Архитектура / гипсокартон,Архитектура / гипсокартон,Архитектура / гипсокартон,Архитектура / гипсокартон,Магма,Магма,magma,https://magma-td.ru/catalog/gipsokartonnye-listy/gipsokarton-vlagostoykiy/,,,manual_review_needed,high,partner_catalog_backfill_20260702,Backfilled from confirmed partner source for catalog vendor coverage; official site/logo already tracked in partners data.
Архитектура / окна,Архитектура / окна,Архитектура / окна,Архитектура / окна,Kaleva,Kaleva,kaleva,https://www.okna.ru/,,,manual_review_needed,high,partner_catalog_backfill_20260702,Backfilled from confirmed partner source for catalog vendor coverage; official site/logo already tracked in partners data.
Архитектура / окна,Архитектура / окна,Архитектура / окна,Архитектура / окна,Melke,Melke,melke,https://www.melke.ru/,,,manual_review_needed,high,partner_catalog_backfill_20260702,Backfilled from confirmed partner source for catalog vendor coverage; official site/logo already tracked in partners data.
Архитектура / сухие смеси,Архитектура / сухие смеси,Архитектура / сухие смеси,Архитектура / сухие смеси,Волма,Волма,volma,https://www.volma.ru/,,,manual_review_needed,high,partner_catalog_backfill_20260702,Backfilled from confirmed partner source for catalog vendor coverage; official site/logo already tracked in partners data.
Архитектура / сухое строительство,Архитектура / сухое строительство,Архитектура / сухое строительство,Архитектура / сухое строительство,Gyproc,Gyproc,gyproc,https://www.gyproc.ru/,,,manual_review_needed,high,partner_catalog_backfill_20260702,Backfilled from confirmed partner source for catalog vendor coverage; official site/logo already tracked in partners data.
Архитектура / сухое строительство,Архитектура / сухое строительство,Архитектура / сухое строительство,Архитектура / сухое строительство,Кнауф,Кнауф,knauf,https://www.knauf.ru/,,,manual_review_needed,high,partner_catalog_backfill_20260702,Backfilled from confirmed partner source for catalog vendor coverage; official site/logo already tracked in partners data.
Архитектурные решения,Архитектурные решения,Архитектурные решения,потолки и системы,Cesal,Cesal,cesal,https://cesal.ru,,,manual_review_needed,high,supplier_import_20260630_official_site,"Official CESAL logo from official site, normalized from supplier table row that contained category text instead of brand name."
Архитектурные решения,Архитектурные решения,Архитектурные решения,Окна,ORTEX,ORTEX,ortex,https://ortex.org,,,manual_review_needed,high,supplier_import_20260630_official_site,"Prepared from supplier table. Sheet: Окна, row 36. Logo source: official site."
Архитектурные решения,Архитектурные решения,Архитектурные решения,Окна,Thermo Glass,Thermo Glass,thermo-glass,https://thermo-glass.ru,,,manual_review_needed,high,supplier_import_20260630_official_site,"Prepared from supplier table. Sheet: Окна, row 31. Logo source: official site."
Архитектурные решения,Архитектурные решения,Архитектурные решения,HPL,«Завод слоистых пластиков»,«Завод слоистых пластиков»,zavod-sloistyh-plastikov,https://sloplast.ru,,,manual_review_needed,high,supplier_import_20260630_official_site,"Prepared from supplier table. Sheet: HPL, row 3. Logo source: official site."
Архитектурные решения,Архитектурные решения,Архитектурные решения,GML панели,«Подольский завод стеновых и потолочных панелей» ООО «ПЗСПП»,«Подольский завод стеновых и потолочных панелей» ООО «ПЗСПП»,podolskiy-zavod-stenovyh-i-potolochnyh-paneley-ooo-pzspp,https://gipsometal.ru,,,manual_review_needed,high,supplier_import_20260630_official_site,"Prepared from supplier table. Sheet: GML панели, row 27. Logo source: official site."
Архитектурные решения,Архитектурные решения,Архитектурные решения,Плитка керамическая,"АО “ЗКИ” АО ""Завод керамических изделий г. Екатеринбург""","АО “ЗКИ” АО ""Завод керамических изделий г. Екатеринбург""",ao-zki-ao-zavod-keramicheskih-izdeliy-g-ekaterinburg,https://almaceramica.ru,,,manual_review_needed,high,supplier_import_20260630_official_site,"Prepared from supplier table. Sheet: Плитка керамическая, row 22. Logo source: official site."
Архитектурные решения,Архитектурные решения,Архитектурные решения,GML панели,"Компания ""Ардко""","Компания ""Ардко""",kompaniya-ardko,https://ardco.ru,,,manual_review_needed,high,supplier_import_20260630_official_site,"Prepared from supplier table. Sheet: GML панели, row 16. Logo source: official site."
Архитектурные решения,Архитектурные решения,Архитектурные решения,ЛКМ,НПП СПЕКТР,НПП СПЕКТР,npp-spektr,https://certa.ru,,,manual_review_needed,high,supplier_import_20260630_official_site,"Prepared from supplier table. Sheet: ЛКМ, row 9. Logo source: official site."
Архитектурные решения,Архитектурные решения,Архитектурные решения,Плитка керамическая,"ООО ""Параллель""","ООО ""Параллель""",ooo-parallel,https://unitile.ru,,,manual_review_needed,high,supplier_import_20260630_official_site,"Prepared from supplier table. Sheet: Плитка керамическая, row 19. Logo source: official site."
Архитектурные решения,Архитектурные решения,Архитектурные решения,Окна,ООО «ОК-СИТИ»,ООО «ОК-СИТИ»,ooo-ok-siti,https://www.oknadomkom.ru,,,manual_review_needed,high,supplier_import_20260630_official_site,"Prepared from supplier table. Sheet: Окна, row 39. Logo source: official site."
Архитектурные решения,Архитектурные решения,Архитектурные решения,Окна,Оконные технологии,Оконные технологии,okonnye-tehnologii,https://okonteh.ru,,,manual_review_needed,high,supplier_import_20260630_official_site,"Prepared from supplier table. Sheet: Окна, row 10. Logo source: official site."
Архитектурные решения,Архитектурные решения,Архитектурные решения,Окна,Производственная компания АВИ СтройКомплект,Производственная компания АВИ СтройКомплект,proizvodstvennaya-kompaniya-avi-stroykomplekt,https://www.avi-sk.com,,,manual_review_needed,high,supplier_import_20260630_official_site,"Prepared from supplier table. Sheet: Окна, row 48. Logo source: official site."
Архитектурные решения,Архитектурные решения,Архитектурные решения,ОБОИ,Стройобои,Стройобои,stroyoboi,https://malex.ru,,,manual_review_needed,high,supplier_import_20260630_official_site,"Prepared from supplier table. Sheet: ОБОИ, row 14. Logo source: official site."
Архитектурные решения,Полы,Напольные покрытия,Напольные покрытия,Tarkett,Tarkett,tarkett,https://www.tarkett.ru/,,,manual_review_needed,high,partner_catalog_backfill_20260702,Backfilled from confirmed partner source for catalog vendor coverage; official site/logo already tracked in partners data.
Архитектурные решения,Полы,Фальшполы,Фальшполы,INTERFLOOR,INTERFLOOR,interfloor,https://interfloor.pro/,,,manual_review_needed,high,official_p2_remaining_groups_20260706,Official site title identifies INTERFLOOR as production and installation of raised-floor systems; logo from official schema/header image.
Архитектурные решения,Стены / интерьерные панели,СМЛ,СМЛ панели,MAGELAN,MAGELAN,magelan,https://www.magelan-import.com/,,,manual_review_needed,high,official_p0_vendor_batch_20260703,Official MAGELAN site uses this SVG as the header logo background; catalog hint covers SML panels.
Архитектурные решения,Фасады,Фасадные системы,Фасадные системы,GRAND LINE,GRAND LINE,grand-line,https://www.grandline.ru/,,,manual_review_needed,high,partner_catalog_backfill_20260702,Backfilled from confirmed partner source for catalog vendor coverage; official site/logo already tracked in partners data.
Архитектурные решения,Фасады,Фасадные системы,Фасадные системы,NORDFOX,NORDFOX,nordfox,https://nordfox.ru/,,,manual_review_needed,high,partner_catalog_backfill_20260702,Backfilled from confirmed partner source for catalog vendor coverage; official site/logo already tracked in partners data.
Благоустройство и озеленение,Благоустройство,Благоустройство,МАФ,Вивана,Вивана,vivana,https://vivana.ru,,,manual_review_needed,high,supplier_import_20260630_official_site,"Prepared from supplier table. Sheet: МАФ, row 7. Logo source: official site."
ВК / водоотведение,ВК / водоотведение,ВК / водоотведение,ВК / водоотведение,АктивСток,АктивСток,aktivstok,https://akstok.com/,,,manual_review_needed,high,partner_catalog_backfill_20260702,Backfilled from confirmed partner source for catalog vendor coverage; official site/logo already tracked in partners data.
ВК / насосное оборудование,ВК / насосное оборудование,ВК / насосное оборудование,ВК / насосное оборудование,Wilo,Wilo,wilo,https://wilo.ru/,,,manual_review_needed,high,partner_catalog_backfill_20260702,Backfilled from confirmed partner source for catalog vendor coverage; official site/logo already tracked in partners data.
Вертикальный транспорт,Автоматизация и диспетчеризация,Диспетчерская связь лифтов,Диспетчерская связь (Лифты),Обь Лифт-Комплекс ДС,Обь Лифт-Комплекс ДС,ob-lift-kompleks-ds,https://www.lkds.ru/,,,manual_review_needed,high,official_p0_vendor_batch_20260703,Official LKDS site logo; catalog hint covers lift dispatch communication.
Вертикальный транспорт,Вертикальный транспорт,Вертикальный транспорт,Лифты,Doppler,Doppler,doppler,https://doppler-lifts.ru,,,manual_review_needed,high,supplier_import_20260630_official_site,"Prepared from supplier table. Sheet: Лифты , row 28. Logo source: official site."
Вертикальный транспорт,Вертикальный транспорт,Вертикальный транспорт,Лифты,Карачаровский Механический завод,Карачаровский Механический завод,karacharovskiy-mehanicheskiy-zavod,https://kmzlift.ru,,,manual_review_needed,high,supplier_import_20260630_official_site,"Prepared from supplier table. Sheet: Лифты , row 5. Logo source: official site."
Вертикальный транспорт,Вертикальный транспорт,Вертикальный транспорт,Лифты,МОСЛИФТ АО,МОСЛИФТ АО,moslift-ao,https://moslift.ru,,,manual_review_needed,high,supplier_import_20260630_official_site,"Prepared from supplier table. Sheet: Лифты , row 30. Logo source: official site."
Вертикальный транспорт,Вертикальный транспорт,Вертикальный транспорт,Лифты,ООО «ВТК «ПРОМТЕХ»,ООО «ВТК «ПРОМТЕХ»,ooo-vtk-promteh,https://vtk-promteh.ru,,,manual_review_needed,high,supplier_import_20260630_official_site,"Prepared from supplier table. Sheet: Лифты , row 36. Logo source: official site."
Вертикальный транспорт,Вертикальный транспорт,Вертикальный транспорт,Лифты,Отис - ранее METEOR Lift,Отис - ранее METEOR Lift,otis-ranee-meteor-lift,https://meteor.ru,,,manual_review_needed,high,supplier_import_20260630_official_site,"Prepared from supplier table. Sheet: Лифты , row 12. Logo source: official site."
Вертикальный транспорт,Вертикальный транспорт,Вертикальный транспорт,Лифты,Приводная техника,Приводная техника,privodnaya-tehnika,https://privod.ru,,,manual_review_needed,high,supplier_import_20260630_official_site,"Prepared from supplier table. Sheet: Лифты , row 26. Logo source: official site."
Вертикальный транспорт,Вертикальный транспорт,Вертикальный транспорт,Лифты,САНКТ-ПЕТЕРБУРГСКИЙ ЛИФТОВОЙ ЗАВОД,САНКТ-ПЕТЕРБУРГСКИЙ ЛИФТОВОЙ ЗАВОД,sankt-peterburgskiy-liftovoy-zavod,https://lzspb.com,,,manual_review_needed,high,supplier_import_20260630_official_site,"Prepared from supplier table. Sheet: Лифты , row 20. Logo source: official site."
Вертикальный транспорт,Вертикальный транспорт,Вертикальный транспорт,Лифты,Серпуховский лифтостроительный завод,Серпуховский лифтостроительный завод,serpuhovskiy-liftostroitelnyy-zavod,https://slz-lift.ru,,,manual_review_needed,high,supplier_import_20260630_official_site,"Prepared from supplier table. Sheet: Лифты , row 15. Logo source: official site."
Вертикальный транспорт,Вертикальный транспорт,Вертикальный транспорт,Лифты,Современные лифтовые технологии,Современные лифтовые технологии,sovremennye-liftovye-tehnologii,https://sltlift.ru,,,manual_review_needed,high,supplier_import_20260630_official_site,"Prepared from supplier table. Sheet: Лифты , row 25. Logo source: official site."
Вертикальный транспорт,Вертикальный транспорт,Вертикальный транспорт,Лифты,ЧЕЛЯБИНСКИЙ ЛИФТОСТРОИТЕЛЬНЫЙ ЗАВОД «ВИТЧЕЛ»,ЧЕЛЯБИНСКИЙ ЛИФТОСТРОИТЕЛЬНЫЙ ЗАВОД «ВИТЧЕЛ»,chelyabinskiy-liftostroitelnyy-zavod-vitchel,https://witchel.ru,,,manual_review_needed,high,supplier_import_20260630_official_site,"Prepared from supplier table. Sheet: Лифты , row 17. Logo source: official site."
Водоподготовка,Водоподготовка,Водоподготовка,Водоподготовка,Аквалид,Аквалид,akvalid,https://aqualid.ru/,,,manual_review_needed,high,partner_catalog_backfill_20260702,Backfilled from confirmed partner source for catalog vendor coverage; official site/logo already tracked in partners data.
Водоснабжение и водоотведение,Водоотведение,Промышленные водонагреватели,Накопительные электрические промышленные водонагреватели,РусИнж,РусИнж,rusinzh,https://www.rusinzh.ru/,,,manual_review_needed,high,official_p1_vendor_hint_batch_20260703,Official РусИнж header logo; catalog brand hint covers industrial electric storage water heaters.
Водоснабжение и водоотведение,Водоснабжение,Запорная арматура,Запорная и регулирующая арматура,Danfoss,Danfoss,danfoss,https://www.danfoss.com/en/,,,manual_review_needed,high,partner_catalog_backfill_20260702,Backfilled from confirmed partner source for catalog vendor coverage; official site/logo already tracked in partners data.
Водоснабжение и водоотведение,Водоснабжение,Трубопроводные системы,Трубопроводные системы водоснабжения,REHAU,REHAU,rehau,https://rhsolutions.ru/,,,manual_review_needed,high,partner_catalog_backfill_20260702,Backfilled from confirmed partner source for catalog vendor coverage; official site/logo already tracked in partners data.
Водоснабжение и водоотведение,Водоснабжение,Трубопроводные системы,Трубопроводные системы водоснабжения,Sanext,Sanext,sanext,https://sanext.ru/,,,manual_review_needed,high,partner_catalog_backfill_20260702,Backfilled from confirmed partner source for catalog vendor coverage; official site/logo already tracked in partners data.
Водоснабжение и водоотведение,Водоснабжение,Трубопроводные системы,Трубопроводные системы водоснабжения,Uponor,Uponor,uponor,https://uponor.company/,,,manual_review_needed,high,partner_catalog_backfill_20260702,Backfilled from confirmed partner source for catalog vendor coverage; official site/logo already tracked in partners data.
Водоснабжение и водоотведение,Водоснабжение,Узлы учета воды,Узлы учета воды,ВЗЛЕТ,ВЗЛЕТ,vzljot,https://vzljot.ru/,,,manual_review_needed,high,official_p2_remaining_groups_20260706,"Official site title identifies VZLJOT as manufacturer of liquid, heat and gas metering devices; logo extracted from official inline SVG header."
Водоснабжение и водоотведение,Наружные сети водоснабжения и канализации,Наружные сети водоснабжения и канализации,Наружные сети водоснабжения и канализации,ПОЛИПЛАСТИК,ПОЛИПЛАСТИК,polyplastic,https://www.polyplastic.ru/,,,manual_review_needed,high,official_p2_remaining_groups_20260706,Official site title identifies POLYPLASTIC Group as polymer pipe manufacturer; logo from official theme asset.
Газоснабжение,Газоанализаторы,Газоанализаторы,Газоанализаторы,НПП «ГазоАналит»,НПП «ГазоАналит»,gazoanalit,https://gazoanalit.ru/,,,manual_review_needed,medium,official_catalog_hint_gas_analyzers_20260703,Official site identifies ООО НПП ГазоАналит as a manufacturer/system integrator of gas analysis systems. Official 70x70 logo image is used without redraw; mapped only to gas analyzers.
Доступная среда,Пандусы / подъемники / поручни,Доступная среда,"Пандусы, подъемники, поручни, рампы и трапы",Тифлоцентр,Тифлоцентр,tiflocentre,https://tiflocentre.ru/,,,manual_review_needed,high,official_p1_vendor_hint_batch_20260703,Official Тифлоцентр logo from official site; catalog hints cover accessible environment groups.
Доступная среда,Парковочные места,Дорожные знаки,Дорожные знаки,РусДорЗнак,РусДорЗнак,rusdorznak,https://rusdorznak.ru/,,,manual_review_needed,high,official_p2_remaining_groups_20260706,Official site title identifies road signs; logo from official site asset.
ИТ-оборудование,ИТ-оборудование,ИТ-оборудование,ИТ-оборудование,iRU,iRU,iru,https://www.iru.ru/,,,manual_review_needed,high,partner_catalog_backfill_20260702,Backfilled from confirmed partner source for catalog vendor coverage; official site/logo already tracked in partners data.
Изоляция / инженерная изоляция,Изоляция / инженерная изоляция,Изоляция / инженерная изоляция,Изоляция / инженерная изоляция,K-FLEX,K-FLEX,k-flex,https://kflex.ru/,,,manual_review_needed,high,partner_catalog_backfill_20260702,Backfilled from confirmed partner source for catalog vendor coverage; official site/logo already tracked in partners data.
Инженерное оборудование,Пожарная безопасность,АПС,Пожарная сигнализация и СОУЭ,НВП Болид,НВП Болид,bolid,https://bolid.ru/production/,,,manual_review_needed,high,codex_fire_p0_vendor_fill_20260702,"Official logo from bolid.ru. Mapped only to fire alarm, security-fire alarm, SOUE and emergency notification groups."
Инженерное оборудование,Пожарная безопасность,АПС,Охранно-пожарная сигнализация и СОУЭ,Рубеж,Рубеж,rubezh,https://products.rubezh.ru/,,,manual_review_needed,high,codex_fire_p0_vendor_fill_20260702,"Official SVG logo from products.rubezh.ru. Mapped to security/fire alarm, SOUE and emergency notification groups."
Инженерное оборудование,Пожарная безопасность,АПС,Автоматическое пожаротушение,Спецавтоматика,Спецавтоматика,spetsavtomatika-biysk,https://sa-biysk.ru/,,,manual_review_needed,medium,codex_fire_p0_vendor_fill_20260702,Official logo from sa-biysk.ru. Mapped to automatic fire extinguishing product groups; broader fire systems need business confirmation.
Конструктив / силикатный кирпич,Конструктив / силикатный кирпич,Конструктив / силикатный кирпич,Конструктив / силикатный кирпич,ЧЗСК,ЧЗСК,chzsk,https://silicatbrick.ru/,,,manual_review_needed,high,partner_catalog_backfill_20260702,Backfilled from confirmed partner source for catalog vendor coverage; official site/logo already tracked in partners data.
Конструктивные решения,Бетонные конструкции,Топпинговый бетонный пол,Топпинговый бетонный пол,Элакор,Элакор,elakor,https://www.teohim.ru/,,,manual_review_needed,high,official_p2_remaining_groups_20260706,Official TeoHim/Elakor site title identifies industrial and concrete floors; page contains topping materials; logo extracted from official CSS data URI.
Конструктивные решения,Геосинтетические материалы,Геотекстиль,Геотекстиль,Комитекс,Комитекс,komitex,https://www.komitex.ru/,,,manual_review_needed,high,official_p2_remaining_groups_20260706,"Official site title identifies Komitex as producer of nonwoven materials and synthetic fibers; white official logo cropped from official sprite, visual check required on white cards."
Конструктивные решения,Древесно-плитные материалы,Древесно-плитные материалы,Мосбилд 2024,Creavit,Creavit,creavit,https://erkam.ru,,,manual_review_needed,high,supplier_import_20260630_official_site,"Prepared from supplier table. Sheet: Мосбилд 2024, row 46. Logo source: official site."
Конструктивные решения,Древесно-плитные материалы,Древесно-плитные материалы,Мосбилд 2024,SALINI,SALINI,salini,https://salini-srl.com,,,manual_review_needed,high,supplier_import_20260630_official_site,"Prepared from supplier table. Sheet: Мосбилд 2024, row 44. Logo source: official site."
Конструктивные решения,Древесно-плитные материалы,Древесно-плитные материалы,Фанера,Березник,Березник,bereznik,https://bereznik.com,,,manual_review_needed,high,supplier_import_20260630_official_site,"Prepared from supplier table. Sheet: Фанера, row 10. Logo source: official site."
Конструктивные решения,Древесно-плитные материалы,Древесно-плитные материалы,Фанера,Вятский ФК,Вятский ФК,vyatskiy-fk,https://segezha-group.com,,,manual_review_needed,high,supplier_import_20260630_official_site,"Prepared from supplier table. Sheet: Фанера, row 26. Logo source: official site."
Конструктивные решения,Древесно-плитные материалы,Древесно-плитные материалы,Фанера,Галичский ФК,Галичский ФК,galichskiy-fk,https://segezha-group.com,,,manual_review_needed,high,supplier_import_20260630_official_site,"Prepared from supplier table. Sheet: Фанера, row 27. Logo source: official site."
Конструктивные решения,Древесно-плитные материалы,Древесно-плитные материалы,Фанера,Гомельдрев,Гомельдрев,gomeldrev,https://gomeldrev.by,,,manual_review_needed,high,supplier_import_20260630_official_site,"Prepared from supplier table. Sheet: Фанера, row 107. Logo source: official site."
Конструктивные решения,Древесно-плитные материалы,Древесно-плитные материалы,Фанера,ДК Жуньда,ДК Жуньда,dk-zhunda,https://vsp-komplekt96.ru,,,manual_review_needed,high,supplier_import_20260630_official_site,"Prepared from supplier table. Sheet: Фанера, row 51. Logo source: official site."
Конструктивные решения,Древесно-плитные материалы,Древесно-плитные материалы,Фанера,Демидовский ФК,Демидовский ФК,demidovskiy-fk,https://demidovo.ru,,,manual_review_needed,high,supplier_import_20260630_official_site,"Prepared from supplier table. Sheet: Фанера, row 32. Logo source: official site."
Конструктивные решения,Древесно-плитные материалы,Древесно-плитные материалы,Фанера,Илим Тимбер,Илим Тимбер,ilim-timber,https://ilimtimber.com,,,manual_review_needed,high,supplier_import_20260630_official_site,"Prepared from supplier table. Sheet: Фанера, row 55. Logo source: official site."
Конструктивные решения,Древесно-плитные материалы,Древесно-плитные материалы,Фанера,ИнвестФорэст,ИнвестФорэст,investforest,https://if12.ru,,,manual_review_needed,high,supplier_import_20260630_official_site,"Prepared from supplier table. Sheet: Фанера, row 56. Logo source: official site."
Конструктивные решения,Древесно-плитные материалы,Древесно-плитные материалы,Мосбилд 2024,"Компания ""МаГрин""","Компания ""МаГрин""",kompaniya-magrin,https://magreen.ru,,,manual_review_needed,high,supplier_import_20260630_official_site,"Prepared from supplier table. Sheet: Мосбилд 2024, row 36. Logo source: official site."
Конструктивные решения,Древесно-плитные материалы,Древесно-плитные материалы,Фанера,Красфан,Красфан,krasfan,https://segezha-group.com,,,manual_review_needed,high,supplier_import_20260630_official_site,"Prepared from supplier table. Sheet: Фанера, row 19. Logo source: official site."
Конструктивные решения,Древесно-плитные материалы,Древесно-плитные материалы,Фанера,Кроноспан,Кроноспан,kronospan,https://ultradecor.com,,,manual_review_needed,high,supplier_import_20260630_official_site,"Prepared from supplier table. Sheet: Фанера, row 4. Logo source: official site."
Конструктивные решения,Древесно-плитные материалы,Древесно-плитные материалы,Фанера,ЛК Синергия,ЛК Синергия,lk-sinergiya,https://snerg.ru,,,manual_review_needed,high,supplier_import_20260630_official_site,Official header PNG selected instead of footer SVG for readable white-card rendering.
Конструктивные решения,Древесно-плитные материалы,Древесно-плитные материалы,Фанера,Лес Хороший,Лес Хороший,les-horoshiy,https://les71.ru,,,manual_review_needed,high,supplier_import_20260630_official_site,"Prepared from supplier table. Sheet: Фанера, row 72. Logo source: official site."
Конструктивные решения,Древесно-плитные материалы,Древесно-плитные материалы,Фанера,Мостодрев,Мостодрев,mostodrev,https://mostovdrev.by,,,manual_review_needed,high,supplier_import_20260630_official_site,"Prepared from supplier table. Sheet: Фанера, row 103. Logo source: official site."
Конструктивные решения,Древесно-плитные материалы,Древесно-плитные материалы,Фанера,Налидовский ДОК,Налидовский ДОК,nalidovskiy-dok,https://neldok.ru,,,manual_review_needed,high,supplier_import_20260630_official_site,"Prepared from supplier table. Sheet: Фанера, row 20. Logo source: official site."
Конструктивные решения,Древесно-плитные материалы,Древесно-плитные материалы,Мосбилд 2024,Нижегородский опытно-экспериментальный завод,Нижегородский опытно-экспериментальный завод,nizhegorodskiy-opytno-eksperimentalnyy-zavod,https://noez-zavod.ru,,,manual_review_needed,high,supplier_import_20260630_official_site,"Prepared from supplier table. Sheet: Мосбилд 2024, row 64. Logo source: official site."
Конструктивные решения,Древесно-плитные материалы,Древесно-плитные материалы,Фанера,Никольский ДОК,Никольский ДОК,nikolskiy-dok,https://nikdok.ru,,,manual_review_needed,high,supplier_import_20260630_official_site,"Prepared from supplier table. Sheet: Фанера, row 73. Logo source: official site."
Конструктивные решения,Древесно-плитные материалы,Древесно-плитные материалы,Фанера,Нововятский ЛК,Нововятский ЛК,novovyatskiy-lk,https://nlk.ru,,,manual_review_needed,high,supplier_import_20260630_official_site,"Prepared from supplier table. Sheet: Фанера, row 74. Logo source: official site."
Конструктивные решения,Древесно-плитные материалы,Древесно-плитные материалы,Фанера,Новый ресурс,Новый ресурс,novyy-resurs,https://fanerakovrov.ru,,,manual_review_needed,high,supplier_import_20260630_official_site,"Prepared from supplier table. Sheet: Фанера, row 34. Logo source: official site."
Конструктивные решения,Древесно-плитные материалы,Древесно-плитные материалы,Фанера,Нордплит,Нордплит,nordplit,https://rosplit.ru,,,manual_review_needed,high,supplier_import_20260630_official_site,"Prepared from supplier table. Sheet: Фанера, row 76. Logo source: official site."
Конструктивные решения,Древесно-плитные материалы,Древесно-плитные материалы,Мосбилд 2024,"ООО ""АЛЬФАПОЛ""","ООО ""АЛЬФАПОЛ""",ooo-alfapol,https://alfapol.ru,,,manual_review_needed,high,supplier_import_20260630_official_site,"Prepared from supplier table. Sheet: Мосбилд 2024, row 35. Logo source: official site."
Конструктивные решения,Древесно-плитные материалы,Древесно-плитные материалы,Мосбилд 2024,"ООО ""Бронотекс""","ООО ""Бронотекс""",ooo-bronoteks,https://bronotex.ru,,,manual_review_needed,high,supplier_import_20260630_official_site,"Prepared from supplier table. Sheet: Мосбилд 2024, row 65. Logo source: official site."
Конструктивные решения,Древесно-плитные материалы,Древесно-плитные материалы,завод ЦСП,"ООО ""КАМИ-ГРУПП""","ООО ""КАМИ-ГРУПП""",ooo-kami-grupp,https://stanki.ru,,,manual_review_needed,high,supplier_import_20260630_official_site,"Prepared from supplier table. Sheet: завод ЦСП, row 2. Logo source: official site."
Конструктивные решения,Древесно-плитные материалы,Древесно-плитные материалы,Мосбилд 2024,"ООО ""СЭСТ-ЛЮВЭ""","ООО ""СЭСТ-ЛЮВЭ""",ooo-sest-lyuve,https://luvegroup.com,,,manual_review_needed,high,supplier_import_20260630_official_site,"Prepared from supplier table. Sheet: Мосбилд 2024, row 74. Logo source: official site."
Конструктивные решения,Древесно-плитные материалы,Древесно-плитные материалы,Мосбилд 2024,"ООО ""Феррони""","ООО ""Феррони""",ooo-ferroni,https://ferroni-doors.ru,,,manual_review_needed,high,supplier_import_20260630_official_site,"Prepared from supplier table. Sheet: Мосбилд 2024, row 72. Logo source: official site."
Конструктивные решения,Древесно-плитные материалы,Древесно-плитные материалы,Мосбилд 2024,ООО «АФК Лидер»,ООО «АФК Лидер»,ooo-afk-lider,https://afkleader.ru,,,manual_review_needed,high,supplier_import_20260630_official_site,"Prepared from supplier table. Sheet: Мосбилд 2024, row 107. Logo source: official site."
Конструктивные решения,Древесно-плитные материалы,Древесно-плитные материалы,Мосбилд 2024,ООО «Изомакс Рус»,ООО «Изомакс Рус»,ooo-izomaks-rus,https://isomaxrus.ru,,,manual_review_needed,high,supplier_import_20260630_official_site,"Prepared from supplier table. Sheet: Мосбилд 2024, row 2. Logo source: official site."
Конструктивные решения,Древесно-плитные материалы,Древесно-плитные материалы,Мосбилд 2024,ООО «ПФ Хаммер»,ООО «ПФ Хаммер»,ooo-pf-hammer,https://xammer-luki.ru,,,manual_review_needed,high,supplier_import_20260630_official_site,"Prepared from supplier table. Sheet: Мосбилд 2024, row 23. Logo source: official site."
Конструктивные решения,Древесно-плитные материалы,Древесно-плитные материалы,Мосбилд 2024,ООО «ТД «РусКомпозит»,ООО «ТД «РусКомпозит»,ooo-td-ruskompozit,https://t-decks.ru,,,manual_review_needed,high,supplier_import_20260630_official_site,"Prepared from supplier table. Sheet: Мосбилд 2024, row 13. Logo source: official site."
Конструктивные решения,Древесно-плитные материалы,Древесно-плитные материалы,Мосбилд 2025,ООО Век,ООО Век,ooo-vek,https://plast-vek.ru,,,manual_review_needed,high,supplier_import_20260630_official_site,"Prepared from supplier table. Sheet: Мосбилд 2025, row 12. Logo source: official site."
Конструктивные решения,Древесно-плитные материалы,Древесно-плитные материалы,Мосбилд 2024,ООО Невидимые решетки,ООО Невидимые решетки,ooo-nevidimye-reshetki,https://invisiline.ru,,,manual_review_needed,high,supplier_import_20260630_official_site,"Prepared from supplier table. Sheet: Мосбилд 2024, row 30. Logo source: official site."
Конструктивные решения,Древесно-плитные материалы,Древесно-плитные материалы,Мосбилд 2025,ООО Техносервис,ООО Техносервис,ooo-tehnoservis,https://www.selecta.ru/,,,manual_review_needed,high,supplier_import_20260630_official_site,"Prepared from supplier table. Sheet: Мосбилд 2025, row 47. Logo source: official site."
Конструктивные решения,Древесно-плитные материалы,Древесно-плитные материалы,Мосбилд 2025,ООО ФАБРИКА ЛЕСТНИЦ ЭЙФЕЛЬ,ООО ФАБРИКА ЛЕСТНИЦ ЭЙФЕЛЬ,ooo-fabrika-lestnits-eyfel,https://fabrika-lestnic.ru,,,manual_review_needed,high,supplier_import_20260630_official_site,"Prepared from supplier table. Sheet: Мосбилд 2025, row 9. Logo source: official site."
Конструктивные решения,Древесно-плитные материалы,Древесно-плитные материалы,Древесно плитные,Пешелань,Пешелань,peshelan,https://pgz-dekor.ru,,,manual_review_needed,high,supplier_import_20260630_official_site,"Prepared from supplier table. Sheet: Древесно плитные , row 9. Logo source: official site."
Конструктивные решения,Древесно-плитные материалы,Древесно-плитные материалы,Фанера,Свеза_Манутрово,Свеза_Манутрово,sveza-manutrovo,https://sveza.com,,,manual_review_needed,high,supplier_import_20260630_official_site,"Prepared from supplier table. Sheet: Фанера, row 80. Logo source: official site."
Конструктивные решения,Древесно-плитные материалы,Древесно-плитные материалы,Фанера,Смоленский ДОК,Смоленский ДОК,smolenskiy-dok,https://smoldok.ru,,,manual_review_needed,high,supplier_import_20260630_official_site,"Prepared from supplier table. Sheet: Фанера, row 14. Logo source: official site."
Конструктивные решения,Древесно-плитные материалы,Древесно-плитные материалы,Фанера,Старвуд,Старвуд,starvud,https://starwoodnn.com,,,manual_review_needed,high,supplier_import_20260630_official_site,"Prepared from supplier table. Sheet: Фанера, row 37. Logo source: official site."
Конструктивные решения,Древесно-плитные материалы,Древесно-плитные материалы,Мосбилд 2024,Старопетровское,Старопетровское,staropetrovskoe,https://kcstaro.ru,,,manual_review_needed,high,supplier_import_20260630_official_site,"Prepared from supplier table. Sheet: Мосбилд 2024, row 66. Logo source: official site."
Конструктивные решения,Древесно-плитные материалы,Древесно-плитные материалы,Фанера,Сыктывкар ФК,Сыктывкар ФК,syktyvkar-fk,https://syply.ru,,,manual_review_needed,high,supplier_import_20260630_official_site,"Prepared from supplier table. Sheet: Фанера, row 70. Logo source: official site."
Конструктивные решения,Древесно-плитные материалы,Древесно-плитные материалы,Мосбилд 2024,"ТПК ""Татполимер""","ТПК ""Татполимер""",tpk-tatpolimer,https://tatpolimer.ru,,,manual_review_needed,high,supplier_import_20260630_official_site,"Prepared from supplier table. Sheet: Мосбилд 2024, row 28. Logo source: official site."
Конструктивные решения,Древесно-плитные материалы,Древесно-плитные материалы,Мосбилд 2024,"Торговый Дом ""МИСТИ""","Торговый Дом ""МИСТИ""",torgovyy-dom-misti,https://mistytd.ru,,,manual_review_needed,high,supplier_import_20260630_official_site,"Prepared from supplier table. Sheet: Мосбилд 2024, row 78. Logo source: official site."
Конструктивные решения,Древесно-плитные материалы,Древесно-плитные материалы,ОСБ,Уральский завод ОСБ,Уральский завод ОСБ,uralskiy-zavod-osb,https://uralosb.ru,,,manual_review_needed,high,supplier_import_20260630_official_site,"Prepared from supplier table. Sheet: ОСБ , row 6. Logo source: official site."
Конструктивные решения,Древесно-плитные материалы,Древесно-плитные материалы,Фанера,Фанпром,Фанпром,fanprom,https://starwoodnn.com,,,manual_review_needed,high,supplier_import_20260630_official_site,"Prepared from supplier table. Sheet: Фанера, row 95. Logo source: official site."
Конструктивные решения,Древесно-плитные материалы,Древесно-плитные материалы,Мосбилд 2024,"Холдинг ""Герметик Центр""","Холдинг ""Герметик Центр""",holding-germetik-tsentr,https://mastersil.ru,,,manual_review_needed,high,supplier_import_20260630_official_site,"Prepared from supplier table. Sheet: Мосбилд 2024, row 20. Logo source: official site."
Конструктивные решения,Древесно-плитные материалы,Древесно-плитные материалы,Фанера,Холм-Жирковский,Холм-Жирковский,holm-zhirkovskiy,https://smolenskfanera.ru,,,manual_review_needed,high,supplier_import_20260630_official_site,"Prepared from supplier table. Sheet: Фанера, row 8. Logo source: official site."
Конструктивные решения,Древесно-плитные материалы,Древесно-плитные материалы,Фанера,ЧФМК,ЧФМК,chfmk,https://cfmk.ru,,,manual_review_needed,high,supplier_import_20260630_official_site,"Prepared from supplier table. Sheet: Фанера, row 25. Logo source: official site."
Конструктивные решения,Инертные и сыпучие материалы,Щебень,Щебень,ННК,ННК,nnk,https://nnk.ru/,,,manual_review_needed,medium,official_p2_remaining_groups_20260706,Official NNK site uses an inline SVG symbol logo in its JS bundle; supplier/product relation to crushed stone was checked from the official site menu/source and remains medium confidence until procurement confirms exact plants.
Конструктивные решения,Конструктивные решения,Конструктивные решения,Металл,Cybersteel,Cybersteel,cybersteel,https://cybersteel.com,,,manual_review_needed,high,supplier_import_20260630_official_site,"Prepared from supplier table. Sheet: Металл, row 88. Logo source: official site."
Конструктивные решения,Конструктивные решения,Конструктивные решения,Блоки,INSTKULT,INSTKULT,instkult,https://istkult.ru,,,manual_review_needed,high,supplier_import_20260630_official_site,"Official logotype PNG, supplier table row contained contacts URL in the company name, normalized to brand name."
Конструктивные решения,Конструктивные решения,Конструктивные решения,Металл,Marcegaglia,Marcegaglia,marcegaglia,https://marcegaglia.com,,,manual_review_needed,high,supplier_import_20260630_official_site,"Prepared from supplier table. Sheet: Металл, row 117. Logo source: official site."
Конструктивные решения,Конструктивные решения,Конструктивные решения,Блоки,АЛЬФАТЕКС ООО,АЛЬФАТЕКС ООО,alfateks-ooo,https://alfa-teks.ru,,,manual_review_needed,high,supplier_import_20260630_official_site,"Prepared from supplier table. Sheet: Блоки , row 5. Logo source: official site."
Конструктивные решения,Конструктивные решения,Конструктивные решения,металлоконструкции и изделия,АНТ-ИНЖИНИРИНГ ООО,АНТ-ИНЖИНИРИНГ ООО,ant-inzhiniring-ooo,https://ant-prom.ru,,,manual_review_needed,high,supplier_import_20260630_official_site,"Prepared from supplier table. Sheet: металлоконструкции и изделия , row 18. Logo source: official site."
Конструктивные решения,Конструктивные решения,Конструктивные решения,Металл,"АО ""Алюминий Металлург Рус""","АО ""Алюминий Металлург Рус""",ao-alyuminiy-metallurg-rus,https://amrbk.ru,,,manual_review_needed,high,supplier_import_20260630_official_site,"Prepared from supplier table. Sheet: Металл, row 119. Logo source: official site."
Конструктивные решения,Конструктивные решения,Конструктивные решения,СВаи,"АО ""Завод промстройдеталей""","АО ""Завод промстройдеталей""",ao-zavod-promstroydetaley,https://zavodpsd.ru,,,manual_review_needed,high,supplier_import_20260630_official_site,"Prepared from supplier table. Sheet: СВаи , row 5. Logo source: official site."
Конструктивные решения,Конструктивные решения,Конструктивные решения,Металл,Ашинский металлугрический завод,Ашинский металлугрический завод,ashinskiy-metallugricheskiy-zavod,https://amet.ru,,,manual_review_needed,high,supplier_import_20260630_official_site,"Prepared from supplier table. Sheet: Металл, row 81. Logo source: official site."
Конструктивные решения,Конструктивные решения,Конструктивные решения,Кирпич,"Белкерамик, г. Белгород","Белкерамик, г. Белгород",belkeramik-g-belgorod,https://bel-keram.ru,,,manual_review_needed,high,supplier_import_20260630_official_site,"Prepared from supplier table. Sheet: Кирпич , row 53. Logo source: official site."
Конструктивные решения,Конструктивные решения,Конструктивные решения,СВаи,ГК Монолит Сервис - Производство ЖБИ,ГК Монолит Сервис - Производство ЖБИ,gk-monolit-servis-proizvodstvo-zhbi,https://pkf-st.ru,,,manual_review_needed,high,supplier_import_20260630_official_site,"Prepared from supplier table. Sheet: СВаи , row 6. Logo source: official site."
Конструктивные решения,Конструктивные решения,Конструктивные решения,Металл,ГЛАВТЕХКОНСТРУКЦИЯ,ГЛАВТЕХКОНСТРУКЦИЯ,glavtehkonstruktsiya,https://glavtk.ru,,,manual_review_needed,high,supplier_import_20260630_official_site,"Prepared from supplier table. Sheet: Металл, row 166. Logo source: official site."
Конструктивные решения,Конструктивные решения,Конструктивные решения,Опалубка Балка,Дмитровский Завод Строительной Опалубки,Дмитровский Завод Строительной Опалубки,dmitrovskiy-zavod-stroitelnoy-opalubki,https://dzsl.ru,,,manual_review_needed,high,supplier_import_20260630_official_site,"Prepared from supplier table. Sheet: Опалубка Балка, row 53. Logo source: official site."
Конструктивные решения,Конструктивные решения,Конструктивные решения,металлоконструкции и изделия,Завод Дорожных Конструкций «Соламир»,Завод Дорожных Конструкций «Соламир»,zavod-dorozhnyh-konstruktsiy-solamir,https://solamir.ru,,,manual_review_needed,high,supplier_import_20260630_official_site,"Prepared from supplier table. Sheet: металлоконструкции и изделия , row 38. Logo source: official site."
Конструктивные решения,Конструктивные решения,Конструктивные решения,Металл,КМК ТЭМПО АО,КМК ТЭМПО АО,kmk-tempo-ao,https://kmk-tempo.ru,,,manual_review_needed,high,supplier_import_20260630_official_site,"Prepared from supplier table. Sheet: Металл, row 2. Logo source: official site."
Конструктивные решения,Конструктивные решения,Конструктивные решения,Блоки,КСЗ АО,КСЗ АО,ksz-ao,https://silikat.ru,,,manual_review_needed,high,supplier_import_20260630_official_site,"Prepared from supplier table. Sheet: Блоки , row 6. Logo source: official site."
Конструктивные решения,Конструктивные решения,Конструктивные решения,Металл,КУЗОЦМ,КУЗОЦМ,kuzotsm,https://kuzocm.ru,,,manual_review_needed,high,supplier_import_20260630_official_site,"Official SVG, readable site-card variant uses black lettering on white cards."
Конструктивные решения,Конструктивные решения,Конструктивные решения,Композитная арматура,Курский Завод Композитных Материалов,Курский Завод Композитных Материалов,kurskiy-zavod-kompozitnyh-materialov,https://kzkm.org,,,manual_review_needed,high,supplier_import_20260630_official_site,"Prepared from supplier table. Sheet: Композитная арматура , row 4. Logo source: official site."
Конструктивные решения,Конструктивные решения,Конструктивные решения,Опалубка Балка,МОНОЛИТКОМПЛЕКТ-ИНВЕСТ,МОНОЛИТКОМПЛЕКТ-ИНВЕСТ,monolitkomplekt-invest,https://opalubka.by,,,manual_review_needed,high,supplier_import_20260630_official_site,"Prepared from supplier table. Sheet: Опалубка Балка, row 63. Logo source: official site."
Конструктивные решения,Конструктивные решения,Конструктивные решения,Все для кровли,Металл Профиль,Металл Профиль,metall-profil,https://metallprofil.ru,,,manual_review_needed,high,supplier_import_20260630_official_site,"Prepared from supplier table. Sheet: Все для кровли , row 30. Logo source: official site."
Конструктивные решения,Конструктивные решения,Конструктивные решения,МЕталлокасеты,Метстальгрупп,Метстальгрупп,metstalgrupp,https://metstal.ru,,,manual_review_needed,high,supplier_import_20260630_official_site,"Prepared from supplier table. Sheet: МЕталлокасеты , row 5. Logo source: official site."
Конструктивные решения,Конструктивные решения,Конструктивные решения,Металл,Метчив,Метчив,metchiv,https://tdmchel.ru,,,manual_review_needed,high,supplier_import_20260630_official_site,"Prepared from supplier table. Sheet: Металл, row 121. Logo source: official site."
Конструктивные решения,Конструктивные решения,Конструктивные решения,ЖБИ,Монолит-сервис,Монолит-сервис,monolit-servis,https://pkf-st.ru,,,manual_review_needed,high,supplier_import_20260630_official_site,"Prepared from supplier table. Sheet: ЖБИ, row 13. Logo source: official site."
Конструктивные решения,Конструктивные решения,Конструктивные решения,Металл,НИЖНЕТАГИЛЬСКИЙ ТРУБНЫЙ ЗАВОД МЕТАЛЛИНВЕСТ,НИЖНЕТАГИЛЬСКИЙ ТРУБНЫЙ ЗАВОД МЕТАЛЛИНВЕСТ,nizhnetagilskiy-trubnyy-zavod-metallinvest,https://tagil-steel.ru,,,manual_review_needed,high,supplier_import_20260630_official_site,"Prepared from supplier table. Sheet: Металл, row 93. Logo source: official site."
Конструктивные решения,Конструктивные решения,Конструктивные решения,Металл,НОВОРОССИЙСКИЙ ПРОКАТНЫЙ ЗАВОД ООО,НОВОРОССИЙСКИЙ ПРОКАТНЫЙ ЗАВОД ООО,novorossiyskiy-prokatnyy-zavod-ooo,https://ooonpz.ru,,,manual_review_needed,high,supplier_import_20260630_official_site,"Prepared from supplier table. Sheet: Металл, row 37. Logo source: official site."
Конструктивные решения,Конструктивные решения,Конструктивные решения,Металл,НТПЗ ООО,НТПЗ ООО,ntpz-ooo,https://ntpz.ru,,,manual_review_needed,high,supplier_import_20260630_official_site,"Prepared from supplier table. Sheet: Металл, row 11. Logo source: official site."
Конструктивные решения,Конструктивные решения,Конструктивные решения,ЖБИ,"ОАО ""Гомельжелезобетон""","ОАО ""Гомельжелезобетон""",oao-gomelzhelezobeton,https://gomelbeton.by,,,manual_review_needed,high,supplier_import_20260630_official_site,"Prepared from supplier table. Sheet: ЖБИ, row 22. Logo source: official site."
Конструктивные решения,Конструктивные решения,Конструктивные решения,Цемент,"ООО ""Магнитогорский цементно-огнеупорный завод""","ООО ""Магнитогорский цементно-огнеупорный завод""",ooo-magnitogorskiy-tsementno-ogneupornyy-zavod,https://mcoz.mmk.ru,,,manual_review_needed,high,supplier_import_20260630_official_site,"Prepared from supplier table. Sheet: Цемент , row 9. Logo source: official site."
Конструктивные решения,Конструктивные решения,Конструктивные решения,СВАИ ЖБИ,"ООО ""Монолит-сервис""","ООО ""Монолит-сервис""",ooo-monolit-servis,https://pkf-st.ru,,,manual_review_needed,high,supplier_import_20260630_official_site,"Prepared from supplier table. Sheet: СВАИ ЖБИ, row 4. Logo source: official site."
Конструктивные решения,Конструктивные решения,Конструктивные решения,керамзит блоки,ООО «Алексинский керамзитовый завод»,ООО «Алексинский керамзитовый завод»,ooo-aleksinskiy-keramzitovyy-zavod,https://keramzit-aleksin.ru,,,manual_review_needed,high,supplier_import_20260630_official_site,"Prepared from supplier table. Sheet: керамзит блоки, row 11. Logo source: official site."
Конструктивные решения,Конструктивные решения,Конструктивные решения,Хризотилцементные листы,ООО «Уральский асбоцементный завод»,ООО «Уральский асбоцементный завод»,ooo-uralskiy-asbotsementnyy-zavod,https://www.uralasbest.ru/,,,manual_review_needed,high,supplier_import_20260630_official_site,"Prepared from supplier table. Sheet: Хризотилцементные листы, row 7. Logo source: official site."
Конструктивные решения,Конструктивные решения,Конструктивные решения,Опалубка Балка,ООО «Уровень»,ООО «Уровень»,ooo-uroven,https://opalubkavspb.ru,,,manual_review_needed,high,supplier_import_20260630_official_site,"Prepared from supplier table. Sheet: Опалубка Балка, row 14. Logo source: official site."
Конструктивные решения,Конструктивные решения,Конструктивные решения,Сендвич панели,ООО ЗАВОД «МРС,ООО ЗАВОД «МРС,ooo-zavod-mrs,https://mrs48.ru,,,manual_review_needed,high,supplier_import_20260630_official_site,"Prepared from supplier table. Sheet: Сендвич панели , row 20. Logo source: official site."
Конструктивные решения,Конструктивные решения,Конструктивные решения,ЖБИ,ООО Сафоновский завод жби,ООО Сафоновский завод жби,ooo-safonovskiy-zavod-zhbi,https://szgbi.ru,,,manual_review_needed,high,supplier_import_20260630_official_site,"Prepared from supplier table. Sheet: ЖБИ, row 5. Logo source: official site."
Конструктивные решения,Конструктивные решения,Конструктивные решения,СВаи,ООО ТД БЕРОТЕК,ООО ТД БЕРОТЕК,ooo-td-berotek,https://plitapb.ru,,,manual_review_needed,high,supplier_import_20260630_official_site,"Prepared from supplier table. Sheet: СВаи , row 4. Logo source: official site."
Конструктивные решения,Конструктивные решения,Конструктивные решения,Металл,ООО “РМИ-Сталь”,ООО “РМИ-Сталь”,ooo-rmi-stal,https://akron-holding.ru,,,manual_review_needed,high,supplier_import_20260630_official_site,"Prepared from supplier table. Sheet: Металл, row 118. Logo source: official site."
Конструктивные решения,Конструктивные решения,Конструктивные решения,Металл,ООО”УМК”,ООО”УМК”,ooo-umk,https://uralmetalcompany.ru,,,manual_review_needed,high,supplier_import_20260630_official_site,"Prepared from supplier table. Sheet: Металл, row 129. Logo source: official site."
Конструктивные решения,Конструктивные решения,Конструктивные решения,ЖБИ,Очаковский завод ЖБИ,Очаковский завод ЖБИ,ochakovskiy-zavod-zhbi,https://okgbi.ru,,,manual_review_needed,high,supplier_import_20260630_official_site,"Prepared from supplier table. Sheet: ЖБИ, row 12. Logo source: official site."
Конструктивные решения,Конструктивные решения,Конструктивные решения,Металл,ПО НВТЗ ООО,ПО НВТЗ ООО,po-nvtz-ooo,https://ponvtz.ru,,,manual_review_needed,high,supplier_import_20260630_official_site,"Prepared from supplier table. Sheet: Металл, row 52. Logo source: official site."
Конструктивные решения,Конструктивные решения,Конструктивные решения,Металл,Петросталь,Петросталь,petrostal,https://mpstal.ru,,,manual_review_needed,high,supplier_import_20260630_official_site,"Prepared from supplier table. Sheet: Металл, row 72. Logo source: official site."
Конструктивные решения,Конструктивные решения,Конструктивные решения,ЖБИ,Производственная Компания «ЖБИ 50»,Производственная Компания «ЖБИ 50»,proizvodstvennaya-kompaniya-zhbi-50,https://zhbi50.ru,,,manual_review_needed,high,supplier_import_20260630_official_site,"Prepared from supplier table. Sheet: ЖБИ, row 16. Logo source: official site."
Конструктивные решения,Конструктивные решения,Конструктивные решения,Металл,Ростовский электрометаллургический завод,Ростовский электрометаллургический завод,rostovskiy-elektrometallurgicheskiy-zavod,https://remzltd.com,,,manual_review_needed,high,supplier_import_20260630_official_site,"Prepared from supplier table. Sheet: Металл, row 71. Logo source: official site."
Конструктивные решения,Конструктивные решения,Конструктивные решения,Металл,Русские Шпунтовые Стены,Русские Шпунтовые Стены,russkie-shpuntovye-steny,https://profilgroup.ru,,,manual_review_needed,high,supplier_import_20260630_official_site,"Prepared from supplier table. Sheet: Металл, row 75. Logo source: official site."
Конструктивные решения,Конструктивные решения,Конструктивные решения,металлоконструкции и изделия,СЕАФ-ТЕРМА ООО,СЕАФ-ТЕРМА ООО,seaf-terma-ooo,https://gostmetal.ru,,,manual_review_needed,high,supplier_import_20260630_official_site,"Prepared from supplier table. Sheet: металлоконструкции и изделия , row 19. Logo source: official site."
Конструктивные решения,Конструктивные решения,Конструктивные решения,Металл,СЕВЕРСТАЛЬ ПАО,СЕВЕРСТАЛЬ ПАО,severstal-pao,https://severstal.com,,,manual_review_needed,high,supplier_import_20260630_official_site,"Prepared from supplier table. Sheet: Металл, row 57. Logo source: official site."
Конструктивные решения,Конструктивные решения,Конструктивные решения,металлоконструкции и изделия,СПЕКТРОМ ООО,СПЕКТРОМ ООО,spektrom-ooo,https://spectrom.ru,,,manual_review_needed,high,supplier_import_20260630_official_site,"Prepared from supplier table. Sheet: металлоконструкции и изделия , row 13. Logo source: official site."
Конструктивные решения,Конструктивные решения,Конструктивные решения,Металл,СТАЛЬИМЭКС ТД ООО,СТАЛЬИМЭКС ТД ООО,stalimeks-td-ooo,https://www.stalimex.ru,,,manual_review_needed,high,supplier_import_20260630_official_site,"Prepared from supplier table. Sheet: Металл, row 49. Logo source: official site."
Конструктивные решения,Конструктивные решения,Конструктивные решения,керамзит блоки,Серпуховский керамзитовый завод (СКЗ),Серпуховский керамзитовый завод (СКЗ),serpuhovskiy-keramzitovyy-zavod-skz,https://keramzit-serpuhov.ru,,,manual_review_needed,high,supplier_import_20260630_official_site,"Prepared from supplier table. Sheet: керамзит блоки, row 12. Logo source: official site."
Конструктивные решения,Конструктивные решения,Конструктивные решения,керамзит блоки,"Тульский кирпичный завод ""Победа""","Тульский кирпичный завод ""Победа""",tulskiy-kirpichnyy-zavod-pobeda,https://tula-tkz.ru,,,manual_review_needed,high,supplier_import_20260630_official_site,"Prepared from supplier table. Sheet: керамзит блоки, row 2. Logo source: official site."
Конструктивные решения,Конструктивные решения,Конструктивные решения,ЖБИ,Штарком,Штарком,shtarkom,https://www.obeton.ru,,,manual_review_needed,high,supplier_import_20260630_official_site,"Prepared from supplier table. Sheet: ЖБИ, row 23. Logo source: official site."
Конструктивные решения,Конструктивные решения,Конструктивные решения,МЕталлокасеты,ЭлитФасад,ЭлитФасад,elitfasad,https://elitfasad.ru,,,manual_review_needed,high,supplier_import_20260630_official_site,"Prepared from supplier table. Sheet: МЕталлокасеты , row 32. Logo source: official site."
Конструктивные решения,Крепеж,Крепеж,Крепеж,TECH-KREP,TECH-KREP,tech-krep,https://tech-krep.com/,,,manual_review_needed,high,official_p2_remaining_groups_20260706,"Official site title identifies chemical anchors, dowels and fastening systems; logo from official template asset."
Конструктивные решения,Стены,Стены,Кирпич,АО «Воскресенский кирпичный завод»,"АО ""Воскресенский кирпичный завод""",ao-voskresenskiy-kirpichnyy-zavod,https://www.xn--80adbicaohaajcgcc8bghpnmimdc8nne.xn--p1ai/,,,manual_review_needed,high,user_confirmed_list,PNG logo from official site header with matching alt text.
Конструктивные решения,Стены,Стены,Кирпич,АО «Железногорский кирпичный завод»,"АО ""Железногорский кирпичный завод""",ao-zheleznogorskiy-kirpichnyy-zavod,,,,manual_review_needed,medium,user_confirmed_list,Site candidate needs manual confirmation. No trustworthy logo source used.
Конструктивные решения,Стены,Стены,Кирпич,АО «Керамика» / Ломинцевский кирпичный завод,"АО ""Керамика"" / Ломинцевский кирпичный завод",ao-keramika-lomintsevskiy-kirpichnyy-zavod,https://lomincevo.ru/,,,manual_review_needed,high,user_confirmed_list,SVG logo from official site header.
Конструктивные решения,Стены,Стены,Кирпич,АО «Новомосковский завод керамических материалов»,"АО ""Новомосковский завод керамических материалов""",ao-novomoskovskiy-zavod-keramicheskih-materialov,,,,confirmed_by_user,high,user_confirmed_list,Поставщик кирпича и стеновых материалов
Конструктивные решения,Стены,Стены,Кирпич,АО «Норский керамический завод»,"АО ""Норский керамический завод""",ao-norskiy-keramicheskiy-zavod,,,,confirmed_by_user,high,user_confirmed_list,Поставщик кирпича и стеновых материалов
Конструктивные решения,Стены,Стены,Кирпич,АО «Рязанский кирпичный завод»,"АО ""Рязанский кирпичный завод""",ao-ryazanskiy-kirpichnyy-zavod,,,,confirmed_by_user,high,user_confirmed_list,Поставщик кирпича и стеновых материалов
Конструктивные решения,Стены,Стены,Кирпич,АО «Силикат»,"АО ""Силикат""",ao-silikat,https://oaosilikat.ru/,,,manual_review_needed,high,user_confirmed_list,PNG logo from official site header.
Конструктивные решения,Стены,Стены,Кирпич,АО «Славянский кирпич»,"АО ""Славянский кирпич""",ao-slavyanskiy-kirpich,,,,confirmed_by_user,high,user_confirmed_list,Поставщик кирпича и стеновых материалов
Конструктивные решения,Стены,Стены,Кирпич,АО «Тульский кирпичный завод» / Тульский кирпичный завод №1,"АО ""Тульский кирпичный завод"" / Тульский кирпичный завод №1",ao-tulskiy-kirpichnyy-zavod-tulskiy-kirpichnyy-zavod-1,,,,confirmed_by_user,high,user_confirmed_list,Поставщик кирпича и стеновых материалов
Конструктивные решения,Стены,Стены,Кирпич,Белкерамик / Белгородская керамика,Белкерамик / Белгородская керамика,belkeramik-belgorodskaya-keramika,,,,confirmed_by_user,high,user_confirmed_list,Поставщик кирпича и стеновых материалов
Конструктивные решения,Стены,Стены,Кирпич,Группа компаний «Терех»,"Группа компаний ""Терех""",gruppa-kompaniy-tereh,,,,confirmed_by_user,high,user_confirmed_list,Поставщик кирпича и стеновых материалов
Конструктивные решения,Стены,Стены,Кирпич,ЗАО «Могилёвский комбинат силикатных изделий»,"ЗАО ""Могилёвский комбинат силикатных изделий""",zao-mogilevskiy-kombinat-silikatnyh-izdeliy,,,,confirmed_by_user,high,user_confirmed_list,Поставщик кирпича и стеновых материалов
Конструктивные решения,Стены,Стены,Кирпич,Завод «РИМХЕН»,"Завод ""РИМХЕН""",zavod-rimhen,,,,confirmed_by_user,high,user_confirmed_list,Поставщик кирпича и стеновых материалов
Конструктивные решения,Стены,Стены,Кирпич,Завод керамзитового гравия г. Новолукомль,Завод керамзитового гравия г. Новолукомль,zavod-keramzitovogo-graviya-g-novolukoml,,,,confirmed_by_user,high,user_confirmed_list,Поставщик кирпича и стеновых материалов
Конструктивные решения,Стены,Стены,Кирпич,Каширский кирпичный завод,Каширский кирпичный завод,kashirskiy-kirpichnyy-zavod,,,,confirmed_by_user,high,user_confirmed_list,Поставщик кирпича и стеновых материалов
Конструктивные решения,Стены,Стены,Кирпич,Кирпичный завод «Клим Клинкер»,"Кирпичный завод ""Клим Клинкер""",kirpichnyy-zavod-klim-klinker,,,,confirmed_by_user,high,user_confirmed_list,Поставщик кирпича и стеновых материалов
Конструктивные решения,Стены,Стены,Кирпич,Коломенский кирпичный завод,Коломенский кирпичный завод,kolomenskiy-kirpichnyy-zavod,,,,confirmed_by_user,high,user_confirmed_list,Поставщик кирпича и стеновых материалов
Конструктивные решения,Стены,Стены,Кирпич,Краснополянский кирпичный завод,Краснополянский кирпичный завод,krasnopolyanskiy-kirpichnyy-zavod,,,,confirmed_by_user,high,user_confirmed_list,Поставщик кирпича и стеновых материалов
Конструктивные решения,Стены,Стены,Кирпич,ЛСР / ЛСР. Стеновые,ЛСР / ЛСР. Стеновые,lsr-lsr-stenovye,,,,confirmed_by_user,high,user_confirmed_list,Поставщик кирпича и стеновых материалов
Конструктивные решения,Стены,Стены,Кирпич,Минский керамический завод ОАО «Керамин»,"Минский керамический завод ОАО ""Керамин""",minskiy-keramicheskiy-zavod-oao-keramin,,,,confirmed_by_user,high,user_confirmed_list,Поставщик кирпича и стеновых материалов
Конструктивные решения,Стены,Стены,Кирпич,ОАО «Брестский комбинат строительных материалов»,"ОАО ""Брестский комбинат строительных материалов""",oao-brestskiy-kombinat-stroitelnyh-materialov,,,,confirmed_by_user,high,user_confirmed_list,Поставщик кирпича и стеновых материалов
Конструктивные решения,Стены,Стены,Кирпич,ОАО «Гжельский кирпичный завод»,"ОАО ""Гжельский кирпичный завод""",oao-gzhelskiy-kirpichnyy-zavod,,,,confirmed_by_user,high,user_confirmed_list,Поставщик кирпича и стеновых материалов
Конструктивные решения,Стены,Стены,Кирпич,ОАО «Голицынский керамический завод»,"ОАО ""Голицынский керамический завод""",oao-golitsynskiy-keramicheskiy-zavod,https://www.gkz.ru/,,,manual_review_needed,high,user_confirmed_list,PNG logo from official site header.
Конструктивные решения,Стены,Стены,Кирпич,ОАО «Гомельстройматериалы»,"ОАО ""Гомельстройматериалы""",oao-gomelstroymaterialy,,,,confirmed_by_user,high,user_confirmed_list,Поставщик кирпича и стеновых материалов
Конструктивные решения,Стены,Стены,Кирпич,ОАО «Горынский комбинат строительных материалов»,"ОАО ""Горынский комбинат строительных материалов""",oao-gorynskiy-kombinat-stroitelnyh-materialov,,,,confirmed_by_user,high,user_confirmed_list,Поставщик кирпича и стеновых материалов
Конструктивные решения,Стены,Стены,Кирпич,"ОАО «Керамика», УНП 300000303","ОАО ""Керамика"", УНП 300000303",oao-keramika-unp-300000303,,,,confirmed_by_user,high,user_confirmed_list,Поставщик кирпича и стеновых материалов
Конструктивные решения,Стены,Стены,Кирпич,ОАО «Ново-Иерусалимский кирпичный завод»,"ОАО ""Ново-Иерусалимский кирпичный завод""",oao-novo-ierusalimskiy-kirpichnyy-zavod,https://www.xn--80aaeckcpfcaaalckcmtmnhbrrpjre6cwi7e.xn--p1ai/,,,manual_review_needed,high,user_confirmed_list,Official site and own orange logo confirmed on official punycode domain. Rejected earlier Tilda Logo.svg as unrelated.
Конструктивные решения,Стены,Стены,Кирпич,ОАО «Новокубанский завод керамических стеновых материалов»,"ОАО ""Новокубанский завод керамических стеновых материалов""",oao-novokubanskiy-zavod-keramicheskih-stenovyh-materialov,https://nzksm.ru/,,,manual_review_needed,high,user_confirmed_list,Official site title identifies NZKSM. Colored small logo used because header logo is white.
Конструктивные решения,Стены,Стены,Кирпич,ОАО «Обольский керамический завод»,"ОАО ""Обольский керамический завод""",oao-obolskiy-keramicheskiy-zavod,,,,confirmed_by_user,high,user_confirmed_list,Поставщик кирпича и стеновых материалов
Конструктивные решения,Стены,Стены,Кирпич,ОАО «Радошковичский керамический завод»,"ОАО ""Радошковичский керамический завод""",oao-radoshkovichskiy-keramicheskiy-zavod,https://ceglar.by/,,,manual_review_needed,high,user_confirmed_list,PNG logo from official CEGLAR site header. rkz.by redirects to ceglar.by.
Конструктивные решения,Стены,Стены,Кирпич,ОАО «Столбцовский кирпичный завод»,"ОАО ""Столбцовский кирпичный завод""",oao-stolbtsovskiy-kirpichnyy-zavod,,,,confirmed_by_user,high,user_confirmed_list,Поставщик кирпича и стеновых материалов
Конструктивные решения,Стены,Стены,Кирпич,ООО «Алексинский кирпичный завод»,"ООО ""Алексинский кирпичный завод""",ooo-aleksinskiy-kirpichnyy-zavod,https://www.xn--80aagicmgaaajchbcj1bgxnuoc6m3d.xn--p1ai/,,,manual_review_needed,medium_high,user_confirmed_list,Official site candidate matches plant name. Header uses compact brick mark.
Конструктивные решения,Стены,Стены,Кирпич,ООО «Анастасиевский кирпичный завод»,"ООО ""Анастасиевский кирпичный завод""",ooo-anastasievskiy-kirpichnyy-zavod,,,,manual_review_needed,medium,user_confirmed_list,No official site confirmed in this pass. Logo not used.
Конструктивные решения,Стены,Стены,Кирпич,ООО «Богандинский кирпичный завод»,"ООО ""Богандинский кирпичный завод""",ooo-bogandinskiy-kirpichnyy-zavod,https://zaobkz.ru/,,,manual_review_needed,high,user_confirmed_list,"SVG logo mark from official site header, black variant for white cards."
Конструктивные решения,Стены,Стены,Кирпич,ООО «Болоховский кирпичный завод»,"ООО ""Болоховский кирпичный завод""",ooo-bolohovskiy-kirpichnyy-zavod,https://bkz71.ru/,,,manual_review_needed,high,user_confirmed_list,Official site title identifies Bolohovsky brick plant. Logo is from site header.
Конструктивные решения,Стены,Стены,Кирпич,ООО «Брянский кирпичный завод»,"ООО ""Брянский кирпичный завод""",ooo-bryanskiy-kirpichnyy-zavod,,,,confirmed_by_user,high,user_confirmed_list,Поставщик кирпича и стеновых материалов
Конструктивные решения,Стены,Стены,Кирпич,ООО «Вяземский кирпичный завод»,"ООО ""Вяземский кирпичный завод""",ooo-vyazemskiy-kirpichnyy-zavod,https://www.xn--80adbiclbhaajcic0awvlso8kudud.xn--p1ai/,,,manual_review_needed,high,user_confirmed_list,Official site asset contains Vyazemsky brick plant logotype.
Конструктивные решения,Стены,Стены,Кирпич,ООО «Гнездово»,"ООО ""Гнездово""",ooo-gnezdovo,,,,confirmed_by_user,high,user_confirmed_list,Поставщик кирпича и стеновых материалов
Конструктивные решения,Стены,Стены,Кирпич,ООО «КЕММА»,"ООО ""КЕММА""",ooo-kemma,,,,confirmed_by_user,high,user_confirmed_list,Поставщик кирпича и стеновых материалов
Конструктивные решения,Стены,Стены,Кирпич,ООО «Карасевский керамический завод»,"ООО ""Карасевский керамический завод""",ooo-karasevskiy-keramicheskiy-zavod,https://www.xn--80aaahbmdriaakcfec7cwamlioc6m3d.xn--p1ai/,,,manual_review_needed,high,user_confirmed_list,PNG logo from official site header with matching alt text.
Конструктивные решения,Стены,Стены,Кирпич,ООО «Краснодарский кирпичный завод №1»,"ООО ""Краснодарский кирпичный завод №1""",ooo-krasnodarskiy-kirpichnyy-zavod-1,,,,manual_review_needed,medium,user_confirmed_list,Candidate domain returned access errors. Needs manual review before logo work.
Конструктивные решения,Стены,Стены,Кирпич,ООО «Липковский кирпичный завод»,"ООО ""Липковский кирпичный завод""",ooo-lipkovskiy-kirpichnyy-zavod,https://www.xn--g1afclaa.xn--p1ai/,,,manual_review_needed,high,user_confirmed_list,PNG logo from official site header.
Конструктивные решения,Стены,Стены,Кирпич,ООО «МОСБЛОК»,"ООО ""МОСБЛОК""",ooo-mosblok,,,,confirmed_by_user,high,user_confirmed_list,Поставщик кирпича и стеновых материалов
Конструктивные решения,Стены,Стены,Кирпич,ООО «Маркинский кирпичный завод»,"ООО ""Маркинский кирпичный завод""",ooo-markinskiy-kirpichnyy-zavod,,,,confirmed_by_user,high,user_confirmed_list,Поставщик кирпича и стеновых материалов
Конструктивные решения,Стены,Стены,Кирпич,ООО «Михневская керамика»,"ООО ""Михневская керамика""",ooo-mihnevskaya-keramika,https://www.ooomik.ru/,,,manual_review_needed,high,user_confirmed_list,Official site title identifies Mihnevskaya keramika. Logo is from official site assets.
Конструктивные решения,Стены,Стены,Кирпич,ООО «Новолеушковский завод строительных материалов»,"ООО ""Новолеушковский завод строительных материалов""",ooo-novoleushkovskiy-zavod-stroitelnyh-materialov,,,,manual_review_needed,medium,user_confirmed_list,No official site confirmed in this pass. Logo not used.
Конструктивные решения,Стены,Стены,Кирпич,ООО «РуБелЭко»,"ООО ""РуБелЭко""",ooo-rubeleko,,,,confirmed_by_user,high,user_confirmed_list,Поставщик кирпича и стеновых материалов
Конструктивные решения,Стены,Стены,Кирпич,ООО «Сергиево-Посадский кирпичный завод»,"ООО ""Сергиево-Посадский кирпичный завод""",ooo-sergievo-posadskiy-kirpichnyy-zavod,https://xn--80aaecbicbbxkaamclc0dkanhikojic6pve.xn--p1ai/,,,confirmed_by_user,high,user_confirmed_list,Official site identifies Sergievo Posad brick plant and brick production. Logo remains empty because no trustworthy official logo asset was confirmed.
Конструктивные решения,Стены,Стены,Кирпич,ООО «Технологии керамики» / Кирпичный завод Балашиха,"ООО ""Технологии керамики"" / Кирпичный завод Балашиха",ooo-tehnologii-keramiki-kirpichnyy-zavod-balashiha,,,,confirmed_by_user,high,user_confirmed_list,Поставщик кирпича и стеновых материалов
Конструктивные решения,Стены,Стены,Кирпич,ООО «Ухтинский завод глиняного кирпича» / УЗГК,"ООО ""Ухтинский завод глиняного кирпича"" / УЗГК",ooo-uhtinskiy-zavod-glinyanogo-kirpicha-uzgk,,,,confirmed_by_user,high,user_confirmed_list,Поставщик кирпича и стеновых материалов
Конструктивные решения,Стены,Стены,Кирпич,ООО «Фабрика СВ ПРО»,"ООО ""Фабрика СВ ПРО""",ooo-fabrika-sv-pro,,,,confirmed_by_user,high,user_confirmed_list,Поставщик кирпича и стеновых материалов
Конструктивные решения,Стены,Стены,Кирпич,ООО «Фокинский комбинат строительных материалов»,"ООО ""Фокинский комбинат строительных материалов""",ooo-fokinskiy-kombinat-stroitelnyh-materialov,,,,confirmed_by_user,high,user_confirmed_list,Поставщик кирпича и стеновых материалов
Конструктивные решения,Стены,Стены,Кирпич,ПУЧП «Надежда»,"ПУЧП ""Надежда""",puchp-nadezhda,,,,confirmed_by_user,high,user_confirmed_list,Поставщик кирпича и стеновых материалов
Конструктивные решения,Стены,Стены,Кирпич,Псковский кирпичный завод / ООО «Орион М»,"Псковский кирпичный завод / ООО ""Орион М""",pskovskiy-kirpichnyy-zavod-ooo-orion-m,,,,confirmed_by_user,high,user_confirmed_list,Поставщик кирпича и стеновых материалов
Конструктивные решения,Стены,Стены,Кирпич,СЗАО «КварцМелПром»,"СЗАО ""КварцМелПром""",szao-kvartsmelprom,,,,confirmed_by_user,high,user_confirmed_list,Поставщик кирпича и стеновых материалов
Конструктивные решения,Стены,Стены,Кирпич,Филиал №3 «Минский комбинат силикатных изделий» ОАО «Белорусский цементный завод»,"Филиал №3 ""Минский комбинат силикатных изделий"" ОАО ""Белорусский цементный завод""",filial-3-minskiy-kombinat-silikatnyh-izdeliy-oao-belorusskiy-tsementnyy-zavod,,,,confirmed_by_user,high,user_confirmed_list,Поставщик кирпича и стеновых материалов
Конструктивные решения,Стены,Стены,Кирпич,Филиал №5 «Гродненский комбинат строительных материалов»,"Филиал №5 ""Гродненский комбинат строительных материалов""",filial-5-grodnenskiy-kombinat-stroitelnyh-materialov,,,,confirmed_by_user,high,user_confirmed_list,Поставщик кирпича и стеновых материалов
Конструктивные решения,Стены,Стены,Кирпич,Филиал №6 «Любанский КСМ» ОАО «Белорусский цементный завод»,"Филиал №6 ""Любанский КСМ"" ОАО ""Белорусский цементный завод""",filial-6-lyubanskiy-ksm-oao-belorusskiy-tsementnyy-zavod,,,,confirmed_by_user,high,user_confirmed_list,Поставщик кирпича и стеновых материалов
Конструктивные решения / кирпич и мощение,Конструктивные решения / кирпич и мощение,Конструктивные решения / кирпич и мощение,Конструктивные решения / кирпич и мощение,BRAER,BRAER,braer,https://braer.ru/,,,manual_review_needed,high,partner_catalog_backfill_20260702,Backfilled from confirmed partner source for catalog vendor coverage; official site/logo already tracked in partners data.
Кровля / гидроизоляция / теплоизоляция,Кровля / гидроизоляция / теплоизоляция,Кровля / гидроизоляция / теплоизоляция,Кровля / гидроизоляция / теплоизоляция,Технониколь,Технониколь,tehnonikol,https://www.tn.ru/,assets/img/logos/approved-top/tehnonikol.png,https://www.tn.ru/,logo_ready,high,approved_top_logo_batch_20260729,Approved top-brand asset supplied in SITE NEW LOGO.zip.
ОВиК / вентиляция,ОВиК / вентиляция,ОВиК / вентиляция,ОВиК / вентиляция,KORF,KORF,korf,https://po-korf.ru/,assets/img/logos/approved-top/korf.png,https://po-korf.ru/,logo_ready,high,approved_top_logo_batch_20260729,Approved top-brand asset supplied in SITE NEW LOGO.zip.
ОВиК / климатическое оборудование,ОВиК / климатическое оборудование,ОВиК / климатическое оборудование,ОВиК / климатическое оборудование,Clivet,Clivet,clivet,https://www.clivet.com/,,,manual_review_needed,high,partner_catalog_backfill_20260702,Backfilled from confirmed partner source for catalog vendor coverage; official site/logo already tracked in partners data.
ОВиК / климатическое оборудование,ОВиК / климатическое оборудование,ОВиК / климатическое оборудование,ОВиК / климатическое оборудование,KENTATSU,KENTATSU,kentatsu,https://kentatsurussia.ru/,,,manual_review_needed,high,partner_catalog_backfill_20260702,Backfilled from confirmed partner source for catalog vendor coverage; official site/logo already tracked in partners data.
ОВиК / климатическое оборудование,ОВиК / климатическое оборудование,ОВиК / климатическое оборудование,ОВиК / климатическое оборудование,MIDEA,MIDEA,midea,https://www.midea.com/global/,,,manual_review_needed,high,partner_catalog_backfill_20260702,Backfilled from confirmed partner source for catalog vendor coverage; official site/logo already tracked in partners data.
ОВиК / радиаторы,ОВиК / радиаторы,ОВиК / радиаторы,ОВиК / радиаторы,PRADO,PRADO,prado,https://radiator-prado.ru/,,,manual_review_needed,high,partner_catalog_backfill_20260702,Backfilled from confirmed partner source for catalog vendor coverage; official site/logo already tracked in partners data.
ОВиК / радиаторы,ОВиК / радиаторы,ОВиК / радиаторы,ОВиК / радиаторы,RIFAR,RIFAR,rifar,https://rifar.ru/,,,manual_review_needed,high,partner_catalog_backfill_20260702,Backfilled from confirmed partner source for catalog vendor coverage; official site/logo already tracked in partners data.
ОВиК и тепловые сети,Инженерные системы,Инженерные системы,сантехника,AQUAPOLIS,AQUAPOLIS,aquapolis,https://aquapolis.ru,,,manual_review_needed,high,supplier_import_20260630_official_site,"Prepared from supplier table. Sheet: сантехника , row 135. Logo source: official site."
ОВиК и тепловые сети,Инженерные системы,Инженерные системы,сантехника,LEO center,LEO center,leo-center,https://leo-center.ru,,,manual_review_needed,high,supplier_import_20260630_official_site,"Prepared from supplier table. Sheet: сантехника , row 120. Logo source: official site."
ОВиК и тепловые сети,Инженерные системы,Инженерные системы,Радиаторы,Solur aluminium Company,Solur aluminium Company,solur-aluminium-company,https://solur-aluminium.ru,,,manual_review_needed,high,supplier_import_20260630_official_site,"Prepared from supplier table. Sheet: Радиаторы, row 4. Logo source: official site."
ОВиК и тепловые сети,Инженерные системы,Инженерные системы,Вентиляция,VAKIO,VAKIO,vakio,https://vakio.ru,,,manual_review_needed,high,supplier_import_20260630_official_site,"Prepared from supplier table. Sheet: Вентиляция , row 66. Logo source: official site."
ОВиК и тепловые сети,Инженерные системы,Инженерные системы,сантехника,АЛЬТЕРПЛАСТ,АЛЬТЕРПЛАСТ,alterplast,https://alterplast.ru,,,manual_review_needed,high,supplier_import_20260630_official_site,"Prepared from supplier table. Sheet: сантехника , row 130. Logo source: official site."
ОВиК и тепловые сети,Инженерные системы,Инженерные системы,Вентиляция,ВЕНТАРТ ГРУПП ООО,ВЕНТАРТ ГРУПП ООО,ventart-grupp-ooo,https://ventart.ru,,,manual_review_needed,high,supplier_import_20260630_official_site,"Prepared from supplier table. Sheet: Вентиляция , row 54. Logo source: official site."
ОВиК и тепловые сети,Инженерные системы,Инженерные системы,Вентиляция,ВЕНТИНФОРМ ООО,ВЕНТИНФОРМ ООО,ventinform-ooo,https://ventinform.ru,,,manual_review_needed,high,supplier_import_20260630_official_site,"Prepared from supplier table. Sheet: Вентиляция , row 18. Logo source: official site."
ОВиК и тепловые сети,Инженерные системы,Инженерные системы,Вентиляция,ВЕНТСИСТЕМС ООО,ВЕНТСИСТЕМС ООО,ventsistems-ooo,https://vent-mo.ru,,,manual_review_needed,high,supplier_import_20260630_official_site,"Prepared from supplier table. Sheet: Вентиляция , row 10. Logo source: official site."
ОВиК и тепловые сети,Инженерные системы,Инженерные системы,Вентиляция,ВТС ООО,ВТС ООО,vts-ooo,https://vtsgroup.com,,,manual_review_needed,high,supplier_import_20260630_official_site,"Prepared from supplier table. Sheet: Вентиляция , row 7. Logo source: official site."
ОВиК и тепловые сети,Инженерные системы,Инженерные системы,Вентиляция,Вентиляционный завод Виктория,Вентиляционный завод Виктория,ventilyatsionnyy-zavod-viktoriya,https://v-klapan.ru,,,manual_review_needed,high,supplier_import_20260630_official_site,"Prepared from supplier table. Sheet: Вентиляция , row 33. Logo source: official site."
ОВиК и тепловые сети,Инженерные системы,Инженерные системы,сантехника,ГАЛЛОП,ГАЛЛОП,gallop,https://gallop.ru,,,manual_review_needed,high,supplier_import_20260630_official_site,"Prepared from supplier table. Sheet: сантехника , row 124. Logo source: official site."
ОВиК и тепловые сети,Инженерные системы,Инженерные системы,сантехника,ГЛОБУС СТАЛЬ,ГЛОБУС СТАЛЬ,globus-stal,https://globus-stal.ru,,,manual_review_needed,high,supplier_import_20260630_official_site,"Prepared from supplier table. Sheet: сантехника , row 126. Logo source: official site."
ОВиК и тепловые сети,Инженерные системы,Инженерные системы,Вентиляция,ГРАДВЕНТ ООО,ГРАДВЕНТ ООО,gradvent-ooo,https://gradvent.ru,,,manual_review_needed,high,supplier_import_20260630_official_site,"Prepared from supplier table. Sheet: Вентиляция , row 6. Logo source: official site."
ОВиК и тепловые сети,Инженерные системы,Инженерные системы,Вентиляция,ГРУППА КОМПАНИЙ ПОЛЕКС ООО,ГРУППА КОМПАНИЙ ПОЛЕКС ООО,gruppa-kompaniy-poleks-ooo,https://polexgroup.ru,,,manual_review_needed,high,supplier_import_20260630_official_site,"Prepared from supplier table. Sheet: Вентиляция , row 16. Logo source: official site."
ОВиК и тепловые сети,Инженерные системы,Инженерные системы,Вентиляция,ДЫМОХОД ООО,ДЫМОХОД ООО,dymohod-ooo,https://rosinox-klin.ru,,,manual_review_needed,high,supplier_import_20260630_official_site,"Prepared from supplier table. Sheet: Вентиляция , row 23. Logo source: official site."
ОВиК и тепловые сети,Инженерные системы,Инженерные системы,сантехника,Завод РВК,Завод РВК,zavod-rvk,https://rvkinfo.com,,,manual_review_needed,high,supplier_import_20260630_official_site,"Prepared from supplier table. Sheet: сантехника , row 85. Logo source: official site."
ОВиК и тепловые сети,Инженерные системы,Инженерные системы,труба в ППУ,Завод Теплоизоляции УМК,Завод Теплоизоляции УМК,zavod-teploizolyatsii-umk,https://uralmk.com,,,manual_review_needed,high,supplier_import_20260630_official_site,"Prepared from supplier table. Sheet: труба в ППУ, row 19. Logo source: official site."
ОВиК и тепловые сети,Инженерные системы,Инженерные системы,труба в ППУ,Завод изоляции труб компании СТС Изоляция,Завод изоляции труб компании СТС Изоляция,zavod-izolyatsii-trub-kompanii-sts-izolyatsiya,https://stscom.ru,,,manual_review_needed,high,supplier_import_20260630_official_site,"Prepared from supplier table. Sheet: труба в ППУ, row 21. Logo source: official site."
ОВиК и тепловые сети,Инженерные системы,Инженерные системы,Вентиляция,КЛИМАТВЕНТМАШ,КЛИМАТВЕНТМАШ,klimatventmash,https://cvm.ru,,,manual_review_needed,high,supplier_import_20260630_official_site,"Prepared from supplier table. Sheet: Вентиляция , row 39. Logo source: official site."
ОВиК и тепловые сети,Инженерные системы,Инженерные системы,КНС,"Компания ""Тех-Аэро""","Компания ""Тех-Аэро""",kompaniya-teh-aero,https://tech-aero.ru,,,manual_review_needed,high,supplier_import_20260630_official_site,"Prepared from supplier table. Sheet: КНС, row 9. Logo source: official site."
ОВиК и тепловые сети,Инженерные системы,Инженерные системы,труба в ППУ,Компания «Теплоизоляция-Холдинг»,Компания «Теплоизоляция-Холдинг»,kompaniya-teploizolyatsiya-holding,https://ppu37.ru,,,manual_review_needed,high,supplier_import_20260630_official_site,"Prepared from supplier table. Sheet: труба в ППУ, row 23. Logo source: official site."
ОВиК и тепловые сети,Инженерные системы,Инженерные системы,КНС,Компания Элмакс Групп,Компания Элмакс Групп,kompaniya-elmaks-grupp,https://elmaxgroup.ru,,,manual_review_needed,high,supplier_import_20260630_official_site,"Prepared from supplier table. Sheet: КНС, row 5. Logo source: official site."
ОВиК и тепловые сети,Инженерные системы,Инженерные системы,сантехника,"НПП ""ЮНИКОР""","НПП ""ЮНИКОР""",npp-yunikor,https://unicornplast.ru,,,manual_review_needed,high,supplier_import_20260630_official_site,"Prepared from supplier table. Sheet: сантехника , row 114. Logo source: official site."
ОВиК и тепловые сети,Инженерные системы,Инженерные системы,сантехника,Новоуральский трубный завод,Новоуральский трубный завод,novouralskiy-trubnyy-zavod,https://ntzural.ru,,,manual_review_needed,high,supplier_import_20260630_official_site,"Prepared from supplier table. Sheet: сантехника , row 89. Logo source: official site."
ОВиК и тепловые сети,Инженерные системы,Инженерные системы,Вентиляция,"ООО ""ПАНОРАМАВЕНТ""","ООО ""ПАНОРАМАВЕНТ""",ooo-panoramavent,https://panoramavent.ru,,,manual_review_needed,high,supplier_import_20260630_official_site,"Prepared from supplier table. Sheet: Вентиляция , row 5. Logo source: official site."
ОВиК и тепловые сети,Инженерные системы,Инженерные системы,Насосы,ООО «Джетекс»,ООО «Джетекс»,ooo-dzheteks,https://www.jetexpumps.ru,,,manual_review_needed,high,supplier_import_20260630_official_site,"Prepared from supplier table. Sheet: Насосы, row 5. Logo source: official site."
ОВиК и тепловые сети,Инженерные системы,Инженерные системы,труба в ППУ,ООО «ИКАПЛАСТ»,ООО «ИКАПЛАСТ»,ooo-ikaplast,https://icaplast.ru,,,manual_review_needed,high,supplier_import_20260630_official_site,"Prepared from supplier table. Sheet: труба в ППУ, row 9. Logo source: official site."
ОВиК и тепловые сети,Инженерные системы,Инженерные системы,труба в ППУ,ООО «ПК ТеплоЭнергоПласт»,ООО «ПК ТеплоЭнергоПласт»,ooo-pk-teploenergoplast,https://teploenergoplast.ru,,,manual_review_needed,high,supplier_import_20260630_official_site,"Prepared from supplier table. Sheet: труба в ППУ, row 28. Logo source: official site."
ОВиК и тепловые сети,Инженерные системы,Инженерные системы,сантехника,ООО «Приволжский Завод Металлоизделий»,ООО «Приволжский Завод Металлоизделий»,ooo-privolzhskiy-zavod-metalloizdeliy,https://reon-armatura.ru,,,manual_review_needed,high,supplier_import_20260630_official_site,"Prepared from supplier table. Sheet: сантехника , row 103. Logo source: official site."
ОВиК и тепловые сети,Инженерные системы,Инженерные системы,труба в ППУ,ООО «ТеплоСетьИзол»,ООО «ТеплоСетьИзол»,ooo-teplosetizol,https://teplosetizol.ru,,,manual_review_needed,high,supplier_import_20260630_official_site,"Prepared from supplier table. Sheet: труба в ППУ, row 7. Logo source: official site."
ОВиК и тепловые сети,Инженерные системы,Инженерные системы,труба в ППУ,ООО «Теплосеть»,ООО «Теплосеть»,ooo-teploset,https://teploset43.ru,,,manual_review_needed,high,supplier_import_20260630_official_site,"Prepared from supplier table. Sheet: труба в ППУ, row 29. Logo source: official site."
ОВиК и тепловые сети,Инженерные системы,Инженерные системы,Вентиляция,ООО Вентилиционные системы,ООО Вентилиционные системы,ooo-ventilitsionnye-sistemy,https://waer-air.com,,,manual_review_needed,high,supplier_import_20260630_official_site,"Prepared from supplier table. Sheet: Вентиляция , row 29. Logo source: official site."
ОВиК и тепловые сети,Инженерные системы,Инженерные системы,сантехника,ООО ДКО ПОЛИПЛАСТИК,ООО ДКО ПОЛИПЛАСТИК,ooo-dko-poliplastik,https://ironpolimer.ru,,,manual_review_needed,high,supplier_import_20260630_official_site,"Prepared from supplier table. Sheet: сантехника , row 49. Logo source: official site."
ОВиК и тепловые сети,Инженерные системы,Инженерные системы,сантехника,"ООО НПО ""АВЕКТРА","ООО НПО ""АВЕКТРА",ooo-npo-avektra,https://nt-rt.ru,,,manual_review_needed,high,supplier_import_20260630_official_site,Official AVEKTRA logo from avektra.ru selected instead of tiny nt-rt favicon.
ОВиК и тепловые сети,Инженерные системы,Инженерные системы,КНС,ООО НПО «Зенит-Север»,ООО НПО «Зенит-Север»,ooo-npo-zenit-sever,https://zenit-sever.ru,,,manual_review_needed,high,supplier_import_20260630_official_site,"Prepared from supplier table. Sheet: КНС, row 12. Logo source: official site."
ОВиК и тепловые сети,Инженерные системы,Инженерные системы,сантехника,"ООО ПК ""Поли-Групп""","ООО ПК ""Поли-Групп""",ooo-pk-poli-grupp,https://polycorr.ru,,,manual_review_needed,high,supplier_import_20260630_official_site,"Prepared from supplier table. Sheet: сантехника , row 144. Logo source: official site."
ОВиК и тепловые сети,Инженерные системы,Инженерные системы,труба в ППУ,ООО СЗТОиМ»,ООО СЗТОиМ»,ooo-sztoim,https://zavodtm.ru,,,manual_review_needed,high,supplier_import_20260630_official_site,"Prepared from supplier table. Sheet: труба в ППУ, row 17. Logo source: official site."
ОВиК и тепловые сети,Инженерные системы,Инженерные системы,сантехника,ООО Трубный завод,ООО Трубный завод,ooo-trubnyy-zavod,https://iss-gk.ru,,,manual_review_needed,high,supplier_import_20260630_official_site,"Prepared from supplier table. Sheet: сантехника , row 44. Logo source: official site."
ОВиК и тепловые сети,Инженерные системы,Инженерные системы,труба в ППУ,ПК СЗ «СТРОЙИЗОЛЯЦИЯ»,ПК СЗ «СТРОЙИЗОЛЯЦИЯ»,pk-sz-stroyizolyatsiya,https://trubu.ru,,,manual_review_needed,high,supplier_import_20260630_official_site,"Prepared from supplier table. Sheet: труба в ППУ, row 15. Logo source: official site."
ОВиК и тепловые сети,Инженерные системы,Инженерные системы,сантехника,РТР,РТР,rtr,https://rosturplast.ru,,,manual_review_needed,high,supplier_import_20260630_official_site,"Prepared from supplier table. Sheet: сантехника , row 128. Logo source: official site."
ОВиК и тепловые сети,Инженерные системы,Инженерные системы,труба в ППУ,Северо-Западная Трубная Гидроизоляционная Компания,Северо-Западная Трубная Гидроизоляционная Компания,severo-zapadnaya-trubnaya-gidroizolyatsionnaya-kompaniya,https://sztgk.ru,,,manual_review_needed,high,supplier_import_20260630_official_site,"Prepared from supplier table. Sheet: труба в ППУ, row 27. Logo source: official site."
ОВиК и тепловые сети,Инженерные системы,Инженерные системы,сантехника,ЭВАН,ЭВАН,evan,https://evan.ru,,,manual_review_needed,high,supplier_import_20260630_official_site,"Prepared from supplier table. Sheet: сантехника , row 125. Logo source: official site."
ОВиК и тепловые сети,Инженерные системы,Инженерные системы,Вентиляция,ЯЛКА ООО,ЯЛКА ООО,yalka-ooo,https://yalca.ru,,,manual_review_needed,high,supplier_import_20260630_official_site,"Prepared from supplier table. Sheet: Вентиляция , row 4. Logo source: official site."
ОВиК и тепловые сети,Тепловые завесы,Тепловые завесы,Тепловые завесы,Ballu,Ballu,ballu,https://www.ballu.ru/catalog/promyshlennoe_oborudovanie/vozdushnye_i_teplovye_zavesy/,,,manual_review_needed,high,codex_p2_hvac_ev_20260703,Official Ballu catalog contains air/thermal curtain categories; logo from official site header.
ОВиК и тепловые сети,Тепловые завесы,Тепловые завесы,Тепловые завесы,Тепломаш,Тепломаш,teplomash,https://teplomash.ru/,,,manual_review_needed,high,codex_p2_hvac_ev_20260703,Official site title identifies Teplomash as a plant producing air curtains; logo from official CSS background image.
Оконные профильные системы,Оконные профильные системы,Оконные профильные системы,Оконные профильные системы,VEKA,VEKA,veka,https://www.veka.ru/,,,manual_review_needed,high,partner_catalog_backfill_20260702,Backfilled from confirmed partner source for catalog vendor coverage; official site/logo already tracked in partners data.
Опалубка / строительные леса,Опалубка / строительные леса,Опалубка / строительные леса,Опалубка / строительные леса,PERI,PERI,peri,https://www.peri.com/en,,,manual_review_needed,high,partner_catalog_backfill_20260702,Backfilled from confirmed partner source for catalog vendor coverage; official site/logo already tracked in partners data.
Освещение,Освещение,Освещение,Освещение,FEREKS,FEREKS,fereks,https://fereks.ru/,,,manual_review_needed,high,partner_catalog_backfill_20260702,Backfilled from confirmed partner source for catalog vendor coverage; official site/logo already tracked in partners data.
Освещение,Освещение,Освещение,Освещение,LEDEL,LEDEL,ledel,https://ledel.ru/,,,manual_review_needed,high,partner_catalog_backfill_20260702,Backfilled from confirmed partner source for catalog vendor coverage; official site/logo already tracked in partners data.
Освещение,Освещение,Освещение,Освещение,Navigator,Navigator,navigator,https://navigator-light.ru/,,,manual_review_needed,high,partner_catalog_backfill_20260702,Backfilled from confirmed partner source for catalog vendor coverage; official site/logo already tracked in partners data.
Плитка / керамогранит,Плитка / керамогранит,Плитка / керамогранит,Плитка / керамогранит,KERAMA MARAZZI,KERAMA MARAZZI,kerama-marazzi,https://kerama-marazzi.com/,,,manual_review_needed,high,partner_catalog_backfill_20260702,Backfilled from confirmed partner source for catalog vendor coverage; official site/logo already tracked in partners data.
Плитка / отделочные материалы,Плитка / отделочные материалы,Плитка / отделочные материалы,Плитка / отделочные материалы,Unitile,Unitile,unitile,https://unitile.ru/partners/style_guidelines/,,,manual_review_needed,high,partner_catalog_backfill_20260702,Backfilled from confirmed partner source for catalog vendor coverage; official site/logo already tracked in partners data.
Промышленная автоматизация,Промышленная автоматизация,Промышленная автоматизация,Промышленная автоматизация,ONI,ONI,oni,https://oni-system.com/,,,manual_review_needed,high,partner_catalog_backfill_20260702,Backfilled from confirmed partner source for catalog vendor coverage; official site/logo already tracked in partners data.
Сантехника,Сантехника,Сантехника,Сантехника,Sanita,Sanita,sanita,https://sanita.ru/,,,manual_review_needed,high,partner_catalog_backfill_20260702,Backfilled from confirmed partner source for catalog vendor coverage; official site/logo already tracked in partners data.
Сантехника,Сантехника,Сантехника,Сантехника,Santeri,Santeri,santeri,https://santeri.su/,,,manual_review_needed,high,partner_catalog_backfill_20260702,Backfilled from confirmed partner source for catalog vendor coverage; official site/logo already tracked in partners data.
Сантехническая арматура,Сантехническая арматура,Сантехническая арматура,Сантехническая арматура,ANI Plast,ANI Plast,ani-plast,https://www.aniplast.ru/,,,manual_review_needed,high,partner_catalog_backfill_20260702,Backfilled from confirmed partner source for catalog vendor coverage; official site/logo already tracked in partners data.
Сантехническая керамика,Сантехническая керамика,Сантехническая керамика,Сантехническая керамика,Roca,Roca,roca,https://www.roca.com/,,,manual_review_needed,high,partner_catalog_backfill_20260702,Backfilled from confirmed partner source for catalog vendor coverage; official site/logo already tracked in partners data.
Сантехническая керамика,Сантехническая керамика,Сантехническая керамика,Сантехническая керамика,Santek,Santek,santek,https://santek.ru/,,,manual_review_needed,high,partner_catalog_backfill_20260702,Backfilled from confirmed partner source for catalog vendor coverage; official site/logo already tracked in partners data.
Слаботочные сети и связь,Периметральная охрана / охранное освещение,Системы безопасности,Периметральная охрана и охранное освещение,Заря,Заря / Импэкс-Групп,zarya-impeks,https://impeks-group.ru/catalog/ohrannoe-osveshenie/,,,manual_review_needed,high,official_impeks_product_logo_fix_20260703,Official product logo from the Impeks-Group site. Used for security lighting instead of the unreadable white-on-transparent company logo.
Слаботочные сети и связь,Периметральная охрана / охранное освещение,Системы безопасности,Периметральная охрана и охранное освещение,СОП Точка,СОП Точка / Импэкс-Групп,tochka-impeks,https://impeks-group.ru/catalog/ohrana-perimetra/tochka/,,,manual_review_needed,high,official_impeks_product_logo_fix_20260703,Official product logo from the Impeks-Group site. Used instead of the unreadable white-on-transparent company logo for perimeter security cards.
Слаботочные сети и связь,СКУД,Системы контроля и управления доступом,СКУД и запирающие устройства,Dormakaba,Dormakaba,dormakaba,https://www.dormakaba.com/ru-ru,,,manual_review_needed,high,partner_catalog_backfill_20260702,Backfilled from confirmed partner source for catalog vendor coverage; official site/logo already tracked in partners data.
Слаботочные сети и связь,Системы контроля и управления доступом,Автоматическая выдача ключей,Системы автоматической выдачи ключей,KeyGuard,KeyGuard,keyguard,https://keyguard.ru/,assets/img/logos/approved-top/keyguard.png,https://keyguard.ru/,logo_ready,high,approved_top_logo_batch_20260729,Approved top-brand asset supplied in SITE NEW LOGO.zip.
Слаботочные сети и связь,Системы сбора и обработки информации,ССОИ,"ССОИ, программно-аппаратные комплексы",Бастион-3 / ЕС-Пром,Бастион-3 / ЕС-Пром,bastion-3-es-prom,https://www.trevog.net/,,,manual_review_needed,high,official_p1_vendor_hint_batch_20260703,Official ЕС-Пром site publishes this Бастион-3 logo; catalog hint covers SSOI / software-hardware complexes.
Слаботочные сети и связь,Слаботочные сети и связь,Видеонаблюдение и сетевое оборудование,Активное оборудование ЛВС,Eltex,Eltex,eltex,https://eltex.ru/,assets/img/logos/approved-top/eltex.png,https://eltex.ru/,logo_ready,high,approved_top_logo_batch_20260729,Approved top-brand asset supplied in SITE NEW LOGO.zip.
Слаботочные сети и связь,Слаботочные сети и связь,Кабельные сети и ВОЛС,Волоконно-оптический кабель,Интегра Кабель,Интегра Кабель,integra-kabel,https://intg.ru/,,,manual_review_needed,high,official_site_asset,"Волоконно-оптический кабель для грунта, канализации, труб, подвеса и объектных сетей связи."
Слаботочные сети и связь,Слаботочные сети и связь,Слаботочные сети и связь,"""Securika Moscow 2026""","ООО НПП ""МАГНИТО-КОНТАКТ""","ООО НПП ""МАГНИТО-КОНТАКТ""",ooo-npp-magnito-kontakt,https://m-kontakt.ru/,,,manual_review_needed,high,supplier_import_20260630_official_site,"Prepared from supplier table. Sheet: ""Securika Moscow 2026"", row 16. Logo source: official site."
Слаботочные системы / аудио,Слаботочные системы / аудио,Слаботочные системы / аудио,Слаботочные системы / аудио,Ecler,Ecler,ecler,https://www.ecler.com/,,,manual_review_needed,high,partner_catalog_backfill_20260702,Backfilled from confirmed partner source for catalog vendor coverage; official site/logo already tracked in partners data.
Слаботочные системы / видеонаблюдение,Слаботочные системы / видеонаблюдение,Слаботочные системы / видеонаблюдение,Слаботочные системы / видеонаблюдение,IDIS,IDIS,idis,https://www.idisglobal.com/,,,manual_review_needed,high,partner_catalog_backfill_20260702,Backfilled from confirmed partner source for catalog vendor coverage; official site/logo already tracked in partners data.
Слаботочные системы / корпоративная связь,Слаботочные системы / корпоративная связь,Слаботочные системы / корпоративная связь,Слаботочные системы / корпоративная связь,IVA,IVA,iva,https://iva.ru/ru/,,,manual_review_needed,high,partner_catalog_backfill_20260702,Backfilled from confirmed partner source for catalog vendor coverage; official site/logo already tracked in partners data.
Слаботочные системы / электронная очередь,Слаботочные системы / электронная очередь,Слаботочные системы / электронная очередь,Слаботочные системы / электронная очередь,Альфаматика,Альфаматика,alfamatika,https://alphamatica.ru/aboutPage,,,manual_review_needed,high,partner_catalog_backfill_20260702,Backfilled from confirmed partner source for catalog vendor coverage; official site/logo already tracked in partners data.
Строительные материалы,Конструктивные решения,Металл,Муфты обжимные для арматуры,RECO,RECO,reco,https://recorus.ru/,,,manual_review_needed,high,codex_p1_metal_vendor_fill_20260703,Official RECO page is dedicated to compression rebar couplers and positions the company as a manufacturer. Official SVG logo is used as-is; mapped only to compression rebar couplers.
Строительные материалы,Конструктивные решения,Металл,Сетка,ЗМС,ЗМС,zms-setka,https://zms-setka.ru/,,,manual_review_needed,medium,codex_p1_metal_vendor_fill_20260703,Official product page states welded reinforcing/road/masonry mesh from manufacturer ZMS. Official site logo is used as-is; mapped only to the mesh product group.
Строительные материалы,Конструктивные решения,Стены / кладочные материалы,Газобетонные блоки,Bonolit,Bonolit,bonolit,https://bonolit.ru/,,,manual_review_needed,high,codex_p2_masonry_vendor_fill_20260703,Official Bonolit site identifies the company as a gas concrete plant/manufacturer. Official header logo is used as-is and mapped only to aerated concrete blocks.
Строительные материалы,Конструктивные решения,Стены / кладочные материалы,Пеноблоки,Пеноблок.Ру,Пеноблок.Ру,penoblok-ru,https://www.penoblok.ru/,,,manual_review_needed,medium,codex_p2_masonry_vendor_fill_20260703,Official Penoblok.Ru site positions the company as a certified foam block manufacturer. Official site logo contains a tagline and is used as-is; mapped only to foam blocks.
Строительные смеси,Строительные смеси,Строительные смеси,Строительные смеси,Bergauf,Bergauf,bergauf,https://bergauf.ru/,,,manual_review_needed,high,partner_catalog_backfill_20260702,Backfilled from confirmed partner source for catalog vendor coverage; official site/logo already tracked in partners data.
Строительные смеси,Строительные смеси,Строительные смеси,Строительные смеси,GLIMS,GLIMS,glims,https://glims.ru/,,,manual_review_needed,high,partner_catalog_backfill_20260702,Backfilled from confirmed partner source for catalog vendor coverage; official site/logo already tracked in partners data.
ТХ оборудование,Технологическое оборудование,Библиотечное оборудование / стеллажи,Библиотечное оборудование; Стеллажи,Ярус,Ярус,yarus,https://www.yarus.info/,,,manual_review_needed,high,official_p2_tx_storage_security_sport_20260703,"Official Ярус site title identifies production of shelving equipment, including library shelving."
ТХ оборудование,Технологическое оборудование,Досмотровое оборудование,Турникеты; СКУД; системы контроля доступа,PERCo,PERCo,perco,https://www.perco.ru/,,,manual_review_needed,high,official_p2_tx_storage_security_sport_20260703,Official PERCo site identifies security systems and equipment; catalog contains turnstiles and access-control equipment.
ТХ оборудование,Технологическое оборудование,Досмотровое оборудование,Металлодетекторы; досмотровое оборудование; турникеты,БЛОКПОСТ,БЛОКПОСТ,blokpost,https://detektor-rf.ru/,,,manual_review_needed,high,official_p2_tx_storage_security_sport_20260703,Official БЛОКПОСТ site title identifies inspection equipment from the manufacturer; logo extracted from official SVG sprite.
ТХ оборудование,Технологическое оборудование,Медицинские газы и оборудование,Medical equipment,B. Braun,B. Braun,b-braun,https://www.bbraun.com/,,,manual_review_needed,high,codex_medical_p1_vendors_20260703,Official B. Braun site describes it as a medical technology company; official SVG logo from bbraun.com. Mapped to infusion therapy and general medical equipment.
ТХ оборудование,Технологическое оборудование,Медицинские газы и оборудование,Медицинская визуализация и диагностика,FUJIFILM,FUJIFILM,fujifilm,https://www.fujifilm.com/us/en/healthcare,,,manual_review_needed,high,codex_medical_japan_vendors_20260702,Official SVG logo from Fujifilm site header; mapped to medical visualization and diagnostics.
ТХ оборудование,Технологическое оборудование,Медицинские газы и оборудование,Medical equipment,Mindray,Mindray,mindray,https://www.mindray.com/en,,,manual_review_needed,high,codex_medical_p1_vendors_20260703,"Official Mindray site title identifies the company as a medical technology and solutions supplier; logo source is official organization-logo.png from mindray.com. Mapped to monitoring, anesthesia/intensive care, infusion and visualization groups."
ТХ оборудование,Технологическое оборудование,Медицинские газы и оборудование,Медицинская визуализация и диагностика,Olympus,Olympus,olympus,https://www.olympus-global.com/products/medical/,,,manual_review_needed,high,codex_medical_japan_vendors_20260702,Official PNG corporate logo from olympus-global.com; medical product page is the verified source context.
ТХ оборудование,Технологическое оборудование,Медицинские газы и оборудование,Медицинская визуализация и диагностика,PENTAX Medical,PENTAX Medical,pentax-medical,https://www.pentaxmedical.com/en,,,manual_review_needed,high,codex_medical_japan_vendors_20260702,Official SVG logo from pentaxmedical.com. Pentax is treated as an alias; public vendor is PENTAX Medical to avoid duplicates.
ТХ оборудование,Технологическое оборудование,Медицинские газы и оборудование,Medical equipment,Philips,Philips,philips,https://www.philips.com/healthcare,,,manual_review_needed,high,codex_medical_p1_vendors_20260703,"Official Philips healthcare site and official Philips SVG logo from philips.com. Mapped conservatively to medical equipment, cardiology/emergency care, visualization/diagnostics."
ТХ оборудование,Технологическое оборудование,Оборудование столовой и пищеблока,Оборудование пищеблока; Оборудование столовой,Abat,Abat,abat,https://abat.ru/,,,manual_review_needed,high,codex_p2_lift_fire_foodservice_20260703,Official site title: manufacturer of professional kitchen equipment; logo from official /img/logo.png.
ТХ оборудование,Технологическое оборудование,Спортивное оборудование,Спортивное оборудование,Romana,Romana,romana,https://romana.pro/,,,manual_review_needed,high,official_p2_tx_storage_security_sport_20260703,Official Romana Pro site title identifies outdoor sports/playground equipment from the manufacturer.
ТХ оборудование,Технологическое оборудование,Стеллажи / гардероб / хозяйственное хранение,Стеллажи; Оборудование гардероба; Хозяйственное оборудование,ПРАКТИК,ПРАКТИК,praktik,https://practic.biz/,,,manual_review_needed,high,official_p2_tx_storage_security_sport_20260703,"Official ПРАКТИК catalog contains shelving, locker/wardrobe systems and metal storage cabinets."
Теплоизоляция,Теплоизоляция,Теплоизоляция,Теплоизоляция,ROCKWOOL,ROCKWOOL,rockwool,https://rwl.ru/,,,manual_review_needed,high,partner_catalog_backfill_20260702,Backfilled from confirmed partner source for catalog vendor coverage; official site/logo already tracked in partners data.
Технологическое оборудование,Комплектация,Мебель,Мебель (мягкая и офисная),Бюрократ,Бюрократ,byurokrat,https://buro.ru/,,,manual_review_needed,high,official_p0_vendor_batch_20260703,Official Buro/Byurokrat site logo; catalog hint covers office furniture.
Технологическое оборудование,Комплектация,Мебель,Мебель (мягкая и офисная),КОМПАНИЯ ДОК-17,КОМПАНИЯ ДОК-17,kompaniya-dok-17,https://www.dok17.ru/,,,manual_review_needed,high,official_p0_vendor_batch_20260703,Official company site logo; catalog hint covers office and soft furniture.
Технологическое оборудование,Комплектация,Промышленная мебель,Промышленная мебель,GEFESD,GEFESD,gefesd,https://gefesd.ru/,,,manual_review_needed,high,official_p0_vendor_batch_20260703,Official GEFESD site logo; catalog hint covers industrial furniture.
Технологическое оборудование,Технологическое оборудование,Технологическое оборудование,лаборатор оборуд,Аналитика,Аналитика,analitika,https://analytica-lab.ru,,,manual_review_needed,high,supplier_import_20260630_official_site,"Prepared from supplier table. Sheet: лаборатор оборуд , row 13. Logo source: official site."
Технологическое оборудование,Технологическое оборудование,Технологическое оборудование,"Медицина, госпиталя",БЕЛАНД,БЕЛАНД,beland,https://beland.ru,,,manual_review_needed,high,supplier_import_20260630_official_site,"Prepared from supplier table. Sheet: Медицина, госпиталя, row 53. Logo source: official site."
Технологическое оборудование,Технологическое оборудование,Технологическое оборудование,"Медицина, госпиталя",ГК «МОДУЛЬ»,ГК «МОДУЛЬ»,gk-modul,https://cleanmodule.ru,,,manual_review_needed,high,supplier_import_20260630_official_site,"Prepared from supplier table. Sheet: Медицина, госпиталя, row 52. Logo source: official site."
Технологическое оборудование,Технологическое оборудование,Технологическое оборудование,"Медицина, госпиталя",Компания РЕАТОРГ,Компания РЕАТОРГ,kompaniya-reatorg,https://reatorg.ru,,,manual_review_needed,high,supplier_import_20260630_official_site,"Prepared from supplier table. Sheet: Медицина, госпиталя, row 54. Logo source: official site."
Технологическое оборудование,Технологическое оборудование,Технологическое оборудование,"Медицина, госпиталя",ОАО ИНТЕГРАЛ,ОАО ИНТЕГРАЛ,oao-integral,https://integralspb.ru,,,manual_review_needed,high,supplier_import_20260630_official_site,"Prepared from supplier table. Sheet: Медицина, госпиталя, row 62. Logo source: official site."
Технологическое оборудование,Технологическое оборудование,Технологическое оборудование,лаборатор оборуд,"ООО ""Алкор Био""","ООО ""Алкор Био""",ooo-alkor-bio,https://alkorbio.ru,,,manual_review_needed,high,supplier_import_20260630_official_site,"Prepared from supplier table. Sheet: лаборатор оборуд , row 23. Logo source: official site."
Технологическое оборудование,Технологическое оборудование,Технологическое оборудование,"Медицина, госпиталя",ООО «ПОДОЛЬСКИЙ ЗАВОД СТЕНОВЫХ И ПОТОЛОЧНЫХ ПАНЕЛЕЙ»,ООО «ПОДОЛЬСКИЙ ЗАВОД СТЕНОВЫХ И ПОТОЛОЧНЫХ ПАНЕЛЕЙ»,ooo-podolskiy-zavod-stenovyh-i-potolochnyh-paneley,https://gipsometal.ru,,,manual_review_needed,high,supplier_import_20260630_official_site,"Prepared from supplier table. Sheet: Медицина, госпиталя, row 6. Logo source: official site."
Технологическое оборудование,Технологическое оборудование,Технологическое оборудование,"Медицина, госпиталя",ООО ЭНЕРГОЛАБ,ООО ЭНЕРГОЛАБ,ooo-energolab,https://energolab.com,,,manual_review_needed,high,supplier_import_20260630_official_site,"Prepared from supplier table. Sheet: Медицина, госпиталя, row 25. Logo source: official site."
Технологическое оборудование,Технологическое оборудование,Технологическое оборудование,Комплексы чистых помещений,Производственное объединение АМС-МЗМО «Асептические Медицинские Системы» и «Миасский Завод Медицинского Оборудования»,Производственное объединение АМС-МЗМО «Асептические Медицинские Системы» и «Миасский Завод Медицинского Оборудования»,proizvodstvennoe-obedinenie-ams-mzmo-asepticheskie-meditsinskie-sistemy-i-miasskiy-zavod-meditsinskogo-oborudovaniya,https://laminar.ru,,,manual_review_needed,high,supplier_import_20260630_official_site,"Prepared from supplier table. Sheet: Комплексы чистых помещений , row 3. Logo source: official site."
Технологическое оборудование,Технологическое оборудование,Технологическое оборудование,"Медицина, госпиталя",Центр Комплектации Оборудованием,Центр Комплектации Оборудованием,tsentr-komplektatsii-oborudovaniem,https://aec-profi.ru,,,manual_review_needed,high,supplier_import_20260630_official_site,"Prepared from supplier table. Sheet: Медицина, госпиталя, row 45. Logo source: official site."
Умное освещение / IIoT,Умное освещение / IIoT,Умное освещение / IIoT,Умное освещение / IIoT,AMBIOT,AMBIOT,ambiot,https://ambiot.io/,,,manual_review_needed,high,partner_catalog_backfill_20260702,Backfilled from confirmed partner source for catalog vendor coverage; official site/logo already tracked in partners data.
ЭОМ,Световые приборы,Светотехника,Светотехника,FERON,FERON,feron,https://feron.ru/korporativnyy-stil/,,,manual_review_needed,high,partner_catalog_backfill_20260702,Backfilled from confirmed partner source for catalog vendor coverage; official site/logo already tracked in partners data.
ЭОМ,Световые приборы,Светотехника,Светотехника,GAUSS,GAUSS,gauss,https://gauss.ru/,,,manual_review_needed,high,partner_catalog_backfill_20260702,Backfilled from confirmed partner source for catalog vendor coverage; official site/logo already tracked in partners data.
ЭОМ,Световые приборы,Светотехника,Светотехника,JazzWay,JazzWay,jazzway,https://www.jazz-way.com/,,,manual_review_needed,high,partner_catalog_backfill_20260702,Backfilled from confirmed partner source for catalog vendor coverage; official site/logo already tracked in partners data.
ЭОМ,Трансформаторные и распределительные подстанции,"БКТП, БРП, ВРУ","БКТП, БРП, ВРУ",ЗЭТО,ЗЭТО,zeto,https://zeto.ru/,,,manual_review_needed,high,official_p0_vendor_batch_20260703,Official ZETO site logo; catalog hint covers BКTP/BRP/VRU group.
ЭОМ,Трансформаторные и распределительные подстанции,"БКТП, БРП, ВРУ","БКТП, БРП, ВРУ",ЧЭАЗ,ЧЭАЗ,cheaz,https://www.cheaz.ru/,,,manual_review_needed,high,official_p0_vendor_batch_20260703,Official CHEAZ logo from official site; catalog hint covers BКTP/BRP/VRU group.
ЭОМ,Трансформаторные и распределительные подстанции,"БКТП, БРП, ВРУ","БКТП, БРП, ВРУ",ЭЗОИС,ЭЗОИС,ezois,https://www.ezois.ru/,,,manual_review_needed,high,official_p0_vendor_batch_20260703,Official EZOIS site logo; catalog hint covers BКTP/BRP/VRU group.
ЭОМ,ЭОМ,ЭОМ,Российская строительная неделя,LC КАБЕЛЬ,LC КАБЕЛЬ,lc-kabel,https://lc-cable.ru,,,manual_review_needed,high,supplier_import_20260630_official_site,"Prepared from supplier table. Sheet: Российская строительная неделя, row 20. Logo source: official site."
ЭОМ,ЭОМ,ЭОМ,Опоры освещения,АМИРА,АМИРА,amira,https://www.amira.ru,,,manual_review_needed,high,supplier_import_20260630_official_site,"Prepared from supplier table. Sheet: Опоры освещения, row 31. Logo source: official site."
ЭОМ,ЭОМ,ЭОМ,строит. инструм,АО «ЗАВОД «ФИОЛЕНТ»,АО «ЗАВОД «ФИОЛЕНТ»,ao-zavod-fiolent,https://zdphiolent.ru,,,manual_review_needed,high,supplier_import_20260630_official_site,"Prepared from supplier table. Sheet: строит. инструм, row 33. Logo source: official site."
ЭОМ,ЭОМ,ЭОМ,Электрика,Безгалогенные огнестойкие комупады,Безгалогенные огнестойкие комупады,bezgalogennye-ognestoykie-komupady,https://l-compaund.ru,,,manual_review_needed,high,supplier_import_20260630_official_site,"Prepared from supplier table. Sheet: Электрика, row 57. Logo source: official site."
ЭОМ,ЭОМ,ЭОМ,Светильники,Завод светотехники ГУД ЛАЙТ,Завод светотехники ГУД ЛАЙТ,zavod-svetotehniki-gud-layt,https://goodlight.ru,,,manual_review_needed,high,supplier_import_20260630_official_site,"Prepared from supplier table. Sheet: Светильники, row 11. Logo source: official site."
ЭОМ,ЭОМ,ЭОМ,Электрика,Кабельные заводы,Кабельные заводы,kabelnye-zavody,https://zvetlit.ru,,,manual_review_needed,high,supplier_import_20260630_official_site,"Prepared from supplier table. Sheet: Электрика, row 19. Logo source: official site."
ЭОМ,ЭОМ,ЭОМ,Опоры освещения,НПО Экосистема,НПО Экосистема,npo-ekosistema,https://eco-systema.com,,,manual_review_needed,high,supplier_import_20260630_official_site,"Prepared from supplier table. Sheet: Опоры освещения, row 37. Logo source: official site."
ЭОМ,ЭОМ,ЭОМ,Опоры освещения,"ООО ""ЗАВОД УРАЛДОРСВЕТ""","ООО ""ЗАВОД УРАЛДОРСВЕТ""",ooo-zavod-uraldorsvet,https://zavod-uraldorsvet.ru,,,manual_review_needed,high,supplier_import_20260630_official_site,"Prepared from supplier table. Sheet: Опоры освещения, row 9. Logo source: official site."
ЭОМ,ЭОМ,ЭОМ,Электро 2025,ООО «Научно Производственное Предприятие ЭЛМА ЭЛЕКТРОНИКС»,ООО «Научно Производственное Предприятие ЭЛМА ЭЛЕКТРОНИКС»,ooo-nauchno-proizvodstvennoe-predpriyatie-elma-elektroniks,https://elma-rus.ru/,,,manual_review_needed,high,supplier_import_20260630_official_site,"Prepared from supplier table. Sheet: Электро 2025, row 26. Logo source: official site."
ЭОМ,ЭОМ,ЭОМ,Изоляция,ООО«СИБПРОМ»,ООО«СИБПРОМ»,ooo-sibprom,https://termokom.com,,,manual_review_needed,high,supplier_import_20260630_official_site,"Prepared from supplier table. Sheet: Изоляция , row 8. Logo source: official site."
ЭОМ,ЭОМ,ЭОМ,Электрика,Оборудование для сварки. Трансформаторы,Оборудование для сварки. Трансформаторы,oborudovanie-dlya-svarki-transformatory,https://tehnosvar.ru,,,manual_review_needed,high,supplier_import_20260630_official_site,"Prepared from supplier table. Sheet: Электрика, row 58. Logo source: official site."
ЭОМ,ЭОМ,ЭОМ,Российская строительная неделя,Опытно-конструкторское предприятие «ЭЛКА-КАБЕЛЬ»,Опытно-конструкторское предприятие «ЭЛКА-КАБЕЛЬ»,opytno-konstruktorskoe-predpriyatie-elka-kabel,https://www.elkacable.ru,,,manual_review_needed,high,supplier_import_20260630_official_site,"Prepared from supplier table. Sheet: Российская строительная неделя, row 8. Logo source: official site."
ЭОМ,ЭОМ,ЭОМ,Электрика,Производители сип арматуры,Производители сип арматуры,proizvoditeli-sip-armatury,https://psk-si.ru,,,manual_review_needed,high,supplier_import_20260630_official_site,"Prepared from supplier table. Sheet: Электрика, row 59. Logo source: official site."
ЭОМ,ЭОМ,ЭОМ,Светильники,Производственно-торговая компания «ВСЕСВЕТОДИОДЫ» на Рябиновой улице,Производственно-торговая компания «ВСЕСВЕТОДИОДЫ» на Рябиновой улице,proizvodstvenno-torgovaya-kompaniya-vsesvetodiody-na-ryabinovoy-ulitse,https://vsesvetodiody.ru,,,manual_review_needed,high,supplier_import_20260630_official_site,"Prepared from supplier table. Sheet: Светильники, row 18. Logo source: official site."
ЭОМ,ЭОМ,ЭОМ,Российская строительная неделя,СегментЭнерго кабельный завод,СегментЭнерго кабельный завод,segmentenergo-kabelnyy-zavod,https://www.segmentenergo.ru,,,manual_review_needed,high,supplier_import_20260630_official_site,"Prepared from supplier table. Sheet: Российская строительная неделя, row 3. Logo source: official site."
ЭОМ,ЭОМ,ЭОМ,Опоры освещения,УМЕКОН (Уральский завод металлоконструкций),УМЕКОН (Уральский завод металлоконструкций),umekon-uralskiy-zavod-metallokonstruktsiy,https://umecon.ru,,,manual_review_needed,high,supplier_import_20260630_official_site,"Prepared from supplier table. Sheet: Опоры освещения, row 33. Logo source: official site."
ЭОМ,ЭОМ,ЭОМ,Российская строительная неделя,ЭЛЕКТРОТЕХМАШ КАБЕЛЬНЫЙ ЗАВОД,ЭЛЕКТРОТЕХМАШ КАБЕЛЬНЫЙ ЗАВОД,elektrotehmash-kabelnyy-zavod,https://elektrotm.ru,,,manual_review_needed,high,supplier_import_20260630_official_site,"Prepared from supplier table. Sheet: Российская строительная неделя, row 19. Logo source: official site."
ЭОМ,ЭОМ,ЭОМ,"""ParkSeason EXPO - 2026""",Электрик АРТ,Электрик АРТ,elektrik-art,https://electric-art.ru/contacts/,,,manual_review_needed,high,supplier_import_20260630_official_site,"Prepared from supplier table. Sheet: ""ParkSeason EXPO - 2026"", row 7. Logo source: official site."
ЭОМ,ЭОМ,ЭОМ,Электро 2025,Электрощит,Электрощит,elektroschit,https://elektro-shield.ru,,,manual_review_needed,high,supplier_import_20260630_official_site,"Prepared from supplier table. Sheet: Электро 2025, row 25. Logo source: official site."
ЭОМ,ЭОМ,ЭОМ,Кабель,Камский кабель,Камский кабель,kamskiy-kabel,https://kamkabel.ru,,,manual_review_needed,high,supplier_import_20260630_official_site,"Corrected supplier-table note row to official vendor name from kamkabel.ru. Original sheet: Кабель, row 11. Logo source: official site."
ЭОМ,ЭОМ,ЭОМ,Электрика,опоры освещения и дорожное ограждение,опоры освещения и дорожное ограждение,opory-osvescheniya-i-dorozhnoe-ograzhdenie,https://www.zavod-npt.ru,,,manual_review_needed,high,supplier_import_20260630_official_site,"Prepared from supplier table. Sheet: Электрика, row 49. Logo source: official site."
ЭОМ,ЭОМ,ЭОМ,Кабель,"от 0,250 км, предоплата, самовывоз","от 0,250 км, предоплата, самовывоз",ot-0-250-km-predoplata-samovyvoz,https://podolskkabel.ru,,,manual_review_needed,high,supplier_import_20260630_official_site,"Prepared from supplier table. Sheet: Кабель, row 15. Logo source: official site."
ЭОМ,ЭОМ,ЭОМ,Кабель,Компания «Рыбинсккабель»,Компания «Рыбинсккабель»,rybinskkabel,https://rkz.ru,,,manual_review_needed,high,supplier_import_20260630_official_site,"Corrected supplier-table note row to official vendor name from rkz.ru. Original sheet: Кабель, row 8. Logo source: official site."
ЭОМ,Электрооборудование,ИБП,ИБП и защита электропитания,Ippon,Ippon,ippon,https://ippon.ru/,,,manual_review_needed,high,partner_catalog_backfill_20260702,Backfilled from confirmed partner source for catalog vendor coverage; official site/logo already tracked in partners data.
ЭОМ,Электрооборудование,ИБП,ИБП и защита электропитания,Socomec,Socomec,socomec,https://www.socomec.com/,,,manual_review_needed,high,partner_catalog_backfill_20260702,Backfilled from confirmed partner source for catalog vendor coverage; official site/logo already tracked in partners data.
ЭОМ,Электрооборудование,Кабеленесущие системы,Электрика и кабеленесущие системы,DKC,DKC,dkc,https://www.dkc.ru/,,,manual_review_needed,high,partner_catalog_backfill_20260702,Backfilled from confirmed partner source for catalog vendor coverage; official site/logo already tracked in partners data.
ЭОМ,Электрооборудование,Электротехника,Электротехническое оборудование,DEKraft,DEKraft,dekraft,https://www.dek.ru/,,,manual_review_needed,high,partner_catalog_backfill_20260702,Backfilled from confirmed partner source for catalog vendor coverage; official site/logo already tracked in partners data.
ЭОМ,Электрооборудование,Электротехника,Электротехническое оборудование,EKF,EKF,ekf,https://ekfgroup.com/,,,manual_review_needed,high,partner_catalog_backfill_20260702,Backfilled from confirmed partner source for catalog vendor coverage; official site/logo already tracked in partners data.
ЭОМ,Электрооборудование,Электротехника,Электротехническое оборудование,IEK,IEK,iek,https://www.iek.ru/,,,manual_review_needed,high,partner_catalog_backfill_20260702,Backfilled from confirmed partner source for catalog vendor coverage; official site/logo already tracked in partners data.
ЭОМ,Электрооборудование,Электротехника,Электротехническое оборудование,TDM Electric,TDM Electric,tdm-electric,https://tdme.ru/,,,manual_review_needed,high,partner_catalog_backfill_20260702,Backfilled from confirmed partner source for catalog vendor coverage; official site/logo already tracked in partners data.
ЭОМ / освещение,ЭОМ / освещение,ЭОМ / освещение,ЭОМ / освещение,Ардатовский светотехнический завод,Ардатовский светотехнический завод,ardatovskiy-svetotehnicheskiy-zavod,https://astz.ru/,,,manual_review_needed,high,partner_catalog_backfill_20260702,Backfilled from confirmed partner source for catalog vendor coverage; official site/logo already tracked in partners data.
Электрика / автоматизация,Электрика / автоматизация,Электрика / автоматизация,Электрика / автоматизация,Schneider Electric,Schneider Electric,schneider-electric,https://schneider-russia.com/,,,manual_review_needed,high,partner_catalog_backfill_20260702,Backfilled from confirmed partner source for catalog vendor coverage; official site/logo already tracked in partners data.
Электрика / кабель,Электрика / кабель,Электрика / кабель,Электрика / кабель,Кабельный Альянс,Кабельный Альянс,kabelnyy-alyans,https://holdcable.com/,,,manual_review_needed,high,partner_catalog_backfill_20260702,Backfilled from confirmed partner source for catalog vendor coverage; official site/logo already tracked in partners data.
Электрика / слаботочная инфраструктура,Электрика / слаботочная инфраструктура,Электрика / слаботочная инфраструктура,Электрика / слаботочная инфраструктура,ITK,ITK,itk,https://itk-group.ru/,,,manual_review_needed,high,partner_catalog_backfill_20260702,Backfilled from confirmed partner source for catalog vendor coverage; official site/logo already tracked in partners data.
Электротехническое оборудование,Электротехническое оборудование,Электротехническое оборудование,Электротехническое оборудование,Generica,Generica,generica,https://generica.su/,,,manual_review_needed,high,partner_catalog_backfill_20260702,Backfilled from confirmed partner source for catalog vendor coverage; official site/logo already tracked in partners data.
Электротехническое оборудование,Электротехническое оборудование,Электротехническое оборудование,Электротехническое оборудование,Контактор,Контактор,kontaktor,https://www.kontaktor.ru/,,,manual_review_needed,high,partner_catalog_backfill_20260702,Backfilled from confirmed partner source for catalog vendor coverage; official site/logo already tracked in partners data.
Энергетика,Зарядная инфраструктура,Зарядочные станции для электромобилей,Зарядочные станции для электромобилей,Parus Electro,Parus Electro,parus-electro,https://parus-electro.ru/catalog/zaryadnie_stanzii_electromobilei/,,,manual_review_needed,high,codex_p2_hvac_ev_20260703,Official Parus Electro catalog page is for EV charging stations; logo from official site asset.
Энергетика,Зарядная инфраструктура,Зарядочные станции для электромобилей,Зарядочные станции для электромобилей,The Edison,The Edison,the-edison,https://theedison.ru/catalog/,,,manual_review_needed,high,codex_p2_hvac_ev_20260703,Official catalog title identifies The Edison as EV charging station manufacturer; logo from official theme asset.
Энергосервис / автоматизация,Энергосервис / автоматизация,Энергосервис / автоматизация,Энергосервис / автоматизация,PROFESCO,PROFESCO,profesco,https://profesko.ru/,,,manual_review_needed,high,partner_catalog_backfill_20260702,Backfilled from confirmed partner source for catalog vendor coverage; official site/logo already tracked in partners data.
Конструктивные решения,Перегородки,Гипсокартон,Гипсокартон,Saint-Gobain,Saint-Gobain,saint-gobain,https://www.saint-gobain.ru/,assets/img/logos/approved-top/saint-gobain.png,https://www.saint-gobain.ru/,logo_ready,high,approved_top_logo_batch_20260729,Approved top-brand asset supplied in SITE NEW LOGO.zip.
Слаботочные сети и связь,Системы периметральной охранной сигнализации,"Контроллеры, извещатели","Контроллеры, извещатели",TwinPro,TwinPro,twinpro,https://www.twinpro.ru/,assets/img/logos/approved-top/twinpro.png,https://www.twinpro.ru/,logo_ready,high,approved_top_logo_batch_20260729,Approved top-brand asset supplied in SITE NEW LOGO.zip.
Слаботочные сети и связь,Видеонаблюдение и сетевое оборудование,Системы видеонаблюдения,Системы видеонаблюдения,ISS SecurOS,ISS SecurOS,iss,https://www.iss.ru/,assets/img/logos/approved-top/iss.png,https://www.iss.ru/,logo_ready,high,approved_top_logo_batch_20260729,Approved top-brand asset supplied in SITE NEW LOGO.zip.
Слаботочные сети и связь,Системы контроля и управления доступом,СКУД,СКУД,BIOSMART,BIOSMART,biosmart,https://bio-smart.ru/,assets/img/logos/approved-top/biosmart.png,https://bio-smart.ru/,logo_ready,high,approved_top_logo_batch_20260729,Approved top-brand asset supplied in SITE NEW LOGO.zip.
Технологическое оборудование,Досмотровое оборудование,Системы доступа и контроля,Системы доступа и контроля,ИТБП,ИТБП,itbp,https://it-s-p.ru/,assets/img/logos/approved-top/itbp.png,https://it-s-p.ru/,logo_ready,high,approved_top_logo_batch_20260729,Approved top-brand asset supplied in SITE NEW LOGO.zip.
Слаботочные сети и связь,Системы автоматизации пропускного режима,"Программно-аппаратные комплексы, терминалы выдачи пропусков, системы электронных очередей","Программно-аппаратные комплексы, терминалы выдачи пропусков, системы электронных очередей",VisitorControl,VisitorControl,visitorcontrol,https://www.visitorcontrol.ru/,assets/img/logos/approved-top/visitorcontrol.png,https://www.visitorcontrol.ru/,logo_ready,high,approved_top_logo_batch_20260729,Approved top-brand asset supplied in SITE NEW LOGO.zip.
Технологическое оборудование,Досмотровое оборудование,Системы доступа и контроля,Системы доступа и контроля,Инфоматика,Инфоматика,infomatika,https://infomatika.ru/,assets/img/logos/approved-top/infomatika.png,https://infomatika.ru/,logo_ready,high,approved_top_logo_batch_20260729,Approved top-brand asset supplied in SITE NEW LOGO.zip.
ОВиК и тепловые сети,Система вентиляции воздуха,Система вентиляции,Система вентиляции,NED,NED,ned,https://air-ned.com/,assets/img/logos/approved-top/ned.png,https://air-ned.com/,logo_ready,high,approved_top_logo_batch_20260729,Approved top-brand asset supplied in SITE NEW LOGO.zip.
ЭОМ,Внутреннее освещение,"Для бизнеса, интерьерные, линейные, встраиваемые","Для бизнеса, интерьерные, линейные, встраиваемые",HTL,HTL,htl,https://h-t-l.one/,assets/img/logos/approved-top/htl.png,https://h-t-l.one/,logo_ready,high,approved_top_logo_batch_20260729,Approved top-brand asset supplied in SITE NEW LOGO.zip.
