priority,status,issues,block_id,block,direction_id,direction,system_id,system,product_group_id,product_group,page,product_types_count,product_types,catalog_brands_count,catalog_brands,vendor_count,vendors,vendor_logo_count,vendor_missing_logo_count,image,image_exists,image_width,image_height,image_bytes,image_sha12,image_ahash,image_brightness,image_contrast,image_entropy,exact_duplicate_count,visual_duplicate_count
P2,REVIEW,VENDOR_LOGO_MISSING,building-materials,Строительные материалы,constructive,Конструктивные решения,masonry-and-wall-materials,Стены / кладочные материалы,bricks,Кирпич,solution-constructive-masonry-and-wall-materials.html,7,рядовой кирпич; лицевой кирпич; полнотелый кирпич; пустотелый кирпич; керамический кирпич; силикатный кирпич; клинкерный кирпич,6,ЛСР; BRAER; УЗГК; Голицынский керамический завод; Липковский кирпичный завод; Керамин,57,"ЧЗСК; Белкерамик, г. Белгород; АО «Воскресенский кирпичный завод»; АО «Керамика» / Ломинцевский кирпичный завод; АО «Новомосковский завод керамических материалов»; АО «Норский керамический завод»; АО «Рязанский кирпичный завод»; АО «Силикат»; АО «Славянский кирпич»; АО «Тульский кирпичный завод» / Тульский кирпичный завод №1; Белкерамик / Белгородская керамика; Группа компаний «Терех»; ЗАО «Могилёвский комбинат силикатных изделий»; Завод «РИМХЕН»; Завод керамзитового гравия г. Новолукомль; Каширский кирпичный завод; Кирпичный завод «Клим Клинкер»; Коломенский кирпичный завод; Краснополянский кирпичный завод; ЛСР / ЛСР. Стеновые; Минский керамический завод ОАО «Керамин»; ОАО «Брестский комбинат строительных материалов»; ОАО «Гжельский кирпичный завод»; ОАО «Голицынский керамический завод»; ОАО «Гомельстройматериалы»; ОАО «Горынский комбинат строительных материалов»; ОАО «Керамика», УНП 300000303; ОАО «Ново-Иерусалимский кирпичный завод»; ОАО «Новокубанский завод керамических стеновых материалов»; ОАО «Обольский керамический завод»; ОАО «Радошковичский керамический завод»; ОАО «Столбцовский кирпичный завод»; ООО «Алексинский кирпичный завод»; ООО «Богандинский кирпичный завод»; ООО «Болоховский кирпичный завод»; ООО «Брянский кирпичный завод»; ООО «Вяземский кирпичный завод»; ООО «Гнездово»; ООО «КЕММА»; ООО «Карасевский керамический завод»; ООО «Липковский кирпичный завод»; ООО «МОСБЛОК»; ООО «Маркинский кирпичный завод»; ООО «Михневская керамика»; ООО «РуБелЭко»; ООО «Сергиево-Посадский кирпичный завод»; ООО «Технологии керамики» / Кирпичный завод Балашиха; ООО «Ухтинский завод глиняного кирпича» / УЗГК; ООО «Фабрика СВ ПРО»; ООО «Фокинский комбинат строительных материалов»; ПУЧП «Надежда»; Псковский кирпичный завод / ООО «Орион М»; СЗАО «КварцМелПром»; Филиал №3 «Минский комбинат силикатных изделий» ОАО «Белорусский цементный завод»; Филиал №5 «Гродненский комбинат строительных материалов»; Филиал №6 «Любанский КСМ» ОАО «Белорусский цементный завод»; BRAER",17,40,assets/img/solutions/detail/constructive/constructive-brick-v12.webp,true,1200,900,123506,277ca7c5a696,0c0c4c5636f6f8fe,65.1,41.0,7.11,1,1
OK,OK,,it-equipment-and-software,IT оборудование и ПО,it-infrastructure,IT-инфраструктура,informatsionnaya-bezopasnost,Информационная безопасность,informatsionnaya-bezopasnost,Информационная безопасность,solution-it-infrastructure-informatsionnaya-bezopasnost.html,3,"Защита инфраструктуры; Мониторинг, анализ; Защита данных",0,,3,Kaspersky; Positive Technologies; UserGate,3,0,assets/img/solutions/detail/it-infrastructure/it-infrastructure-informatsionnaya-bezopasnost-informatsionnaya-bezopasnost.webp,true,1200,900,92246,e5a3bcc76278,4347404c7e1ffe00,22.7,27.6,5.77,1,1
OK,OK,,it-equipment-and-software,IT оборудование и ПО,it-infrastructure,IT-инфраструктура,corporate-devices,Корпоративные устройства,interaktivnoe-oborudovanie,Интерактивное оборудование,solution-it-infrastructure-corporate-devices.html,1,Интерактивное оборудование,0,,1,BM Group,1,0,assets/img/solutions/detail/it-infrastructure/it-infrastructure-corporate-devices-interaktivnoe-oborudovanie.webp,true,1200,900,73124,b39825998382,839f988100c0c79f,27.7,29.9,6.13,1,1
OK,OK,,it-equipment-and-software,IT оборудование и ПО,it-infrastructure,IT-инфраструктура,corporate-devices,Корпоративные устройства,all-in-one-laptops-and-tablets,"Моноблоки, ноутбуки и планшеты",solution-it-infrastructure-corporate-devices.html,6,моноблоки; ноутбуки; планшеты; аксессуары; док-станции; корпоративные комплекты,1,KVADRA,2,KVADRA; iRU,2,0,assets/img/solutions/detail/it-infrastructure/it-client-devices.webp,true,1280,960,67762,55c1e0a5d455,03131e1e40f17f0f,48.3,39.4,6.92,1,1
OK,OK,,it-equipment-and-software,IT оборудование и ПО,it-infrastructure,IT-инфраструктура,software-and-management,ПО и управление,virtualizatsiya-i-vdi,Виртуализация и VDI,solution-it-infrastructure-software-and-management.html,1,Виртуализация и VDI,0,,1,Группа Астра,1,0,assets/img/solutions/detail/it-infrastructure/it-infrastructure-software-and-management-virtualizatsiya-i-vdi.webp,true,1200,900,70104,ac79ebe4573e,41417f7e0e070303,26.4,25.4,5.90,1,1
OK,OK,,it-equipment-and-software,IT оборудование и ПО,it-infrastructure,IT-инфраструктура,software-and-management,ПО и управление,operatsionnye-sistemy,Операционные системы,solution-it-infrastructure-software-and-management.html,1,Операционные системы,0,,1,Группа Астра,1,0,assets/img/solutions/detail/it-infrastructure/it-infrastructure-software-and-management-operatsionnye-sistemy.webp,true,1200,900,51216,3e1d6acf7ce1,3e3e363e3e020000,34.1,31.3,6.32,1,1
OK,OK,,it-equipment-and-software,IT оборудование и ПО,it-infrastructure,IT-инфраструктура,software-and-management,ПО и управление,software-monitoring-and-virtualization,"ПО, мониторинг и виртуализация",solution-it-infrastructure-software-and-management.html,6,ПО мониторинга; средства интеграции; виртуализация; ПО управления инфраструктурой; резервное копирование; лицензии,1,YADRO,4,Systeme Electric; КИТ; Терек-Радио; YADRO,4,0,assets/img/solutions/detail/it-infrastructure/it-software-monitoring-virtualization-control-room.webp,true,1200,900,103342,70c59d888859,3f0f07300d33a30f,37.5,28.4,6.47,1,1
OK,OK,,it-equipment-and-software,IT оборудование и ПО,it-infrastructure,IT-инфраструктура,software-and-management,ПО и управление,platformy-razrabotki-i-sborki-po,Платформы разработки и сборки ПО,solution-it-infrastructure-software-and-management.html,1,Платформы разработки и сборки ПО,0,,1,GitFlic,1,0,assets/img/solutions/detail/it-infrastructure/it-infrastructure-software-and-management-platformy-razrabotki-i-sborki-po.webp,true,1200,900,63272,c8c518dc0292,0019193f6f424000,30.2,26.1,5.79,1,1
OK,OK,,it-equipment-and-software,IT оборудование и ПО,it-infrastructure,IT-инфраструктура,software-and-management,ПО и управление,programmnoe-obespechenie,Программное обеспечение,solution-it-infrastructure-software-and-management.html,1,Программное обеспечение,0,,1,YADRO,1,0,assets/img/solutions/detail/it-infrastructure/it-infrastructure-software-and-management-programmnoe-obespechenie.webp,true,1200,900,34258,d8d41f770c5c,1819393d197f3f00,15.8,18.9,5.14,1,1
OK,OK,,it-equipment-and-software,IT оборудование и ПО,it-infrastructure,IT-инфраструктура,software-and-management,ПО и управление,rezervnoe-kopirovanie,Резервное копирование,solution-it-infrastructure-software-and-management.html,1,Резервное копирование,0,,1,Киберпротект,1,0,assets/img/solutions/detail/it-infrastructure/it-infrastructure-software-and-management-rezervnoe-kopirovanie.webp,true,1200,900,62774,a8f05dd10d04,0018383899d34200,30.7,29.2,5.90,1,1
OK,OK,,it-equipment-and-software,IT оборудование и ПО,it-infrastructure,IT-инфраструктура,software-and-management,ПО и управление,upravlenie-it-infrastrukturoy,Управление ИТ-инфраструктурой,solution-it-infrastructure-software-and-management.html,1,Управление ИТ-инфраструктурой,0,,1,Группа Астра,1,0,assets/img/solutions/detail/it-infrastructure/it-infrastructure-software-and-management-upravlenie-it-infrastrukturoy.webp,true,1200,900,52918,7689c0f6c3e5,c7c7ce4c0c803800,23.2,26.2,5.63,1,1
OK,OK,,it-equipment-and-software,IT оборудование и ПО,it-infrastructure,IT-инфраструктура,software-and-management,ПО и управление,upravlenie-dannymi-i-analitika,Управление данными и аналитика,solution-it-infrastructure-software-and-management.html,1,Управление данными и аналитика,0,,1,Postgres Professional,1,0,assets/img/solutions/detail/it-infrastructure/it-infrastructure-software-and-management-upravlenie-dannymi-i-analitika.webp,true,1200,900,78758,983d8ecb31ea,0f8f9f1f00800081,35.2,26.0,6.32,1,1
OK,OK,,it-equipment-and-software,IT оборудование и ПО,it-infrastructure,IT-инфраструктура,workstations,Рабочие станции,personalnoe-oborudovanie,Персональное оборудование,solution-it-infrastructure-workstations.html,1,Персональное оборудование,0,,2,KVADRA; iRU,2,0,assets/img/solutions/detail/it-infrastructure/it-infrastructure-workstations-personalnoe-oborudovanie.webp,true,1200,900,75302,3dd8b8974d7c,585f585b58c0cf19,24.5,27.6,5.87,1,1
OK,OK,,it-equipment-and-software,IT оборудование и ПО,it-infrastructure,IT-инфраструктура,workstations,Рабочие станции,workstations-and-corporate-pcs,Рабочие станции и корпоративные ПК,solution-it-infrastructure-workstations.html,5,рабочие станции; корпоративные ПК; мини-ПК; графические станции; комплектующие рабочих мест,2,DEPO Computers; KVADRA,2,DEPO Computers; iRU,2,0,assets/img/solutions/detail/it-infrastructure/it-workstations.webp,true,1280,960,110502,6848cb70d7ab,0080c5841fc7e0f8,37.9,39.8,6.65,1,1
OK,OK,,it-equipment-and-software,IT оборудование и ПО,it-infrastructure,IT-инфраструктура,servers-and-datacenter,Серверы и ЦОД,servers,Серверы,solution-it-infrastructure-servers-and-datacenter.html,6,стоечные серверы; серверы общего назначения; серверы для виртуализации; GPU-серверы; серверные платформы; серверные комплектующие,2,DEPO Computers; YADRO,5,Systeme Electric; КИТ; Терек-Радио; DEPO Computers; YADRO,5,0,assets/img/solutions/detail/it-infrastructure/it-servers.webp,true,1280,960,197722,379b94870a8e,000080c644f0f8fe,55.0,46.4,7.16,1,1
OK,OK,,it-equipment-and-software,IT оборудование и ПО,it-infrastructure,IT-инфраструктура,servers-and-datacenter,Серверы и ЦОД,servery-i-shd,Серверы и СХД,solution-it-infrastructure-servers-and-datacenter.html,1,Серверы и СХД,0,,5,Systeme Electric; КИТ; Терек-Радио; DEPO Computers; YADRO,5,0,assets/img/solutions/detail/it-infrastructure/it-infrastructure-servers-and-datacenter-servery-i-shd.webp,true,1200,900,125550,bd1ebcbb3dda,c0c7c0fe61437f00,31.4,34.6,6.32,1,1
OK,OK,,it-equipment-and-software,IT оборудование и ПО,it-infrastructure,IT-инфраструктура,servers-and-datacenter,Серверы и ЦОД,storage-systems,Системы хранения данных,solution-it-infrastructure-servers-and-datacenter.html,6,блочные СХД; файловые СХД; объектные СХД; резервное копирование; дисковые полки; контроллеры СХД,2,DEPO Computers; YADRO,5,Systeme Electric; КИТ; Терек-Радио; DEPO Computers; YADRO,5,0,assets/img/solutions/detail/it-infrastructure/it-storage.webp,true,1280,960,136520,85049b590d67,070c8f9890e0f8fe,49.5,40.0,6.95,1,1
OK,OK,,it-equipment-and-software,IT оборудование и ПО,it-infrastructure,IT-инфраструктура,network-equipment,Сетевое оборудование,network-switches,Коммутаторы,solution-it-infrastructure-network-equipment.html,6,коммутаторы дата-центра; кампусные коммутаторы; коммутаторы доступа; коммутаторы агрегации; SFP-модули; сетевые аксессуары,2,DEPO Computers; YADRO,7,Systeme Electric; КИТ; Терек-Радио; DEPO Computers; YADRO; Eltex; ITK,7,0,assets/img/solutions/detail/it-infrastructure/it-switches.webp,true,1280,960,190254,027485458829,040686c644e0e0e0,40.2,39.4,6.74,1,1
OK,OK,,it-equipment-and-software,IT оборудование и ПО,it-infrastructure,IT-инфраструктура,network-equipment,Сетевое оборудование,setevoe-oborudovanie-i-telekom,Сетевое оборудование и телеком,solution-it-infrastructure-network-equipment.html,1,Сетевое оборудование и телеком,0,,7,Systeme Electric; КИТ; Терек-Радио; DEPO Computers; YADRO; Eltex; ITK,7,0,assets/img/solutions/detail/it-infrastructure/it-infrastructure-network-equipment-setevoe-oborudovanie-i-telekom.webp,true,1200,900,82486,50c73db49bd8,40474040fffffe00,23.4,27.6,5.81,1,1
OK,OK,,it-equipment-and-software,IT оборудование и ПО,it-infrastructure,IT-инфраструктура,datacenter-infrastructure,ЦОД и инфраструктура,datacenter-infrastructure-components,Инфраструктурные компоненты ЦОД,solution-it-infrastructure-datacenter-infrastructure.html,6,серверные шкафы; стойки; PDU; KVM; кабельные организаторы; комплектующие ЦОД,2,DEPO Computers; YADRO,2,DEPO Computers; YADRO,2,0,assets/img/solutions/detail/it-infrastructure/it-datacenter-components.webp,true,1280,960,160216,edfe87f58a73,00001d7010f0fcff,49.0,40.7,6.96,1,1
OK,OK,,engineering-equipment,Инженерное оборудование,vertical-transport,Вертикальный транспорт,automation-and-dispatching,Автоматизация и диспетчеризация,avtomatizatsiya-i-dispetcherizatsiya,Автоматизация и диспетчеризация,solution-vertical-transport-automation-and-dispatching.html,1,Автоматизация и диспетчеризация,0,,1,Обь Лифт-Комплекс ДС,1,0,assets/img/solutions/detail/vertical-transport/vertical-transport-automation-and-dispatching-avtomatizatsiya-i-dispetcherizatsiya.webp,true,1200,900,84132,3a75a020c47a,cfcffcf8d88000e0,32.8,29.4,6.05,1,1
OK,OK,,engineering-equipment,Инженерное оборудование,vertical-transport,Вертикальный транспорт,automation-and-dispatching,Автоматизация и диспетчеризация,elevator-dispatch-communication,Диспетчерская связь (Лифты),solution-vertical-transport-automation-and-dispatching.html,6,диспетчерская связь лифтов; лифтовые переговорные устройства; контроллеры диспетчеризации; модули мониторинга; ПО диспетчеризации; комплектующие связи,1,Обь Лифт-Комплекс ДС,1,Обь Лифт-Комплекс ДС,1,0,assets/img/solutions/detail/vertical-transport/vertical-transport-automation-and-dispatching-elevator-dispatch-communication.webp,true,1200,900,54326,e3bc516098d9,03080b3c3c9f93c0,32.4,27.5,6.27,1,1
OK,OK,,engineering-equipment,Инженерное оборудование,vertical-transport,Вертикальный транспорт,lifty,Лифты,lifty,Лифты,solution-vertical-transport-lifty.html,5,Пассажирские; МГН; Грузовые; Малые грузовые; Больничные,0,,8,Карачаровский Механический завод; МОСЛИФТ АО; ООО «ВТК «ПРОМТЕХ»; Приводная техника; САНКТ-ПЕТЕРБУРГСКИЙ ЛИФТОВОЙ ЗАВОД; Серпуховский лифтостроительный завод; Современные лифтовые технологии; ЧЕЛЯБИНСКИЙ ЛИФТОСТРОИТЕЛЬНЫЙ ЗАВОД «ВИТЧЕЛ»,8,0,assets/img/solutions/detail/vertical-transport/vertical-transport-lifty-lifty.webp,true,1200,900,79038,634069f1c6b2,0c565ecec0c8dd1c,40.1,31.0,6.29,1,1
OK,OK,,engineering-equipment,Инженерное оборудование,vertical-transport,Вертикальный транспорт,vertical-lifters,Подъемники,passenger-and-cargo-lifts,"Лифты (пассажирские, грузовые и т.д)",solution-vertical-transport-vertical-lifters.html,7,пассажирские лифты; грузовые лифты; больничные лифты; панорамные лифты; малые грузовые лифты; подъемники; комплектующие лифтов,10,МОСЛИФТ; Lёher; Ставропольский лифтостроительный завод Stone; Евролифтмаш; Татлифт; Лифтпром; Щербинский лифтостроительный завод (ЩЛЗ); СаратовЛифтКомплект; Лобненский лифтостроительный завод; СитиЛифт,8,Карачаровский Механический завод; МОСЛИФТ АО; ООО «ВТК «ПРОМТЕХ»; Приводная техника; САНКТ-ПЕТЕРБУРГСКИЙ ЛИФТОВОЙ ЗАВОД; Серпуховский лифтостроительный завод; Современные лифтовые технологии; ЧЕЛЯБИНСКИЙ ЛИФТОСТРОИТЕЛЬНЫЙ ЗАВОД «ВИТЧЕЛ»,8,0,assets/img/solutions/detail/vertical-transport/vertical-transport-vertical-lifters-passenger-and-cargo-lifts.webp,true,1200,900,92140,13e2a9c80fe8,1c1e3e1404c4df0c,37.3,34.7,6.41,1,1
OK,OK,,engineering-equipment,Инженерное оборудование,vertical-transport,Вертикальный транспорт,eskalatory-i-travolatory,Эскалаторы и траволаторы,eskalatory-i-travolatory,Эскалаторы и траволаторы,solution-vertical-transport-eskalatory-i-travolatory.html,1,Эскалаторы и траволаторы,0,,2,Doppler; Отис - ранее METEOR Lift,2,0,assets/img/solutions/detail/vertical-transport/vertical-transport-eskalatory-i-travolatory-eskalatory-i-travolatory.webp,true,1200,900,128258,9474e4fcb2e4,70000e3e7c7c7107,52.4,36.9,6.74,1,1
OK,OK,,engineering-equipment,Инженерное оборудование,water,Водоснабжение и водоотведение,wastewater-and-drainage,Водоотведение,drenazhn-sistemy-i-vodootvedenie,Дренажн. системы и водоотведение,solution-water-wastewater-and-drainage.html,3,ПНД перфорированные трубы; ПВХ дренажные трубы; Трубы в геотекстильном фильтре,0,,1,АктивСток,1,0,assets/img/solutions/detail/water/water-wastewater-and-drainage-drenazhn-sistemy-i-vodootvedenie.webp,true,1200,900,82802,762f4fa81472,281ad2d9757d1998,43.7,44.6,6.79,1,1
OK,OK,,engineering-equipment,Инженерное оборудование,water,Водоснабжение и водоотведение,wastewater-and-drainage,Водоотведение,wastewater-control-valves,Запорно-регулирующая арматура,solution-water-wastewater-and-drainage.html,5,запорная арматура; регулирующая арматура; обратные клапаны; задвижки; краны,1,АДЛ Valtec,1,ANI Plast,1,0,assets/img/solutions/detail/water/water-wastewater-and-drainage-wastewater-control-valves.webp,true,1200,900,123624,defe1fbf530b,060f0f0f3f3f2610,43.9,32.2,6.77,1,1
OK,OK,,engineering-equipment,Инженерное оборудование,water,Водоснабжение и водоотведение,wastewater-and-drainage,Водоотведение,indoor-sewage-pumping-stations,КНС внутренней установки,solution-water-wastewater-and-drainage.html,3,канализационные насосные станции; КНС для помещения; компактные канализационные установки,2,ООО «АКО»; АктивСток,4,"АктивСток; Компания ""Тех-Аэро""; Компания Элмакс Групп; ООО НПО «Зенит-Север»",4,0,assets/img/solutions/detail/water/water-wastewater-and-drainage-indoor-sewage-pumping-stations.webp,true,1200,900,105762,c027b5b261c5,0303f7f3e1810707,42.9,28.3,6.50,1,1
OK,OK,,engineering-equipment,Инженерное оборудование,water,Водоснабжение и водоотведение,wastewater-and-drainage,Водоотведение,industrial-electric-water-heaters,Накопительные электрические промышленные водонагреватели,solution-water-wastewater-and-drainage.html,3,накопительные водонагреватели; промышленные электрические водонагреватели; бойлеры,1,РусИнж,1,РусИнж,1,0,assets/img/solutions/detail/water/water-wastewater-and-drainage-industrial-electric-water-heaters.webp,true,1200,900,97086,3fc16f6ebe8d,00a0fcedfdf9c20c,54.6,37.8,6.99,1,1
OK,OK,,engineering-equipment,Инженерное оборудование,water,Водоснабжение и водоотведение,wastewater-and-drainage,Водоотведение,water-fire-pumps,"Насосное оборудование для ХВС, пожаротушения и автоматического пожаротушения",solution-water-wastewater-and-drainage.html,4,насосы ХВС; пожарные насосы; насосные станции пожаротушения; насосы автоматического пожаротушения,1,SPL,2,Wilo; ООО «Джетекс»,2,0,assets/img/solutions/detail/water/water-wastewater-and-drainage-water-fire-pumps.webp,true,1200,900,156042,ed8a805ef4dc,00f8fc7e06203f7c,49.0,37.0,6.97,1,1
OK,OK,,engineering-equipment,Инженерное оборудование,water,Водоснабжение и водоотведение,wastewater-and-drainage,Водоотведение,siphonic-vacuum-storm-drainage,Сифонно-вакуумная ливневая канализация,solution-water-wastewater-and-drainage.html,4,сифонно-вакуумная система; ливневая канализация кровли; воронки и трубопроводы; комплект системы,1,ООО «Группа Компаний «Агпайп»,2,"АктивСток; ТПК ""Татполимер""",2,0,assets/img/solutions/detail/water/water-wastewater-and-drainage-siphonic-vacuum-storm-drainage.webp,true,1200,900,195922,82841e0d9d57,1f070003070b1303,77.0,53.4,7.43,1,1
OK,OK,,engineering-equipment,Инженерное оборудование,water,Водоснабжение и водоотведение,wastewater-and-drainage,Водоотведение,cast-iron-drainage,Чугунная канализация,solution-water-wastewater-and-drainage.html,4,SML трубы; чугунные фитинги; хомуты и крепеж; комплект канализации,2,Sanline SML; Завод Универсал,1,АктивСток,1,0,assets/img/solutions/detail/water/water-wastewater-and-drainage-cast-iron-drainage.webp,true,1200,900,126526,072e0c2e6060,0b0b0f09090ec0fc,57.7,43.6,6.99,1,1
OK,OK,,engineering-equipment,Инженерное оборудование,water,Водоснабжение и водоотведение,water-treatment,Водоподготовка,water-treatment-equipment,Водоподготовка,solution-water-water-treatment.html,6,фильтры механической очистки; умягчение воды; обезжелезивание; обратный осмос; дозирование реагентов; комплексная водоподготовка,1,Аквалид,1,Аквалид,1,0,assets/img/solutions/detail/water/water-water-treatment-water-treatment-equipment.webp,true,1200,900,84510,66d386a87818,003838387bf3430f,46.3,33.5,6.44,1,1
OK,OK,,engineering-equipment,Инженерное оборудование,water,Водоснабжение и водоотведение,water-supply,Водоснабжение,goryachee-vodosnabzhenie,Горячее водоснабжение,solution-water-water-supply.html,1,Горячее водоснабжение,0,,4,Аквалид; REHAU; Sanext; Uponor,4,0,assets/img/solutions/detail/water/water-water-supply-goryachee-vodosnabzhenie.webp,true,1200,900,165116,9938d8fd6a4c,9c1c5c4c5c401c3e,53.2,43.7,7.09,1,1
OK,OK,,engineering-equipment,Инженерное оборудование,water,Водоснабжение и водоотведение,water-supply,Водоснабжение,zapornaya-i-reguliruyuschaya-armatura,Запорная и регулирующая арматура,solution-water-water-supply.html,1,Запорная и регулирующая арматура,0,,2,Danfoss; ANI Plast,2,0,assets/img/solutions/detail/water/water-water-supply-zapornaya-i-reguliruyuschaya-armatura.webp,true,1200,900,153760,c2273cd9cda4,1800607e1eba7e7e,40.6,36.4,6.58,1,1
OK,OK,,engineering-equipment,Инженерное оборудование,water,Водоснабжение и водоотведение,water-supply,Водоснабжение,water-valves-safety-control,"Запорная, предохранительная и регулирующая арматура",solution-water-water-supply.html,8,шаровые краны; задвижки; клапаны; редукторы давления; обратные клапаны; предохранительные клапаны; балансировочная арматура; фильтры грубой очистки,9,Ридан; Danfoss; Benarmo; Buderus; СпецПромАрматура; Sanline; Росма; Рехау; ТРЭМ инновации,3,Аквалид; Danfoss; ANI Plast,3,0,assets/img/solutions/detail/water/v12/water-valves-v12.webp,true,1200,900,99442,2ea42062b19a,1d5d5c3870304c0c,48.3,39.5,6.89,1,1
OK,OK,,engineering-equipment,Инженерное оборудование,water,Водоснабжение и водоотведение,water-supply,Водоснабжение,storm-drainage-kns-tanks-filter-cartridges,"Ливневая канализация, КНС, резервуары и фильтр-патроны",solution-water-water-supply.html,6,дождевая канализация; канализационные насосные станции; пожарные резервуары; питьевые резервуары; химстойкие резервуары; фильтр-патроны,1,Акватор,3,"Компания ""Тех-Аэро""; Компания Элмакс Групп; ООО НПО «Зенит-Север»",3,0,assets/img/solutions/detail/water/water-water-supply-storm-drainage-kns-tanks-filter-cartridges.webp,true,1200,900,146166,536d2d258cbe,074640f87dfcfc34,41.8,34.1,6.70,1,1
OK,OK,,engineering-equipment,Инженерное оборудование,water,Водоснабжение и водоотведение,water-supply,Водоснабжение,water-pumps,Насосное оборудование,solution-water-water-supply.html,7,циркуляционные насосы; повысительные насосы; скважинные насосы; дренажные насосы; канализационные насосы; насосные станции; пожарные насосы,4,Aquastrong; Wilo; Джилекс; Водокомфорт,3,Wilo; ООО «Джетекс»; Центр Комплектации Оборудованием,3,0,assets/img/solutions/detail/water/water-water-supply-water-pumps.webp,true,1200,900,167086,e72fea8f7bac,0f1f4b0878f0c8c2,31.1,33.9,6.35,1,1
OK,OK,,engineering-equipment,Инженерное оборудование,water,Водоснабжение и водоотведение,water-supply,Водоснабжение,truba-polipropilen,Труба полипропилен,solution-water-water-supply.html,1,Труба полипропилен,0,,1,Завод РВК,1,0,assets/img/solutions/detail/water/water-water-supply-truba-polipropilen.webp,true,1200,900,94352,4750b01a2cc7,70e0f0c0c0fefc00,66.6,60.3,7.23,1,1
OK,OK,,engineering-equipment,Инженерное оборудование,water,Водоснабжение и водоотведение,water-supply,Водоснабжение,water-pipes-and-accessories,Трубы и аксессуары для трубопровода,solution-water-water-supply.html,7,ПЭ трубы; ПП трубы; PEX трубы; металлопластиковые трубы; фитинги; коллекторы; крепеж и аксессуары,10,Sanext; Про Аква; Агригазполимер; ГК Полипластик; ПроТрейд; ПОЛИТЭК; Тульский завод полиэтиленовых труб; РГК; ПромМет; Уником,4,Аквалид; REHAU; Sanext; Uponor,4,0,assets/img/solutions/detail/water/water-water-supply-water-pipes-and-accessories.webp,true,1200,900,130336,3da8b836a745,0360606701f9fe78,38.3,34.0,6.57,1,1
OK,OK,,engineering-equipment,Инженерное оборудование,water,Водоснабжение и водоотведение,water-supply,Водоснабжение,uzly-ucheta-vody,Узлы учета воды,solution-water-water-supply.html,1,Узлы учета воды,0,,1,ВЗЛЕТ,1,0,assets/img/solutions/detail/water/water-water-supply-uzly-ucheta-vody.webp,true,1200,900,150032,bb7ec14f7cf0,1c3e3e3c1c3c9c00,51.7,49.3,7.05,1,1
OK,OK,,engineering-equipment,Инженерное оборудование,water,Водоснабжение и водоотведение,stormwater-treatment-facilities,Ливнево-очистные сооружения,stormwater-treatment-facilities-group,Ливнево-очистные сооружения,solution-water-stormwater-treatment-facilities.html,6,локальные очистные сооружения; ливневые очистные сооружения; пескоуловители; нефтеуловители; сорбционные блоки; комплект ЛОС,14,МТК-ИНЖИНИРИНГ; МАДИКС; Элмакс; ПТК ФАВОРИТ; ОЗОН; НЭТВОКС; Vökker; ЭКОЛОС; Элита; СПМ-инжиниринг; М3Пласт; Гринлос; Завод ВМК; АктивСток,1,АктивСток,1,0,assets/img/solutions/detail/water/water-stormwater-treatment-facilities-stormwater-treatment-facilities-group.webp,true,1200,900,80496,16adc5952dd7,003c7e3ebefe0000,65.2,47.5,7.09,1,1
OK,OK,,engineering-equipment,Инженерное оборудование,water,Водоснабжение и водоотведение,external-water-and-sewer-networks,Наружные сети водоснабжения и канализации,kns,КНС,solution-water-external-water-and-sewer-networks.html,1,КНС,0,,3,"Компания ""Тех-Аэро""; Компания Элмакс Групп; ООО НПО «Зенит-Север»",3,0,assets/img/solutions/detail/water/water-external-water-and-sewer-networks-kns.webp,true,1200,900,197164,ac6d1a030fd2,2070f0f6f0505e7f,36.2,33.1,6.55,1,1
OK,OK,,engineering-equipment,Инженерное оборудование,water,Водоснабжение и водоотведение,external-water-and-sewer-networks,Наружные сети водоснабжения и канализации,los,ЛОС,solution-water-external-water-and-sewer-networks.html,1,ЛОС,0,,1,АктивСток,1,0,assets/img/solutions/detail/water/water-external-water-and-sewer-networks-los.webp,true,1200,900,222952,950fd78d8798,fef8300800047e00,65.0,47.2,7.28,1,1
OK,OK,,engineering-equipment,Инженерное оборудование,water,Водоснабжение и водоотведение,external-water-and-sewer-networks,Наружные сети водоснабжения и канализации,naruzhnye-seti-vodosnabzheniya-i-kanalizatsii,Наружные сети водоснабжения и канализации,solution-water-external-water-and-sewer-networks.html,1,Наружные сети водоснабжения и канализации,0,,1,ПОЛИПЛАСТИК,1,0,assets/img/solutions/detail/water/water-external-water-and-sewer-networks-naruzhnye-seti-vodosnabzheniya-i-kanalizatsii.webp,true,1200,900,254856,8495f5589edf,f8fcfe8f07000000,46.4,34.1,6.78,1,1
OK,OK,,engineering-equipment,Инженерное оборудование,water,Водоснабжение и водоотведение,sanitary-equipment,Сантехническое оборудование,wall-hung-toilet-kit,Комплект для подвесного унитаза,solution-water-sanitary-equipment.html,4,инсталляция; подвесной унитаз; кнопка смыва; комплект инсталляции,7,Славен; Roca; Geberit; Jika; Ideal; Rosa; Santek,2,Roca; Santek,2,0,assets/img/solutions/detail/water/water-sanitary-equipment-wall-hung-toilet-kit.webp,true,1200,900,49324,ba8fee31cc33,e8a42c8c1818f0ff,43.6,48.2,6.73,1,1
OK,OK,,engineering-equipment,Инженерное оборудование,water,Водоснабжение и водоотведение,sanitary-equipment,Сантехническое оборудование,bathroom-complectation,Комплектация санузла,solution-water-sanitary-equipment.html,5,унитазы; раковины; душевые системы; аксессуары санузла; комплект сантехники,6,Idea; Roca; Центр Сантехники; Santeri; Sanita; Santek,21,"SALINI; Торговый Дом ""МИСТИ""; AQUAPOLIS; LEO center; АЛЬТЕРПЛАСТ; ГАЛЛОП; ГЛОБУС СТАЛЬ; Завод РВК; НПП ""ЮНИКОР""; Новоуральский трубный завод; ООО «Приволжский Завод Металлоизделий»; ООО ДКО ПОЛИПЛАСТИК; ООО НПО ""АВЕКТРА; ООО ПК ""Поли-Групп""; ООО Трубный завод; РТР; ЭВАН; Sanita; Santeri; Roca; Santek",21,0,assets/img/solutions/detail/water/water-sanitary-equipment-bathroom-complectation.webp,true,1200,900,69788,6f234acaa6ab,00047cf0fede7030,70.9,43.0,7.11,1,1
OK,OK,,engineering-equipment,Инженерное оборудование,water,Водоснабжение и водоотведение,sanitary-equipment,Сантехническое оборудование,rakoviny-i-unitazy,Раковины и унитазы,solution-water-sanitary-equipment.html,1,Раковины и унитазы,0,,20,"SALINI; AQUAPOLIS; LEO center; АЛЬТЕРПЛАСТ; ГАЛЛОП; ГЛОБУС СТАЛЬ; Завод РВК; НПП ""ЮНИКОР""; Новоуральский трубный завод; ООО «Приволжский Завод Металлоизделий»; ООО ДКО ПОЛИПЛАСТИК; ООО НПО ""АВЕКТРА; ООО ПК ""Поли-Групп""; ООО Трубный завод; РТР; ЭВАН; Sanita; Santeri; Roca; Santek",20,0,assets/img/solutions/detail/water/water-sanitary-equipment-rakoviny-i-unitazy.webp,true,1200,900,128328,1cf954b99274,30f1e4e0333b1d0f,60.5,52.7,7.17,1,1
OK,OK,,engineering-equipment,Инженерное оборудование,water,Водоснабжение и водоотведение,sanitary-equipment,Сантехническое оборудование,sanfayans,Санфаянс,solution-water-sanitary-equipment.html,5,Унитазы; Писсуары; Раковины; Мойки; Душевые поддоны,0,,20,"SALINI; AQUAPOLIS; LEO center; АЛЬТЕРПЛАСТ; ГАЛЛОП; ГЛОБУС СТАЛЬ; Завод РВК; НПП ""ЮНИКОР""; Новоуральский трубный завод; ООО «Приволжский Завод Металлоизделий»; ООО ДКО ПОЛИПЛАСТИК; ООО НПО ""АВЕКТРА; ООО ПК ""Поли-Групп""; ООО Трубный завод; РТР; ЭВАН; Sanita; Santeri; Roca; Santek",20,0,assets/img/solutions/detail/water/water-sanitary-equipment-sanfayans.webp,true,1200,900,130606,02fadd506aff,00684c5fecf61a3c,43.8,45.9,6.80,1,1
OK,OK,,engineering-equipment,Инженерное оборудование,water,Водоснабжение и водоотведение,sanitary-equipment,Сантехническое оборудование,mixers,Смесители,solution-water-sanitary-equipment.html,4,смесители для раковины; смесители для ванны; душевые смесители; термостатические смесители,6,АНИ Пласт; Ideal; Славен; Roca; Профсан; Центр Сантехники,15,"AQUAPOLIS; LEO center; АЛЬТЕРПЛАСТ; ГАЛЛОП; ГЛОБУС СТАЛЬ; Завод РВК; НПП ""ЮНИКОР""; Новоуральский трубный завод; ООО «Приволжский Завод Металлоизделий»; ООО ДКО ПОЛИПЛАСТИК; ООО НПО ""АВЕКТРА; ООО ПК ""Поли-Групп""; ООО Трубный завод; РТР; ЭВАН",15,0,assets/img/solutions/detail/water/v12/water-mixers-v12.webp,true,1200,900,83672,30bb2b589b9a,f0f0f0f8fcf46026,49.4,35.0,6.74,1,1
OK,OK,,engineering-equipment,Инженерное оборудование,gas,Газоснабжение,gas-analysis,Газоанализаторы,gas-analyzers,Газоанализаторы,solution-gas-gas-analysis.html,6,стационарные газоанализаторы; переносные газоанализаторы; сигнализаторы загазованности; датчики газа; контроллеры газоанализа; принадлежности и поверочные комплекты,1,Научно-производственное предприятие ГазоАнализ,1,НПП «ГазоАналит»,1,0,assets/img/solutions/detail/gas/gas-gas-analysis-gas-analyzers.webp,true,1200,900,39658,0ebec8bc9d8d,003e3f277f7b0181,44.1,29.1,6.46,1,1
OK,OK,,engineering-equipment,Инженерное оборудование,accessibility,Доступная среда,vertikalnoe-peremeschenie,Вертикальное перемещение,podemnye-platformy,Подъемные платформы,solution-accessibility-vertikalnoe-peremeschenie.html,1,Подъемные платформы,0,,1,Тифлоцентр,1,0,assets/img/solutions/detail/accessibility/accessibility-vertikalnoe-peremeschenie-podemnye-platformy.webp,true,1200,900,84690,c3d6364b98e0,08e0e3ee60e0c1f7,53.8,35.7,6.78,1,1
OK,OK,,engineering-equipment,Инженерное оборудование,accessibility,Доступная среда,vhodnaya-gruppa,Входная группа,pandusy,Пандусы,solution-accessibility-vhodnaya-gruppa.html,5,Поручни; Противоскользящие покрытие; Кнопки вызова персонала; Контрастная маркировка дверей; Рампы и трапы,0,,1,Тифлоцентр,1,0,assets/img/solutions/detail/accessibility/accessibility-vhodnaya-gruppa-pandusy.webp,true,1200,900,114908,ab180360ffca,2060000f7ff0067c,52.2,41.7,6.70,1,1
OK,OK,,engineering-equipment,Инженерное оборудование,accessibility,Доступная среда,informatsionnoe-obespechenie,Информационное обеспечение,informatsionnoe-obespechenie,Информационное обеспечение,solution-accessibility-informatsionnoe-obespechenie.html,1,Информационное обеспечение,0,,1,Тифлоцентр,1,0,assets/img/solutions/detail/accessibility/accessibility-informatsionnoe-obespechenie-informatsionnoe-obespechenie.webp,true,1200,900,78020,3d82a6633698,043e1c1818435f1f,33.3,33.2,6.37,1,1
OK,OK,,engineering-equipment,Инженерное оборудование,accessibility,Доступная среда,ramps,Пандусы,folding-ramps,Откидные,solution-accessibility-ramps.html,5,откидные пандусы; стационарные пандусы; модульные пандусы; телескопические пандусы; комплектующие пандусов,4,Тифлоцентр; Доступная страна; ООО ТД ДС; Завод специального оборудования,1,Тифлоцентр,1,0,assets/img/solutions/detail/accessibility/accessibility-ramps-folding-ramps.webp,true,1200,900,147652,0cca75e0519e,002028fc3c1e1f78,65.2,50.4,7.29,1,1
OK,OK,,engineering-equipment,Инженерное оборудование,accessibility,Доступная среда,parkovochnye-mesta,Парковочные места,dorozhnye-znaki,Дорожные знаки,solution-accessibility-parkovochnye-mesta.html,1,Дорожная разметка,0,,1,РусДорЗнак,1,0,assets/img/solutions/detail/accessibility/accessibility-parkovochnye-mesta-dorozhnye-znaki.webp,true,1200,900,62902,f8204ef480eb,60787878383b7110,45.2,31.5,6.62,1,1
OK,OK,,engineering-equipment,Инженерное оборудование,accessibility,Доступная среда,accessibility-lifters-system,Подъемники,accessibility-lifts,Подъемники,solution-accessibility-accessibility-lifters-system.html,5,вертикальные подъемники; наклонные подъемники; платформенные подъемники; лестничные подъемники; комплектующие подъемников,4,Veara; РОСЬ; Тифлоцентр; Лазер-НН,1,Тифлоцентр,1,0,assets/img/solutions/detail/accessibility/accessibility-accessibility-lifters-system-accessibility-lifts.webp,true,1200,900,97810,ff8a53a7d49a,81b1b0d2c39f0e00,35.6,33.7,6.25,1,1
OK,OK,,engineering-equipment,Инженерное оборудование,accessibility,Доступная среда,handrails,Поручни,accessibility-handrails,Поручни,solution-accessibility-handrails.html,6,поручни настенные; поручни напольные; поручни для санузлов; поручни для пандусов; ограждения; комплектующие,5,Тифлоцентр; Доступная страна; ООО ТД ДС; Завод специального оборудования; Тверской Завод поручней,1,Тифлоцентр,1,0,assets/img/solutions/detail/accessibility/accessibility-handrails-accessibility-handrails.webp,true,1200,900,98768,a2c1c3e4042b,b03e9efe3f1c0000,49.3,36.7,6.42,1,1
OK,OK,,engineering-equipment,Инженерное оборудование,accessibility,Доступная среда,puti-dvizheniya-po-territorii,Пути движения по территории,taktilnaya-plitka,Тактильная плитка,solution-accessibility-puti-dvizheniya-po-territorii.html,1,Тактильная плитка,0,,1,Тифлоцентр,1,0,assets/img/solutions/detail/accessibility/accessibility-puti-dvizheniya-po-territorii-taktilnaya-plitka.webp,true,1200,900,111730,3dade6829565,00001c3e7e1e0471,54.8,51.8,6.92,1,1
OK,OK,,engineering-equipment,Инженерное оборудование,accessibility,Доступная среда,ramps-and-traps,Рампы и трапы,accessibility-ramps-and-traps,Рампы и трапы,solution-accessibility-ramps-and-traps.html,6,рампы; трапы; мобильные рампы; перекатные рампы; пороговые трапы; комплектующие,4,Тифлоцентр; Доступная страна; ООО ТД ДС; Завод специального оборудования,1,Тифлоцентр,1,0,assets/img/solutions/detail/accessibility/accessibility-ramps-and-traps-accessibility-ramps-and-traps.webp,true,1200,900,85046,6dd9c7fc02ed,1c7e7e7e78200002,38.3,33.1,6.17,1,1
OK,OK,,engineering-equipment,Инженерное оборудование,hvac,ОВиК и тепловые сети,individual-heat-substation,Индивидуальный тепловой пункт,heat-exchanger-and-pumps,"Теплообменник, насосы",solution-hvac-individual-heat-substation.html,7,пластинчатые теплообменники; циркуляционные насосы; насосные группы; регулирующая арматура; балансировочная арматура; автоматика ИТП; блочные тепловые пункты,2,Ридан; СпецПромАрматура,2,Wilo; ООО «Джетекс»,2,0,assets/img/solutions/detail/hvac/hvac-individual-heat-substation-heat-exchanger-and-pumps.webp,true,1200,900,109166,f8cc27a55028,003cbca4f0fb80f0,39.3,44.6,6.53,1,1
OK,OK,,engineering-equipment,Инженерное оборудование,hvac,ОВиК и тепловые сети,heating-radiators,Радиаторы,konvektory,Конвекторы,solution-hvac-heating-radiators.html,1,Конвекторы,0,,2,PRADO; RIFAR,2,0,assets/img/solutions/detail/hvac/hvac-heating-radiators-konvektory.webp,true,1200,900,149788,c0e14eb26340,0f0f060c1f1d0c0f,58.7,51.5,7.20,1,1
OK,OK,,engineering-equipment,Инженерное оборудование,hvac,ОВиК и тепловые сети,heating-radiators,Радиаторы,radiatory,Радиаторы,solution-hvac-heating-radiators.html,6,Биметаллические; Стальные панельные; Стальные трубчатые; Алюминиевые; Чугунные; Конвекторы,0,,3,PRADO; RIFAR; Solur aluminium Company,3,0,assets/img/solutions/detail/hvac/hvac-heating-radiators-radiatory.webp,true,1200,900,92498,20c6042660c9,00105410f0f6137f,44.3,49.4,6.74,1,1
OK,OK,,engineering-equipment,Инженерное оборудование,hvac,ОВиК и тепловые сети,heating-radiators,Радиаторы,bimetallic-radiators,Радиаторы биметаллические,solution-hvac-heating-radiators.html,3,секционные биметаллические радиаторы; монолитные биметаллические радиаторы; комплектующие для подключения,4,Теплоприбор; Металлсервис; RIFAR; Сантехпром,3,PRADO; RIFAR; Solur aluminium Company,3,0,assets/img/solutions/detail/hvac/hvac-heating-radiators-bimetallic-radiators.webp,true,1200,900,95182,9d29647fc833,00003f3f7f6e0c00,89.3,60.8,7.48,1,1
OK,OK,,engineering-equipment,Инженерное оборудование,hvac,ОВиК и тепловые сети,heating-radiators,Радиаторы,steel-panel-radiators,Радиаторы стальные панельные,solution-hvac-heating-radiators.html,4,стальные панельные радиаторы; радиаторы с боковым подключением; радиаторы с нижним подключением; комплектующие для радиаторов,3,PRADO; RIFAR; Росма,3,PRADO; RIFAR; Solur aluminium Company,3,0,assets/img/solutions/detail/hvac/hvac-heating-radiators-steel-panel-radiators.webp,true,1200,900,120028,3fc9ee0b806f,01010101f1ff1f1e,67.2,47.7,7.22,1,1
OK,OK,,engineering-equipment,Инженерное оборудование,hvac,ОВиК и тепловые сети,air-ventilation,Система вентиляции воздуха,ventilation-system,Система вентиляции,solution-hvac-air-ventilation.html,8,приточные установки; вытяжные установки; приточно-вытяжные установки; канальное оборудование; воздуховоды; вентиляторы; решетки и диффузоры; автоматика вентиляции,5,Корф; СВОК; СВЕЗА; NED; Ялка,18,"ООО Невидимые решетки; KORF; Clivet; KENTATSU; MIDEA; VAKIO; ВЕНТАРТ ГРУПП ООО; ВЕНТИНФОРМ ООО; ВЕНТСИСТЕМС ООО; ВТС ООО; Вентиляционный завод Виктория; ГРАДВЕНТ ООО; ГРУППА КОМПАНИЙ ПОЛЕКС ООО; ДЫМОХОД ООО; КЛИМАТВЕНТМАШ; ООО ""ПАНОРАМАВЕНТ""; ООО Вентилиционные системы; ЯЛКА ООО",18,0,assets/img/solutions/detail/hvac/hvac-air-ventilation-ventilation-system.webp,true,1200,900,139240,82c9b324d4aa,000020fdff5f1fbf,122.2,57.0,7.60,1,1
OK,OK,,engineering-equipment,Инженерное оборудование,hvac,ОВиК и тепловые сети,air-ventilation,Система вентиляции воздуха,air-disinfection-system,Система обеззараживания воздуха,solution-hvac-air-ventilation.html,4,установки обеззараживания воздуха; рециркуляторы; очистители воздуха; фильтрующие модули,1,Аэролайф,1,KORF,1,0,assets/img/solutions/detail/hvac/hvac-air-ventilation-air-disinfection-system.webp,true,1200,900,105098,5ba4627225de,00071ffefcf80003,62.4,58.5,7.14,1,1
OK,OK,,engineering-equipment,Инженерное оборудование,hvac,ОВиК и тепловые сети,air-conditioning,Система кондиционирования воздуха,vrf-vrv-i-split-sistemy,"VRF, VRV и сплит системы",solution-hvac-air-conditioning.html,1,"VRF, VRV и сплит системы",0,,3,Clivet; KENTATSU; MIDEA,3,0,assets/img/solutions/detail/hvac/v12/hvac-vrf-vrv-split-v12.webp,true,1200,900,89998,acc51b0bab61,008080b8fcfe3cc0,48.9,53.0,6.69,1,1
OK,OK,,engineering-equipment,Инженерное оборудование,hvac,ОВиК и тепловые сети,air-conditioning,Система кондиционирования воздуха,vrf-vrv-and-split-systems,"VRF, VRV и сплит-системы",solution-hvac-air-conditioning.html,7,VRF системы; VRV системы; мультисплит-системы; сплит-системы; наружные блоки; внутренние блоки; фреоновые трассы и аксессуары,6,MIDEA; DAIKIN; BOSCH; KENTATSU; Clivet; Toshiba,3,Clivet; KENTATSU; MIDEA,3,0,assets/img/solutions/detail/hvac/hvac-air-conditioning-vrf-vrv-and-split-systems.webp,true,1200,900,127126,e9c8d7eea899,383c0ee0c0c0fd7c,52.0,42.3,6.93,1,1
OK,OK,,engineering-equipment,Инженерное оборудование,hvac,ОВиК и тепловые сети,teplovye-zavesy,Тепловые завесы,teplovye-zavesy,Тепловые завесы,solution-hvac-teplovye-zavesy.html,3,Электрические; Водяные; Воздушные,0,,2,Ballu; Тепломаш,2,0,assets/img/solutions/detail/hvac/hvac-teplovye-zavesy-teplovye-zavesy.webp,true,1200,900,88790,5db6a46a2b63,c6fefe8e8e060000,51.6,28.3,6.52,1,1
OK,OK,,engineering-equipment,Инженерное оборудование,hvac,ОВиК и тепловые сети,teplovye-seti,Тепловые сети,truba-v-ppu,Труба в ППУ,solution-hvac-teplovye-seti.html,1,Труба в ППУ,0,,12,K-FLEX; Завод Теплоизоляции УМК; Завод изоляции труб компании СТС Изоляция; Компания «Теплоизоляция-Холдинг»; ООО «ИКАПЛАСТ»; ООО «ПК ТеплоЭнергоПласт»; ООО «ТеплоСетьИзол»; ООО «Теплосеть»; ООО СЗТОиМ»; ПК СЗ «СТРОЙИЗОЛЯЦИЯ»; Северо-Западная Трубная Гидроизоляционная Компания; ООО«СИБПРОМ»,12,0,assets/img/solutions/detail/hvac/hvac-teplovye-seti-truba-v-ppu.webp,true,1200,900,77564,13d54dcf8c15,1e1e1f0c0c380038,48.9,47.1,6.91,1,1
OK,OK,,engineering-equipment,Инженерное оборудование,fire,Пожарная безопасность,automatic-fire-alarm,АПС,automatic-sprinkler-fire-extinguishing,Автоматическое (спринклерное) пожаротушение,solution-fire-automatic-fire-alarm.html,6,спринклерные оросители; дренчерные оросители; узлы управления; насосные группы; фитинги и трубопроводы; комплектующие спринклерной системы,2,ГК Гефест; ЗАО ПО Спецавтоматика,1,Спецавтоматика,1,0,assets/img/solutions/detail/fire/fire-automatic-fire-alarm-automatic-sprinkler-fire-extinguishing.webp,true,1200,900,95510,2c1f2876e1b7,00f8fe3e3a3849c1,48.8,32.3,6.76,1,1
OK,OK,,engineering-equipment,Инженерное оборудование,fire,Пожарная безопасность,automatic-fire-alarm,АПС,avtomaticheskoe-sprinklernoe-pozharotushenie,Автоматическое спринклерное пожаротушение,solution-fire-automatic-fire-alarm.html,1,Автоматическое спринклерное пожаротушение,0,,1,Спецавтоматика,1,0,assets/img/solutions/detail/fire/fire-automatic-fire-alarm-avtomaticheskoe-sprinklernoe-pozharotushenie.webp,true,1200,900,97642,a7f8797ad6ab,2000000177257fff,34.2,25.0,6.17,1,1
OK,OK,,engineering-equipment,Инженерное оборудование,fire,Пожарная безопасность,automatic-fire-alarm,АПС,autonomous-fire-extinguishing-system,Автономная система пожаротушения,solution-fire-automatic-fire-alarm.html,5,автономные модули пожаротушения; пиротехнические модули; аэрозольные установки; локальные системы тушения; комплекты автономного тушения,1,АСТ Пирохимика,1,Спецавтоматика,1,0,assets/img/solutions/detail/fire/fire-automatic-fire-alarm-autonomous-fire-extinguishing-system.webp,true,1200,900,79906,9c0b9b0413b6,ff81c407070e06c0,84.6,46.2,7.42,1,1
OK,OK,,engineering-equipment,Инженерное оборудование,fire,Пожарная безопасность,automatic-fire-alarm,АПС,aerozolnoe-pozharotushenie,Аэрозольное пожаротушение,solution-fire-automatic-fire-alarm.html,1,Аэрозольное пожаротушение,0,,1,Спецавтоматика,1,0,assets/img/solutions/detail/fire/fire-automatic-fire-alarm-aerozolnoe-pozharotushenie.webp,true,1200,900,104982,0404a58da21f,e678f8a040201c18,34.5,35.5,6.43,1,1
OK,OK,,engineering-equipment,Инженерное оборудование,fire,Пожарная безопасность,automatic-fire-alarm,АПС,internal-fire-extinguishing,Внутреннее пожаротушение,solution-fire-automatic-fire-alarm.html,6,пожарные шкафы; пожарные краны; рукава; стволы; комплекты ВПВ; пожарный инвентарь,1,НПО Пульс,1,Спецавтоматика,1,0,assets/img/solutions/detail/fire/fire-automatic-fire-alarm-internal-fire-extinguishing.webp,true,1200,900,99438,c08421f6afbc,4040e0eccc746ffe,39.5,33.6,6.67,1,1
OK,OK,,engineering-equipment,Инженерное оборудование,fire,Пожарная безопасность,automatic-fire-alarm,АПС,vodyanoe-pozharotushenie,Водяное пожаротушение,solution-fire-automatic-fire-alarm.html,1,Водяное пожаротушение,0,,1,Спецавтоматика,1,0,assets/img/solutions/detail/fire/fire-automatic-fire-alarm-vodyanoe-pozharotushenie.webp,true,1200,900,171314,eb535d9e9d79,00c0f0ff300c7f08,34.7,31.7,6.34,1,1
OK,OK,,engineering-equipment,Инженерное оборудование,fire,Пожарная безопасность,automatic-fire-alarm,АПС,gazovoe-pozharotushenie,Газовое пожаротушение,solution-fire-automatic-fire-alarm.html,1,Газовое пожаротушение,0,,1,Спецавтоматика,1,0,assets/img/solutions/detail/fire/fire-automatic-fire-alarm-gazovoe-pozharotushenie.webp,true,1200,900,150412,0d705da95fec,0038bcbc38303e3c,43.9,43.8,6.83,1,1
OK,OK,,engineering-equipment,Инженерное оборудование,fire,Пожарная безопасность,automatic-fire-alarm,АПС,emergency-notification-and-control-equipment,"Оборудование для экстренного уведомления и контроля (СПС, СКУД, СОТС)",solution-fire-automatic-fire-alarm.html,6,кнопки экстренного вызова; терминалы контроля; контроллеры; считыватели; системы уведомления; интеграционные модули,2,Рубеж; BIOSMART,2,НВП Болид; Рубеж,2,0,assets/img/solutions/detail/fire/fire-automatic-fire-alarm-emergency-notification-and-control-equipment.webp,true,1200,900,73154,3f1f8efa3370,f8d1c040501a7e1f,37.6,35.6,6.49,1,1
OK,OK,,engineering-equipment,Инженерное оборудование,fire,Пожарная безопасность,automatic-fire-alarm,АПС,security-and-fire-alarm,Охранно-пожарная сигнализация,solution-fire-automatic-fire-alarm.html,7,приемно-контрольные приборы; пожарные извещатели; охранные извещатели; оповещатели; модули управления; источники питания; ПО и панели индикации,5,Рубеж Global; ЗЕВС; Аргус-Спектр; Луис+; LPA,3,"НВП Болид; Рубеж; ООО НПП ""МАГНИТО-КОНТАКТ""",3,0,assets/img/solutions/detail/fire/fire-automatic-fire-alarm-security-and-fire-alarm.webp,true,1200,900,64902,accc50b1e693,40715b191900073f,53.0,36.6,6.58,1,1
OK,OK,,engineering-equipment,Инженерное оборудование,fire,Пожарная безопасность,automatic-fire-alarm,АПС,poroshkovoe-pozharotushenie,Порошковое пожаротушение,solution-fire-automatic-fire-alarm.html,1,Порошковое пожаротушение,0,,1,Спецавтоматика,1,0,assets/img/solutions/detail/fire/fire-automatic-fire-alarm-poroshkovoe-pozharotushenie.webp,true,1200,900,109074,25326cb25c37,00000e0e0e0e0f0e,45.9,44.6,6.86,1,1
OK,OK,,engineering-equipment,Инженерное оборудование,fire,Пожарная безопасность,automatic-fire-alarm,АПС,protivodymnaya-zaschita-i-avtomaticheskoe-pozharotushenie,Противодымная защита и автоматическое пожаротушение,solution-fire-automatic-fire-alarm.html,1,Противодымная защита и автоматическое пожаротушение,0,,2,НВП Болид; Рубеж,2,0,assets/img/solutions/detail/fire/fire-automatic-fire-alarm-protivodymnaya-zaschita-i-avtomaticheskoe-pozharotushenie.webp,true,1200,900,158364,22a368000675,002643687890fe7e,45.2,36.7,6.85,1,1
OK,OK,,engineering-equipment,Инженерное оборудование,fire,Пожарная безопасность,automatic-fire-alarm,АПС,soue,СОУЭ,solution-fire-automatic-fire-alarm.html,1,СОУЭ,0,,2,НВП Болид; Рубеж,2,0,assets/img/solutions/detail/fire/fire-automatic-fire-alarm-soue.webp,true,1200,900,123614,5f077b0a1fc4,0787ce4c4c080f0f,42.2,33.5,6.71,1,1
OK,OK,,engineering-equipment,Инженерное оборудование,fire,Пожарная безопасность,automatic-fire-alarm,АПС,automatic-fire-extinguishing-systems,Системы автоматического пожаротушения,solution-fire-automatic-fire-alarm.html,12,модули пожаротушения; шкафы управления; пусковые устройства; датчики и извещатели; комплектующие АУПТ; спринклерные установки; дренчерные установки; водяное пожаротушение; газовое пожаротушение; порошковое пожаротушение; насосные группы; узлы управления,2,ЭФЕР; Эпатос,1,Спецавтоматика,1,0,assets/img/solutions/detail/fire/fire-automatic-fire-alarm-automatic-fire-extinguishing-systems.webp,true,1200,900,216770,13f375467d16,4070f7ff00081c7c,95.5,66.2,7.74,1,1
OK,OK,,engineering-equipment,Инженерное оборудование,fire,Пожарная безопасность,automatic-fire-alarm,АПС,fire-alarm-systems,Системы пожарной сигнализации,solution-fire-automatic-fire-alarm.html,7,приборы приёмно-контрольные; пожарные извещатели; ручные извещатели; оповещатели; модули и контроллеры; источники питания; кабель и комплектующие,0,,2,НВП Болид; Рубеж,2,0,assets/img/solutions/detail/fire/fire-automatic-fire-alarm-fire-alarm-systems.webp,true,1200,900,79514,34819542bf60,7c7c3f3d18c05400,49.8,36.2,6.63,1,1
OK,OK,,engineering-equipment,Инженерное оборудование,fire,Пожарная безопасность,automatic-fire-alarm,АПС,automatic-gas-fire-extinguishing,Установки автоматического газового пожаротушения,solution-fire-automatic-fire-alarm.html,6,модули газового пожаротушения; баллоны и батареи; шкафы управления; насадки; трубная обвязка; комплектующие АУГПТ,5,Заря; Холдинг ОСК групп; Пожарная автоматика; Луис+; АУГПТ (ЛПТ),1,Спецавтоматика,1,0,assets/img/solutions/detail/fire/fire-automatic-fire-alarm-automatic-gas-fire-extinguishing.webp,true,1200,900,128586,e301a923e8b0,ff3f1f07181878fc,123.5,66.2,7.65,1,1
OK,OK,,engineering-equipment,Инженерное оборудование,low-current,Слаботочные сети и связь,video-surveillance-and-network-equipment,Видеонаблюдение и сетевое оборудование,active-lan-equipment,Активное оборудование ЛВС,solution-low-current-video-surveillance-and-network-equipment.html,7,коммутаторы доступа; коммутаторы агрегации; маршрутизаторы; точки доступа Wi-Fi; SFP-модули; PoE-коммутаторы; сетевые контроллеры,3,Eltex; Satel; Вектор,2,Eltex; ITK,2,0,assets/img/solutions/detail/low-current/low-current-video-surveillance-and-network-equipment-active-lan-equipment.webp,true,1200,900,108088,65003efcccb4,009e9e9e0e0c0cc8,20.2,23.7,5.75,1,1
OK,OK,,engineering-equipment,Инженерное оборудование,low-current,Слаботочные сети и связь,video-surveillance-and-network-equipment,Видеонаблюдение и сетевое оборудование,video-surveillance-equipment,Оборудование видеонаблюдения,solution-low-current-video-surveillance-and-network-equipment.html,7,IP-камеры; аналоговые камеры; видеорегистраторы; серверы видеонаблюдения; видеостены; объективы и аксессуары; аналитика видеонаблюдения,8,RVI; Dahua; HikVision; HiWatch; IDIS; НИЦ 360; LPA; ISS,1,IDIS,1,0,assets/img/solutions/detail/low-current/low-current-video-surveillance-and-network-equipment-video-surveillance-equipment.webp,true,1200,900,95888,4b2432e0188a,03070706f8e80f07,44.9,35.7,6.70,1,1
OK,OK,,engineering-equipment,Инженерное оборудование,low-current,Слаботочные сети и связь,video-surveillance-and-network-equipment,Видеонаблюдение и сетевое оборудование,video-surveillance-systems,Системы видеонаблюдения,solution-low-current-video-surveillance-and-network-equipment.html,7,IP-камеры; аналоговые камеры; видеорегистраторы; серверы видеонаблюдения; мониторы; коммутаторы PoE; крепления и комплектующие,0,,1,IDIS,1,0,assets/img/solutions/detail/low-current/low-current-video-surveillance-and-network-equipment-video-surveillance-systems.webp,true,1200,900,79454,ce1657a96009,10170f0f2f607c00,36.0,41.9,6.53,1,1
OK,OK,,engineering-equipment,Инженерное оборудование,low-current,Слаботочные сети и связь,cable-networks-and-fols,Кабельные сети и ВОЛС,fiber-optic-cable,Волоконно-оптический кабель,solution-low-current-cable-networks-and-fols.html,7,грунтовый ВОК; ВОК для кабельной канализации; ВОК для прокладки в трубах; подвесной ВОК; самонесущий ВОК; дроп-кабель; комбинированный ВОК,1,Интегра Кабель,2,Интегра Кабель; ITK,2,0,assets/img/solutions/detail/low-current/low-current-cable-networks-and-fols-fiber-optic-cable.webp,true,1200,900,130702,4cbcf62abdeb,783171212ddede4c,56.9,39.1,7.05,1,1
OK,OK,,engineering-equipment,Инженерное оборудование,low-current,Слаботочные сети и связь,cable-networks-and-fols,Кабельные сети и ВОЛС,sks-kns-i-inzhenernoe-oborudovanie,"СКС, КНС и инженерное оборудование",solution-low-current-cable-networks-and-fols.html,1,"СКС, КНС и инженерное оборудование",0,,1,ITK,1,0,assets/img/solutions/detail/low-current/low-current-cable-networks-and-fols-sks-kns-i-inzhenernoe-oborudovanie.webp,true,1200,900,58704,04ff331a8561,7e7e7e3c3c380000,50.7,36.0,6.79,1,1
OK,OK,,engineering-equipment,Инженерное оборудование,low-current,Слаботочные сети и связь,pass-management-automation,Системы автоматизации пропускного режима,pass-terminals-and-queue-systems,"Программно-аппаратные комплексы, терминалы выдачи пропусков, системы электронных очередей",solution-low-current-pass-management-automation.html,6,терминалы выдачи пропусков; системы электронной очереди; ПО бюро пропусков; рабочие места администратора; сканеры документов; интеграционные модули,2,Инсайрес; Альфаматика,2,ONI; Альфаматика,2,0,assets/img/solutions/detail/low-current/low-current-pass-management-automation-pass-terminals-and-queue-systems.webp,true,1200,900,46318,e3aa8b4c4fc0,00d0d8d8f8f87066,46.7,37.9,6.77,1,1
OK,OK,,engineering-equipment,Инженерное оборудование,low-current,Слаботочные сети и связь,pass-management-automation,Системы автоматизации пропускного режима,sistemy-avtomatizatsii-propusknogo-rezhima,Системы автоматизации пропускного режима,solution-low-current-pass-management-automation.html,1,Системы автоматизации пропускного режима,0,,2,ONI; Альфаматика,2,0,assets/img/solutions/detail/low-current/low-current-pass-management-automation-sistemy-avtomatizatsii-propusknogo-rezhima.webp,true,1200,900,52036,bc78aec10b68,70f8fcf8f8ff0103,56.5,41.3,7.00,1,1
OK,OK,,engineering-equipment,Инженерное оборудование,low-current,Слаботочные сети и связь,access-control-systems,Системы контроля и управления доступом,locking-devices,Запирающие устройства,solution-low-current-access-control-systems.html,6,электромагнитные замки; электромеханические замки; доводчики; защелки; цилиндры; дверная автоматика,1,Dormakaba,1,Dormakaba,1,0,assets/img/solutions/detail/low-current/v12/low-current-locking-v12.webp,true,1600,1200,122710,114ccd99a20c,00060fa60684e6ef,31.8,38.3,6.29,1,1
OK,OK,,engineering-equipment,Инженерное оборудование,low-current,Слаботочные сети и связь,access-control-systems,Системы контроля и управления доступом,access-control-equipment,Оборудование СКУД,solution-low-current-access-control-systems.html,7,контроллеры СКУД; считыватели; идентификаторы; турникеты; замки; кнопки выхода; ПО СКУД,1,Elsys (ООО ЕС-Пром),2,Dormakaba; PERCo,2,0,assets/img/solutions/detail/low-current/low-current-access-control-systems-access-control-equipment.webp,true,1200,900,55196,0d50a4b8f337,800e0200f8fc7cd0,28.1,24.7,6.18,1,1
OK,OK,,engineering-equipment,Инженерное оборудование,low-current,Слаботочные сети и связь,access-control-systems,Системы контроля и управления доступом,skud,СКУД,solution-low-current-access-control-systems.html,1,СКУД,0,,2,Dormakaba; PERCo,2,0,assets/img/solutions/detail/low-current/low-current-access-control-systems-skud.webp,true,1200,900,101300,b915b7aae5bd,8000393130feff3f,38.2,31.9,6.57,1,1
OK,OK,,engineering-equipment,Инженерное оборудование,low-current,Слаботочные сети и связь,access-control-systems,Системы контроля и управления доступом,automatic-key-issue-systems,Системы автоматической выдачи ключей,solution-low-current-access-control-systems.html,5,ключевые шкафы; терминалы выдачи ключей; электронные ключницы; ПО учета ключей; идентификаторы,1,Keyguard (ООО Кигард),1,KeyGuard,1,0,assets/img/solutions/detail/low-current/low-current-access-control-systems-automatic-key-issue-systems.webp,true,1200,900,74178,a3981821a24c,03fbfb70383c2030,30.6,30.9,6.23,1,1
OK,OK,,engineering-equipment,Инженерное оборудование,low-current,Слаботочные сети и связь,access-control-systems,Системы контроля и управления доступом,sistemy-kontrolya-i-upravleniya-dostupom,Системы контроля и управления доступом,solution-low-current-access-control-systems.html,1,Системы контроля и управления доступом,0,,2,Dormakaba; PERCo,2,0,assets/img/solutions/detail/low-current/low-current-access-control-systems-sistemy-kontrolya-i-upravleniya-dostupom.webp,true,1200,900,83048,8b9719d2b650,031e5f0700e0f0f0,35.7,27.8,6.35,1,1
OK,OK,,engineering-equipment,Инженерное оборудование,low-current,Слаботочные сети и связь,intrusion-alarm-systems,Системы охранной сигнализации,intrusion-controllers-detectors,"Контроллеры, извещатели",solution-low-current-intrusion-alarm-systems.html,7,контрольные панели; охранные контроллеры; датчики движения; магнитоконтактные извещатели; сирены; клавиатуры; модули связи,1,Elsys (ООО ЕС-Пром),3,"НВП Болид; Рубеж; ООО НПП ""МАГНИТО-КОНТАКТ""",3,0,assets/img/solutions/detail/low-current/low-current-intrusion-alarm-systems-intrusion-controllers-detectors.webp,true,1200,900,37032,eb21f83aca08,003e3f277f7f0181,44.7,29.1,6.47,1,1
OK,OK,,engineering-equipment,Инженерное оборудование,low-current,Слаботочные сети и связь,intrusion-alarm-systems,Системы охранной сигнализации,sistemy-ohrannoy-signalizatsii,Системы охранной сигнализации,solution-low-current-intrusion-alarm-systems.html,1,Системы охранной сигнализации,0,,3,"НВП Болид; Рубеж; ООО НПП ""МАГНИТО-КОНТАКТ""",3,0,assets/img/solutions/detail/low-current/low-current-intrusion-alarm-systems-sistemy-ohrannoy-signalizatsii.webp,true,1200,900,58168,470bc8b864b8,061fbb3330f00080,38.2,27.9,6.27,1,1
OK,OK,,engineering-equipment,Инженерное оборудование,low-current,Слаботочные сети и связь,perimeter-intrusion-alarm-systems,Системы периметральной охранной сигнализации,perimeter-controllers-detectors,"Контроллеры, извещатели",solution-low-current-perimeter-intrusion-alarm-systems.html,7,периметральные извещатели; контроллеры периметра; вибрационные датчики; радиолучевые датчики; ИК-барьеры; сирены и оповещатели; комплектующие монтажа,2,Пунктир-А (ООО ОКБ Авгит); СОП Точка (ООО Импэкс-Групп),1,СОП Точка,1,0,assets/img/solutions/detail/low-current/v12/low-current-perimeter-v12.webp,true,1600,1200,154530,f24a94c461b6,4540e165676f2622,38.2,35.9,6.64,1,1
OK,OK,,engineering-equipment,Инженерное оборудование,low-current,Слаботочные сети и связь,information-collection-processing-systems,Системы сбора и обработки информации (ССОИ),ssoi-software-hardware-complexes,"ССОИ, Программно-аппаратные комплексы",solution-low-current-information-collection-processing-systems.html,6,ПО мониторинга безопасности; серверы ССОИ; модули интеграции; видеоменеджмент; аналитические модули; рабочие места оператора,3,Бастион-3; ПАК Бастион (ООО ЕС-Пром); ISS SecurOS (ООО Ай Эс Эс),1,Бастион-3 / ЕС-Пром,1,0,assets/img/solutions/detail/low-current/low-current-information-collection-processing-systems-ssoi-software-hardware-complexes.webp,true,1200,900,98512,b311d0c0a24d,001010342467ffc3,39.9,38.5,6.69,1,1
OK,OK,,engineering-equipment,Инженерное оборудование,low-current,Слаботочные сети и связь,sistemy-svyazi-i-dispetcherizatsii,Системы связи и диспетчеризации,asu-inzhenernymi-setyami,АСУ инженерными сетями,solution-low-current-sistemy-svyazi-i-dispetcherizatsii.html,1,АСУ инженерными сетями,0,,4,MasterSCADA; ONI; Schneider Electric; PROFESCO,4,0,assets/img/solutions/detail/low-current/low-current-sistemy-svyazi-i-dispetcherizatsii-asu-inzhenernymi-setyami.webp,true,1200,900,84884,2b0b8ac6336a,1010b8bff9c14240,29.9,24.6,5.85,1,1
OK,OK,,engineering-equipment,Инженерное оборудование,low-current,Слаботочные сети и связь,sistemy-svyazi-i-dispetcherizatsii,Системы связи и диспетчеризации,kommunikatsii-i-svyaz,Коммуникации и связь,solution-low-current-sistemy-svyazi-i-dispetcherizatsii.html,1,Коммуникации и связь,0,,1,IVA,1,0,assets/img/solutions/detail/low-current/low-current-sistemy-svyazi-i-dispetcherizatsii-kommunikatsii-i-svyaz.webp,true,1200,900,88314,d77b90e38bcf,264f4f008080c7f2,42.0,47.3,6.69,1,1
OK,OK,,engineering-equipment,Инженерное оборудование,low-current,Слаботочные сети и связь,sistemy-svyazi-i-dispetcherizatsii,Системы связи и диспетчеризации,sistemy-svyazi-i-dispetcherizatsii,Системы связи и диспетчеризации,solution-low-current-sistemy-svyazi-i-dispetcherizatsii.html,1,Системы связи и диспетчеризации,0,,4,MasterSCADA; ONI; IVA; PROFESCO,4,0,assets/img/solutions/detail/low-current/low-current-sistemy-svyazi-i-dispetcherizatsii-sistemy-svyazi-i-dispetcherizatsii.webp,true,1200,900,68340,5e13a0573070,7c7c785040404000,47.9,43.3,6.85,1,1
OK,OK,,engineering-equipment,Инженерное оборудование,low-current,Слаботочные сети и связь,sistemy-svyazi-i-dispetcherizatsii,Системы связи и диспетчеризации,telefoniya,Телефония,solution-low-current-sistemy-svyazi-i-dispetcherizatsii.html,1,Телефония,0,,1,IVA,1,0,assets/img/solutions/detail/low-current/low-current-sistemy-svyazi-i-dispetcherizatsii-telefoniya.webp,true,1200,900,70290,5be674cbd5bc,014959397cb8f880,34.7,31.2,6.33,1,1
OK,OK,,building-materials,Строительные материалы,architecture,Архитектурные решения,roofing-systems,Кровельные системы,krovelnye-sistemy,Кровельные системы,solution-architecture-roofing-systems.html,6,Металлочерепица; Фальцевая кровля; Пароизоляция; Водосточная система ПВХ; Водосточная система металл; Гибкая черепица,0,,3,"ТПК ""Татполимер""; Металл Профиль; Технониколь",3,0,assets/img/solutions/detail/architecture/architecture-roofing-systems-krovelnye-sistemy.webp,true,1200,900,45748,54b12002e21b,78ece6e6e6e48081,40.7,34.0,6.61,1,1
OK,OK,,building-materials,Строительные материалы,architecture,Архитектурные решения,windows-doors-glazing,"Окна, витражи, двери",dveri,Двери,solution-architecture-windows-doors-glazing.html,3,Металлическая; Противопожарная; Деревяннная),0,,3,"ООО ""Бронотекс""; ООО ""Феррони""; ООО «ПФ Хаммер»",3,0,assets/img/solutions/detail/architecture/architecture-windows-doors-glazing-dveri.webp,true,1200,900,118326,9566153da2d7,00dbfa58581e870e,48.1,34.8,6.88,1,1
OK,OK,,building-materials,Строительные материалы,architecture,Архитектурные решения,windows-doors-glazing,"Окна, витражи, двери",steel-and-fire-doors,Двери стальные и противопожарные,solution-architecture-windows-doors-glazing.html,3,стальные двери; противопожарные двери; технические двери,4,Гладиум; Бербекс; Сварник; НЭР,3,"ООО ""Бронотекс""; ООО ""Феррони""; ООО «ПФ Хаммер»",3,0,assets/img/solutions/detail/architecture/architecture-steel-doors.webp,true,1200,900,76316,98d67873d368,f0f8d898989e93ff,62.6,44.1,7.22,1,1
OK,OK,,building-materials,Строительные материалы,architecture,Архитектурные решения,windows-doors-glazing,"Окна, витражи, двери",okna,Окна,solution-architecture-windows-doors-glazing.html,3,ПВХ; Алюминиевые; Деревянные,0,,8,Kaleva; Melke; ORTEX; Thermo Glass; ООО «ОК-СИТИ»; Оконные технологии; Производственная компания АВИ СтройКомплект; VEKA,8,0,assets/img/solutions/detail/architecture/architecture-windows-doors-glazing-okna.webp,true,1200,900,110634,8117d8e17056,0026e28604ffdbc0,42.5,33.1,6.70,1,1
OK,OK,,building-materials,Строительные материалы,architecture,Архитектурные решения,windows-doors-glazing,"Окна, витражи, двери",pvc-windows,Окна ПВХ,solution-architecture-windows-doors-glazing.html,3,ПВХ окна; оконные блоки; профильные системы,4,Rehau; Алрокс; Алюстрой; Vidnal,8,Kaleva; Melke; ORTEX; Thermo Glass; ООО «ОК-СИТИ»; Оконные технологии; Производственная компания АВИ СтройКомплект; VEKA,8,0,assets/img/solutions/detail/architecture/architecture-pvc-windows.webp,true,1200,900,55502,dbaaf548da2a,00078fefef4f0000,132.7,57.8,7.49,1,1
OK,OK,,building-materials,Строительные материалы,architecture,Архитектурные решения,windows-doors-glazing,"Окна, витражи, двери",aluminum-windows-glazing,Окна и витражи в алюминиевом профиле,solution-architecture-windows-doors-glazing.html,3,алюминиевые окна; витражные системы; стоечно-ригельные системы,5,Rehau; Алрокс; Realit; Алюстрой; Vidnal,10,АЛРОКС; Kaleva; Melke; ORTEX; Thermo Glass; ООО «ОК-СИТИ»; Оконные технологии; Производственная компания АВИ СтройКомплект; ООО «АФК Лидер»; VEKA,10,0,assets/img/solutions/detail/architecture/architecture-aluminum-frame.webp,true,1440,1080,83348,152ed4b75050,00387e7a3e7e647c,86.5,47.8,7.46,1,1
OK,OK,,building-materials,Строительные материалы,architecture,Архитектурные решения,finishing-materials,Отделочные материалы,akusticheskie-resheniya,Акустические решения,solution-architecture-finishing-materials.html,1,Акустические решения,0,,1,Ecophon,1,0,assets/img/solutions/detail/architecture/architecture-finishing-materials-akusticheskie-resheniya.webp,true,1200,900,156022,ac6d341b6ad2,60188272273a3f87,36.9,33.2,6.58,1,1
OK,OK,,building-materials,Строительные материалы,architecture,Архитектурные решения,finishing-materials,Отделочные материалы,kraska,Краска,solution-architecture-finishing-materials.html,5,Для наружних работы; Для внутренних; Дизайнерские; По металлу; По дереву,0,,1,НПП СПЕКТР,1,0,assets/img/solutions/detail/architecture/architecture-finishing-materials-kraska.webp,true,1200,900,107094,f09e997993cc,0019181c1cbe8cc5,41.7,36.2,6.67,1,1
OK,OK,,building-materials,Строительные материалы,architecture,Архитектурные решения,finishing-materials,Отделочные материалы,paints-and-coatings,Краска / лакокрасочные материалы,solution-architecture-finishing-materials.html,5,интерьерная краска; фасадная краска; грунт; лак; антикоррозионное покрытие,5,Dulux; White line; Aura; Frapei; Odissey,1,НПП СПЕКТР,1,0,assets/img/solutions/detail/architecture/architecture-finishing-materials-paints-and-coatings.webp,true,1200,900,179554,b29a735ee82b,0808287f7bf07c10,63.8,56.1,7.31,1,1
OK,OK,,building-materials,Строительные материалы,architecture,Архитектурные решения,finishing-materials,Отделочные материалы,oboi,Обои,solution-architecture-finishing-materials.html,6,Стеклообои; Текстильные; Жидкие; Фотообои; Флизелиновые; Виниловые,0,,1,Стройобои,1,0,assets/img/solutions/detail/architecture/architecture-finishing-materials-oboi.webp,true,1200,900,179636,9aec5178cc63,00070f6f6f7e3c19,58.0,50.7,7.13,1,1
OK,OK,,building-materials,Строительные материалы,architecture,Архитектурные решения,finishing-materials,Отделочные материалы,suhie-smesi,Сухие смеси,solution-architecture-finishing-materials.html,7,Штукатурные; Шпаклевочные; Кладочные; Стяжка пола; Плиточный клей; Затирка; Гидроизоляционные,0,,4,Волма; Кнауф; Bergauf; GLIMS,4,0,assets/img/solutions/detail/architecture/architecture-finishing-materials-suhie-smesi.webp,true,1200,900,152270,54cb5e0b6822,00007c7c7e3e328c,53.7,48.7,7.10,1,1
OK,OK,,building-materials,Строительные материалы,architecture,Архитектурные решения,finishing-materials,Отделочные материалы,plasters-and-leveling-compounds,Штукатурные и выравнивающие смеси,solution-architecture-finishing-materials.html,5,штукатурка; шпаклевка; наливной пол; выравнивающая смесь; клей,10,Волма; Основит; Бергауф; Ceresit; Старатели; Юнис; Кнауф; Литокол; GLIMS; Перфекта,4,Волма; Кнауф; Bergauf; GLIMS,4,0,assets/img/solutions/detail/architecture/architecture-finishing-materials-plasters-and-leveling-compounds.webp,true,1200,900,118916,eb37771a49d3,0086e5e0ff3f80e0,58.5,47.4,7.05,1,1
OK,OK,,building-materials,Строительные материалы,architecture,Архитектурные решения,floors,Полы,porcelain-tile,Керамогранитная плитка,solution-architecture-floors.html,4,напольный керамогранит; настенный керамогранит; технический керамогранит; фасадный керамогранит,10,Эстима; Уральский керамогранит; Керама Марацци; Maimoon; Гроссаро; AXIMA; Пиастрелла; Unitile; Керамин; Almaceramica,4,"АО “ЗКИ” АО ""Завод керамических изделий г. Екатеринбург""; ООО ""Параллель""; KERAMA MARAZZI; Unitile",4,0,assets/img/solutions/detail/architecture/architecture-porcelain-tile.webp,true,1200,900,84620,e5e9573e6495,8182820203feffe3,67.0,48.2,7.28,1,1
OK,OK,,building-materials,Строительные материалы,architecture,Архитектурные решения,floors,Полы,komplektuyuschie-k-linoleumu,Комплектующие к линолеуму,solution-architecture-floors.html,2,Сварочный шнур; Клей,0,,1,Tarkett,1,0,assets/img/solutions/detail/architecture/architecture-floors-komplektuyuschie-k-linoleumu.webp,true,1200,900,159294,faa8eea0def5,c0f0ee64ee6e3833,58.0,41.4,7.08,1,1
OK,OK,,building-materials,Строительные материалы,architecture,Архитектурные решения,floors,Полы,laminat,Ламинат,solution-architecture-floors.html,3,32 класс; 33 класс; 34 класс,0,,1,Tarkett,1,0,assets/img/solutions/detail/architecture/architecture-floors-laminat.webp,true,1200,900,170942,a7b12e77b555,0000c0401ffffe7c,77.5,54.2,7.45,1,1
OK,OK,,building-materials,Строительные материалы,architecture,Архитектурные решения,floors,Полы,linoleum,Линолеум,solution-architecture-floors.html,4,коммерческий линолеум; натуральный линолеум; ПВХ покрытие; рулонное покрытие,4,Marmoleum; Tarkett; Forbo; DLV Flooring,1,Tarkett,1,0,assets/img/solutions/detail/architecture/architecture-linoleum.webp,true,1200,900,53450,2f7374959e03,3332323a38787a78,108.0,52.7,7.51,1,1
OK,OK,,building-materials,Строительные материалы,architecture,Архитектурные решения,floors,Полы,plintus,Плинтус,solution-architecture-floors.html,4,ПВХ; Алюминиевый; Деревянный; Плинтус с кабель каналом,0,,1,Tarkett,1,0,assets/img/solutions/detail/architecture/architecture-floors-plintus.webp,true,1200,900,144080,bcc6986ef0dd,3838383c7ef09081,63.1,40.1,7.10,1,1
OK,OK,,building-materials,Строительные материалы,architecture,Архитектурные решения,floors,Полы,podlozhka,Подложка,solution-architecture-floors.html,3,Хвойная; Пробковая; ППЭ,0,,1,Tarkett,1,0,assets/img/solutions/detail/architecture/architecture-floors-podlozhka.webp,true,1200,900,169036,72928bcbf0dd,0323a36b6ee03c7c,60.5,50.7,7.23,1,1
OK,OK,,building-materials,Строительные материалы,architecture,Архитектурные решения,floors,Полы,falshpoly,Фальшполы,solution-architecture-floors.html,3,Кальций-сульфат; ДСП; Алюминиевый,0,,1,INTERFLOOR,1,0,assets/img/solutions/detail/architecture/architecture-floors-falshpoly.webp,true,1200,900,173850,4576023b1572,0002027ff180dfff,68.3,48.1,7.24,1,1
OK,OK,,building-materials,Строительные материалы,architecture,Архитектурные решения,ceilings,Потолки,ceiling-systems,Потолочные системы,solution-architecture-ceilings.html,4,минеральные потолочные панели; металлические потолочные панели; подвесные потолочные системы; профили и комплектующие,6,Албес Board; GRAND LINE; Cesal; Ecophon; Rockfon; Armstrong,4,Ecophon; Кнауф; Cesal; ООО Техносервис,4,0,assets/img/solutions/detail/architecture/architecture-ceiling-systems.webp,true,1200,900,51872,123c5732dffa,0028f8fb30f0f0b0,64.6,45.0,7.16,1,1
OK,OK,,building-materials,Строительные материалы,architecture,Архитектурные решения,interior-wall-panels,Стены / интерьерные панели,gml-paneli,GML панели,solution-architecture-interior-wall-panels.html,1,GML панели,0,,2,"«Подольский завод стеновых и потолочных панелей» ООО «ПЗСПП»; Компания ""Ардко""",2,0,assets/img/solutions/detail/architecture/architecture-interior-wall-panels-gml-paneli.webp,true,1200,900,81362,0d850b5ac1da,000e1e1e1e1f1c0c,96.3,53.4,7.54,1,1
OK,OK,,building-materials,Строительные материалы,architecture,Архитектурные решения,interior-wall-panels,Стены / интерьерные панели,gml-wall-panels,GML стеновые панели,solution-architecture-interior-wall-panels.html,2,GML панели; гипсометаллические панели,5,ТД ИНТЕРПАН; Ingermax; Випрок; Криплат; Almax,2,"«Подольский завод стеновых и потолочных панелей» ООО «ПЗСПП»; Компания ""Ардко""",2,0,assets/img/solutions/detail/architecture/architecture-gml-panels.webp,true,1200,900,47952,f651b54970b4,363630b6b6307838,126.8,50.2,7.50,1,1
OK,OK,,building-materials,Строительные материалы,architecture,Архитектурные решения,interior-wall-panels,Стены / интерьерные панели,hpl-wall-panels,HPL стеновые панели,solution-architecture-interior-wall-panels.html,3,HPL панели; декоративные панели; панели для общественных помещений,4,PERFATEN; ARCOBALENO; Lemark; Слопласт Ф,1,«Завод слоистых пластиков»,1,0,assets/img/solutions/detail/architecture/architecture-hpl-panels.webp,true,1200,900,45432,e3e84afc28c8,23405cbc0c0ce0ff,66.5,34.7,6.98,1,1
OK,OK,,building-materials,Строительные материалы,architecture,Архитектурные решения,interior-wall-panels,Стены / интерьерные панели,sml-paneli,СМЛ панели,solution-architecture-interior-wall-panels.html,1,СМЛ панели,0,,1,MAGELAN,1,0,assets/img/solutions/detail/architecture/architecture-interior-wall-panels-sml-paneli.webp,true,1200,900,139516,6e8e33adda17,02070e3e3cbcc24f,78.2,52.4,7.36,1,1
OK,OK,,building-materials,Строительные материалы,architecture,Архитектурные решения,interior-wall-panels,Стены / интерьерные панели,sml-wall-panels,СМЛ стеновые панели,solution-architecture-interior-wall-panels.html,2,стекломагниевые листы; СМЛ панели,1,MAGELAN,1,MAGELAN,1,0,assets/img/solutions/detail/architecture/architecture-sml-panels.webp,true,1200,900,71970,b53e807e6a26,0606074f470fcf4c,88.5,47.0,7.46,1,1
OK,OK,,building-materials,Строительные материалы,architecture,Архитектурные решения,interior-wall-panels,Стены / интерьерные панели,santehnicheskie-peregorodki,Сантехнические перегородки,solution-architecture-interior-wall-panels.html,2,ЛДСП; HPL,0,,1,«Завод слоистых пластиков»,1,0,assets/img/solutions/detail/architecture/architecture-interior-wall-panels-santehnicheskie-peregorodki.webp,true,1200,900,97188,24aed857ecf7,000e5cdc04647c7f,57.4,38.3,6.95,1,1
OK,OK,,building-materials,Строительные материалы,architecture,Архитектурные решения,facades,Фасады,facade-hpl-panels,HPL панели,solution-architecture-facades.html,2,фасадные HPL панели; HPL облицовка,1,Слопласт,1,«Завод слоистых пластиков»,1,0,assets/img/solutions/detail/architecture/architecture-facades-facade-hpl-panels.webp,true,1200,900,44548,cd8a109acb09,073e7e7c7c7c3c00,39.7,27.9,5.07,1,1
OK,OK,,building-materials,Строительные материалы,architecture,Архитектурные решения,facades,Фасады,aluminum-cassettes,Алюминиевые кассеты,solution-architecture-facades.html,2,фасадные алюминиевые кассеты; кассеты индивидуального размера,3,PerfoProf; TDFS; AlcoteK,1,GRAND LINE,1,0,assets/img/solutions/detail/architecture/architecture-aluminum-cassettes.webp,true,1200,900,36656,0349ece03547,dededbc3c2c08000,97.5,54.1,7.57,1,1
OK,OK,,building-materials,Строительные материалы,architecture,Архитектурные решения,facades,Фасады,facade-substructure,Алюминиевый каркас,solution-architecture-facades.html,3,фасадная подсистема; алюминиевый каркас; кронштейны и направляющие,1,NORDFOX,4,АЛРОКС; GRAND LINE; NORDFOX; ООО «АФК Лидер»,4,0,assets/img/solutions/detail/architecture/architecture-facades-facade-substructure.webp,true,1200,900,103768,3946558981b9,030b1b191a5e3e1c,59.9,46.9,7.21,1,1
OK,OK,,building-materials,Строительные материалы,architecture,Архитектурные решения,facades,Фасады,facade-porcelain-slabs,Керамогранитные плиты,solution-architecture-facades.html,2,фасадный керамогранит; керамогранитные плиты,5,Эстима; Уральский керамогранит; Керама Марацци; Unitile; Керамин,4,"АО “ЗКИ” АО ""Завод керамических изделий г. Екатеринбург""; ООО ""Параллель""; KERAMA MARAZZI; Unitile",4,0,assets/img/solutions/detail/architecture/architecture-ceramic-facade-slabs.webp,true,1440,1080,175690,258827e34d72,82808ede1a3afefe,83.2,47.5,7.44,1,1
OK,OK,,building-materials,Строительные материалы,architecture,Архитектурные решения,facades,Фасады,metallokassety,Металлокассеты,solution-architecture-facades.html,3,Стальные; Алюминиевые; Нержавеющие,0,,3,GRAND LINE; Метстальгрупп; ЭлитФасад,3,0,assets/img/solutions/detail/architecture/architecture-facades-metallokassety.webp,true,1200,900,108612,0b3c4fa90c46,02079f3e3e8cc367,61.7,41.0,7.13,1,1
OK,OK,,building-materials,Строительные материалы,architecture,Архитектурные решения,facades,Фасады,ventilated-facade-systems,Навесные фасадные системы,solution-architecture-facades.html,3,НФС; вентилируемые фасады; комплект фасадной системы,3,Альтернатива; Силма; МеталлПрофиль,3,GRAND LINE; NORDFOX; ООО «АФК Лидер»,3,0,assets/img/solutions/detail/architecture/architecture-facades-ventilated-facade-systems.webp,true,1200,900,104174,74d33eed1b9d,383cfc7c2868630f,51.6,33.1,6.77,1,1
OK,OK,,building-materials,Строительные материалы,architecture,Архитектурные решения,facades,Фасады,podsistema-dlya-keramogranita,Подсистема для керамогранита,solution-architecture-facades.html,3,Алюминиевая; Оцинкованная; Нержавеющая,0,,2,GRAND LINE; NORDFOX,2,0,assets/img/solutions/detail/architecture/architecture-facades-podsistema-dlya-keramogranita.webp,true,1200,900,134632,92511d63827e,0e0e1e1ece6e308c,62.8,48.9,7.18,1,1
OK,OK,,building-materials,Строительные материалы,architecture,Архитектурные решения,facades,Фасады,uteplitel,Утеплитель,solution-architecture-facades.html,3,Стекло; Базальт; XPS,0,,4,K-FLEX; Технониколь; ROCKWOOL; ООО«СИБПРОМ»,4,0,assets/img/solutions/detail/architecture/architecture-facades-uteplitel.webp,true,1200,900,176890,41bd4b2ca4ab,002076367e7f6983,55.5,47.2,7.05,1,1
OK,OK,,building-materials,Строительные материалы,landscaping-and-site-improvement,Благоустройство и озеленение,dorozhnye-plity,Дорожные плиты,pag,ПАГ,solution-landscaping-and-site-improvement-dorozhnye-plity.html,2,ПДН; ПД,0,,1,"ОАО ""Гомельжелезобетон""",1,0,assets/img/solutions/detail/landscaping-and-site-improvement/landscaping-and-site-improvement-dorozhnye-plity-pag.webp,true,1200,900,257110,0572138ae8b8,8e8e809cfebe0000,47.2,31.1,6.24,1,1
OK,OK,,building-materials,Строительные материалы,landscaping-and-site-improvement,Благоустройство и озеленение,malye-arhitekturnye-formy-maf,Малые архитектурные формы (МАФ),sadovaya-mebel,Садовая мебель,solution-landscaping-and-site-improvement-malye-arhitekturnye-formy-maf.html,3,Маф; Декоративные ограждения; Зона отдыха,0,,1,Вивана,1,0,assets/img/solutions/detail/landscaping-and-site-improvement/landscaping-and-site-improvement-malye-arhitekturnye-formy-maf-sadovaya-mebel.webp,true,1200,900,93354,a4355f94062c,3fbfbf3a30000000,38.8,30.8,6.50,1,1
OK,OK,,building-materials,Строительные материалы,landscaping-and-site-improvement,Благоустройство и озеленение,ograzhdeniya-i-zonirovanie,Ограждения и зонирование,zabory,Заборы,solution-landscaping-and-site-improvement-ograzhdeniya-i-zonirovanie.html,2,Декоративные изгороди; Разделительные элементы,0,,1,GRAND LINE,1,0,assets/img/solutions/detail/landscaping-and-site-improvement/landscaping-and-site-improvement-ograzhdeniya-i-zonirovanie-zabory.webp,true,1200,900,75334,aa22b2b3ffaa,0e4e6e460080397f,32.7,24.9,6.25,1,1
OK,OK,,building-materials,Строительные материалы,landscaping-and-site-improvement,Благоустройство и озеленение,osveschenie-territorii,Освещение территории,opory-osvescheniya,Опоры освещения,solution-landscaping-and-site-improvement-osveschenie-territorii.html,1,архитектурно-художественное освещение,0,,11,"FEREKS; LEDEL; Navigator; FERON; GAUSS; JazzWay; АМИРА; НПО Экосистема; ООО ""ЗАВОД УРАЛДОРСВЕТ""; УМЕКОН (Уральский завод металлоконструкций); Ардатовский светотехнический завод",11,0,assets/img/solutions/detail/landscaping-and-site-improvement/landscaping-and-site-improvement-osveschenie-territorii-opory-osvescheniya.webp,true,1200,900,45640,6beda19586a0,0803773f7f7e4800,45.4,23.8,6.23,1,1
OK,OK,,building-materials,Строительные материалы,landscaping-and-site-improvement,Благоустройство и озеленение,pokrytiya,Покрытия,paving-slabs-and-pavers,Тротуарная плитка и брусчатка,solution-landscaping-and-site-improvement-pokrytiya.html,7,бетонная тротуарная плитка; бетонная брусчатка; гранитная брусчатка; клинкерная брусчатка; резиновое покрытие; асфальтовое покрытие; отмостка,0,,1,BRAER,1,0,assets/img/solutions/detail/landscaping-and-site-improvement/landscaping-and-site-improvement-pokrytiya-paving-slabs-and-pavers.webp,true,1200,900,138064,755d6a240f6a,2000387e7e9c0000,39.6,38.3,6.48,1,1
OK,OK,,building-materials,Строительные материалы,constructive,Конструктивные решения,concrete-structures,Бетонные конструкции,waterproofing,Гидроизоляция,solution-constructive-concrete-structures.html,4,рулонная гидроизоляция; мастика; мембрана; праймер,3,Технониколь; Филизол; КРЗ,1,Технониколь,1,0,assets/img/solutions/detail/constructive/constructive-waterproofing-v12.webp,true,1200,900,148376,1cb7a5b835bb,0444fff1c0608cfc,70.8,43.5,7.20,1,1
OK,OK,,building-materials,Строительные материалы,constructive,Конструктивные решения,concrete-structures,Бетонные конструкции,zhbi,ЖБИ,solution-constructive-concrete-structures.html,1,ЖБИ,0,,7,"Монолит-сервис; ОАО ""Гомельжелезобетон""; ООО ""Монолит-сервис""; ООО Сафоновский завод жби; Очаковский завод ЖБИ; Производственная Компания «ЖБИ 50»; Штарком",7,0,assets/img/solutions/detail/constructive/constructive-concrete-structures-zhbi.webp,true,1200,900,132582,82bf964fd82f,0010187e7e3c437e,41.3,38.7,6.71,1,1
OK,OK,,building-materials,Строительные материалы,constructive,Конструктивные решения,concrete-structures,Бетонные конструкции,metal,Металл,solution-constructive-concrete-structures.html,6,арматура; листовой металл; профильная труба; балка; швеллер; уголок,6,ММК; НЛМК; Северсталь; ТМК; Евраз; Мечел,22,"Cybersteel; Marcegaglia; АНТ-ИНЖИНИРИНГ ООО; АО ""Алюминий Металлург Рус""; Ашинский металлугрический завод; ГЛАВТЕХКОНСТРУКЦИЯ; КМК ТЭМПО АО; КУЗОЦМ; Метчив; НИЖНЕТАГИЛЬСКИЙ ТРУБНЫЙ ЗАВОД МЕТАЛЛИНВЕСТ; НОВОРОССИЙСКИЙ ПРОКАТНЫЙ ЗАВОД ООО; НТПЗ ООО; ООО “РМИ-Сталь”; ООО”УМК”; ПО НВТЗ ООО; Петросталь; Ростовский электрометаллургический завод; Русские Шпунтовые Стены; СЕАФ-ТЕРМА ООО; СЕВЕРСТАЛЬ ПАО; СПЕКТРОМ ООО; СТАЛЬИМЭКС ТД ООО",22,0,assets/img/solutions/detail/constructive/constructive-metal-v12.webp,true,1200,900,98890,434592d13a7d,20b0b0b33c0617ff,52.8,41.8,7.03,1,1
OK,OK,,building-materials,Строительные материалы,constructive,Конструктивные решения,concrete-structures,Бетонные конструкции,formwork,Опалубка,solution-constructive-concrete-structures.html,5,стеновая опалубка; опалубка перекрытий; стойки; балки; комплектующие опалубки,5,Peri; Крамос; Doka; Вертикаль; Титан,4,Дмитровский Завод Строительной Опалубки; МОНОЛИТКОМПЛЕКТ-ИНВЕСТ; ООО «Уровень»; PERI,4,0,assets/img/solutions/detail/constructive/constructive-formwork-v12.webp,true,1200,900,116362,dbed6aa6159d,12161c9c1c10feff,52.1,42.6,7.05,1,1
OK,OK,,building-materials,Строительные материалы,constructive,Конструктивные решения,concrete-structures,Бетонные конструкции,scaffolding,Строительные леса,solution-constructive-concrete-structures.html,4,рамные леса; хомутовые леса; клиновые леса; вышки-туры,5,ДЗСЛ; Промышленник; Вертикаль; Дирс Строй; Метакон,2,ООО ФАБРИКА ЛЕСТНИЦ ЭЙФЕЛЬ; PERI,2,0,assets/img/solutions/detail/constructive/constructive-scaffolding-v12.webp,true,1200,900,133872,23b00a8f71f4,06060e042e2eeefe,68.1,40.3,7.16,1,1
OK,OK,,building-materials,Строительные материалы,constructive,Конструктивные решения,concrete-structures,Бетонные конструкции,toppingovyy-betonnyy-pol,Топпинговый бетонный пол,solution-constructive-concrete-structures.html,1,Топпинговый бетонный пол,0,,2,"Элакор; ООО ""АЛЬФАПОЛ""",2,0,assets/img/solutions/detail/constructive/constructive-concrete-structures-toppingovyy-betonnyy-pol.webp,true,1200,900,166288,4bb05f8ecf3e,000008083efffffe,56.8,39.8,6.93,1,1
OK,OK,,building-materials,Строительные материалы,constructive,Конструктивные решения,concrete-structures,Бетонные конструкции,fbs-bloki,ФБС Блоки,solution-constructive-concrete-structures.html,1,ФБС Блоки,0,,1,"ОАО ""Гомельжелезобетон""",1,0,assets/img/solutions/detail/constructive/constructive-concrete-structures-fbs-bloki.webp,true,1200,900,172942,e89d5315fadb,03c2000fff7f1c00,52.0,42.2,6.98,1,1
OK,OK,,building-materials,Строительные материалы,constructive,Конструктивные решения,geosynthetic-materials,Геосинтетические материалы,geotekstil,Геотекстиль,solution-constructive-geosynthetic-materials.html,1,Геотекстиль,0,,1,Комитекс,1,0,assets/img/solutions/detail/constructive/constructive-geosynthetic-materials-geotekstil.webp,true,1200,900,163068,3c4c605ee953,02073e3e3f3e0800,59.4,51.9,7.08,1,1
OK,OK,,building-materials,Строительные материалы,constructive,Конструктивные решения,wood-based-panel-materials,Древесно-плитные материалы,acpl,АЦПЛ,solution-constructive-wood-based-panel-materials.html,1,АЦПЛ,0,,1,Пешелань,1,0,assets/img/solutions/detail/constructive/constructive-wood-based-panel-materials-acpl.webp,true,1200,900,173984,f669b62bf193,003e3e3c3e3f1e81,68.9,39.9,7.12,1,1
OK,OK,,building-materials,Строительные материалы,constructive,Конструктивные решения,wood-based-panel-materials,Древесно-плитные материалы,vdsp-sh,ВДСПШ,solution-constructive-wood-based-panel-materials.html,1,ВДСПШ,0,,1,Пешелань,1,0,assets/img/solutions/detail/constructive/constructive-wood-based-panel-materials-vdsp-sh.webp,true,1200,900,174060,b39a5fc6a30f,6070663e7e7e0e00,46.0,45.9,6.82,1,1
OK,OK,,building-materials,Строительные материалы,constructive,Конструктивные решения,wood-based-panel-materials,Древесно-плитные материалы,gsp,ГСП,solution-constructive-wood-based-panel-materials.html,1,ГСП,0,,1,Пешелань,1,0,assets/img/solutions/detail/constructive/constructive-wood-based-panel-materials-gsp.webp,true,1200,900,152614,04e1db9e4bae,00387d7c7c7e1cc1,88.7,59.1,7.34,1,1
OK,OK,,building-materials,Строительные материалы,constructive,Конструктивные решения,wood-based-panel-materials,Древесно-плитные материалы,dvp-fiberboard,ДВП,solution-constructive-wood-based-panel-materials.html,1,ДВП,0,,1,Пешелань,1,0,assets/img/solutions/detail/constructive/constructive-wood-based-panel-materials-dvp-fiberboard.webp,true,1200,900,134290,9321d896ce88,000f3f1e7e7f0800,40.8,40.0,6.61,1,1
OK,OK,,building-materials,Строительные материалы,constructive,Конструктивные решения,wood-based-panel-materials,Древесно-плитные материалы,chipboard-dsp,ДСП,solution-constructive-wood-based-panel-materials.html,1,ДСП,0,,1,Пешелань,1,0,assets/img/solutions/detail/constructive/constructive-wood-based-panel-materials-chipboard-dsp.webp,true,1200,900,180436,56387981951c,001f1f1e1e3f3c80,63.3,53.1,7.30,1,1
OK,OK,,building-materials,Строительные материалы,constructive,Конструктивные решения,wood-based-panel-materials,Древесно-плитные материалы,lvl,ЛВЛ,solution-constructive-wood-based-panel-materials.html,1,ЛВЛ,0,,1,Пешелань,1,0,assets/img/solutions/detail/constructive/constructive-wood-based-panel-materials-lvl.webp,true,1200,900,124380,8d846c92af28,060600077e7ea487,57.3,46.5,7.14,1,1
OK,OK,,building-materials,Строительные материалы,constructive,Конструктивные решения,wood-based-panel-materials,Древесно-плитные материалы,laminated-chipboard-ldsp,ЛДСП,solution-constructive-wood-based-panel-materials.html,1,ЛДСП,0,,1,Пешелань,1,0,assets/img/solutions/detail/constructive/constructive-wood-based-panel-materials-laminated-chipboard-ldsp.webp,true,1200,900,128480,9cd86c4825f2,03337b7870727000,62.7,49.1,7.18,1,1
OK,OK,,building-materials,Строительные материалы,constructive,Конструктивные решения,wood-based-panel-materials,Древесно-плитные материалы,mdvp-soft-fiberboard,МДВП,solution-constructive-wood-based-panel-materials.html,1,МДВП,0,,1,Пешелань,1,0,assets/img/solutions/detail/constructive/constructive-wood-based-panel-materials-mdvp-soft-fiberboard.webp,true,1200,900,174082,c9f1a1c186f4,60706e3e7e7c1c00,41.2,40.2,6.66,1,1
OK,OK,,building-materials,Строительные материалы,constructive,Конструктивные решения,wood-based-panel-materials,Древесно-плитные материалы,mdf,МДФ,solution-constructive-wood-based-panel-materials.html,1,МДФ,0,,1,Пешелань,1,0,assets/img/solutions/detail/constructive/constructive-wood-based-panel-materials-mdf.webp,true,1200,900,128602,eeaf5a0f9baa,031f3f3f3c7e3e00,50.9,48.2,6.93,1,1
OK,OK,,building-materials,Строительные материалы,constructive,Конструктивные решения,wood-based-panel-materials,Древесно-плитные материалы,osb,ОСБ,solution-constructive-wood-based-panel-materials.html,1,ОСБ,0,,2,Пешелань; Уральский завод ОСБ,2,0,assets/img/solutions/detail/constructive/constructive-wood-based-panel-materials-osb.webp,true,1200,900,183468,48c21c8a0d04,0038383c3c7e0c00,46.4,49.4,6.77,1,1
OK,OK,,building-materials,Строительные материалы,constructive,Конструктивные решения,wood-based-panel-materials,Древесно-плитные материалы,plywood,Фанера,solution-constructive-wood-based-panel-materials.html,3,ФК; ФСФ; ламинированная фанера,0,,26,Березник; Вятский ФК; Галичский ФК; Гомельдрев; ДК Жуньда; Демидовский ФК; Илим Тимбер; ИнвестФорэст; Красфан; Кроноспан; ЛК Синергия; Лес Хороший; Мостодрев; Налидовский ДОК; Никольский ДОК; Нововятский ЛК; Новый ресурс; Нордплит; Пешелань; Свеза_Манутрово; Смоленский ДОК; Старвуд; Сыктывкар ФК; Фанпром; Холм-Жирковский; ЧФМК,26,0,assets/img/solutions/detail/constructive/constructive-wood-based-panel-materials-plywood.webp,true,1200,900,149766,6061653d8a7a,0018383c3c7e0c00,51.7,50.9,6.97,1,1
OK,OK,,building-materials,Строительные материалы,constructive,Конструктивные решения,wood-based-panel-materials,Древесно-плитные материалы,fibrolite-boards,Фибролитовые плиты,solution-constructive-wood-based-panel-materials.html,1,Фибролитовые плиты,0,,1,Пешелань,1,0,assets/img/solutions/detail/constructive/constructive-wood-based-panel-materials-fibrolite-boards.webp,true,1200,900,230798,331bd1930603,606066367e7e0c00,42.5,45.8,6.69,1,1
OK,OK,,building-materials,Строительные материалы,constructive,Конструктивные решения,wood-based-panel-materials,Древесно-плитные материалы,hdf,ХДФ,solution-constructive-wood-based-panel-materials.html,1,ХДФ,0,,1,Пешелань,1,0,assets/img/solutions/detail/constructive/constructive-wood-based-panel-materials-hdf.webp,true,1200,900,145138,23a94c12f77e,011b1e1e7e7e1800,44.8,45.4,6.76,1,1
OK,OK,,building-materials,Строительные материалы,constructive,Конструктивные решения,wood-based-panel-materials,Древесно-плитные материалы,cement-bonded-particle-board,ЦСП,solution-constructive-wood-based-panel-materials.html,1,ЦСП,0,,2,"ООО ""КАМИ-ГРУПП""; Пешелань",2,0,assets/img/solutions/detail/constructive/constructive-wood-based-panel-materials-cement-bonded-particle-board.webp,true,1200,900,158436,9dbde53e51f3,6060663e7e7e0c00,45.3,45.4,6.78,1,1
OK,OK,,building-materials,Строительные материалы,constructive,Конструктивные решения,inertnye-i-vyazhuschie-materialy,Инертные и вяжущие материалы,beton,Бетон,solution-constructive-inertnye-i-vyazhuschie-materialy.html,3,Подготовительный; Конструкционный; Высокопрочный,0,,1,"ОАО ""Гомельжелезобетон""",1,0,assets/img/solutions/detail/constructive/constructive-inertnye-i-vyazhuschie-materialy-beton.webp,true,1200,900,166672,73efe568d3dc,038f43607cfc05df,60.8,38.6,7.06,1,1
OK,OK,,building-materials,Строительные материалы,constructive,Конструктивные решения,inertnye-i-vyazhuschie-materialy,Инертные и вяжущие материалы,tsement,Цемент,solution-constructive-inertnye-i-vyazhuschie-materialy.html,5,"ЦЕМ I 32,5H; ЦЕМ I 42,5H; ЦЕМ I 42,5Б; ЦЕМ I 52,5H; ЦЕМ II 52,5Б",0,,1,"ООО ""Магнитогорский цементно-огнеупорный завод""",1,0,assets/img/solutions/detail/constructive/constructive-inertnye-i-vyazhuschie-materialy-tsement.webp,true,1200,900,144548,2bf003c8fc86,000098787e3ef8e0,45.5,43.8,6.85,1,1
OK,OK,,building-materials,Строительные материалы,constructive,Конструктивные решения,inertnye-i-sypuchie-materialy,Инертные и сыпучие материалы,scheben,Щебень,solution-constructive-inertnye-i-sypuchie-materialy.html,4,Гранитный; Гравийный; Известняковый; Шлаковый,0,,1,ННК,1,0,assets/img/solutions/detail/constructive/constructive-inertnye-i-sypuchie-materialy-scheben.webp,true,1200,900,45642,b65babc76cc2,040f1f1f19d93838,32.9,27.5,6.10,1,1
OK,OK,,building-materials,Строительные материалы,constructive,Конструктивные решения,krepezh,Крепеж,krepezh,Крепеж,solution-constructive-krepezh.html,14,Крепеж металлоконструкций; Крепеж Сендвич панелей; Крепеж инженерных систем; Монтажный крепеж; Крепеж для гипсокартона; Крепеж для металла; Крепеж поо дереву; Дюбельный крепеж; Винты; Заклепки; Саморезы; Резьбовой крепеж; Анкерный крепеж; Болтовой крепеж,0,,3,Нижегородский опытно-экспериментальный завод; ООО «Изомакс Рус»; TECH-KREP,3,0,assets/img/solutions/detail/constructive/constructive-krepezh-fasteners.webp,true,1200,900,73860,d88848d99060,0006fefe3e3e0000,45.5,44.3,5.38,1,1
OK,OK,,building-materials,Строительные материалы,constructive,Конструктивные решения,metall,Металл,zakladnye-detali,Закладные детали,solution-constructive-metall.html,1,Закладные детали,0,,1,Завод Дорожных Конструкций «Соламир»,1,0,assets/img/solutions/detail/constructive/constructive-metall-zakladnye-detali.webp,true,1200,900,154758,3bf194b960f3,212066f061e73c3f,40.2,29.7,6.54,1,1
OK,OK,,building-materials,Строительные материалы,constructive,Конструктивные решения,metall,Металл,mufty-obzhimnye-dlya-armatury,Муфты обжимные для арматуры,solution-constructive-metall.html,1,Муфты обжимные для арматуры,0,,1,RECO,1,0,assets/img/solutions/detail/constructive/constructive-metall-mufty-obzhimnye-dlya-armatury.webp,true,1200,900,142992,a3b79ece4292,04246d7dff7f2e38,38.3,33.9,6.61,1,1
OK,OK,,building-materials,Строительные материалы,constructive,Конструктивные решения,metall,Металл,profnastil,Профнастил,solution-constructive-metall.html,3,Стеновой; Несущий; Универсальный,0,,2,GRAND LINE; Металл Профиль,2,0,assets/img/solutions/detail/constructive/constructive-metall-profnastil.webp,true,1200,900,142678,af5f798c9f5b,07767e7e70000360,54.3,50.9,7.13,1,1
OK,OK,,building-materials,Строительные материалы,constructive,Конструктивные решения,metall,Металл,setka,Сетка,solution-constructive-metall.html,8,Сварная; Кладочная; Рабица; ЦПВС; Тканая металлическая; Рифленая; Арматурная; Оцинкованная,0,,1,ЗМС,1,0,assets/img/solutions/detail/constructive/constructive-metall-setka.webp,true,1200,900,209850,b530f8595704,041e4e420636c3ff,48.0,43.4,6.94,1,1
OK,OK,,building-materials,Строительные материалы,constructive,Конструктивные решения,partitions,Перегородки,drywall,Гипсокартон,solution-constructive-partitions.html,6,ГКЛ; ГКЛВ; ГКЛО; ГКЛВО; потолочный гипсокартон; стеновой гипсокартон,4,Волма; Гипрок; Магма; Кнауф,4,Магма; Волма; Gyproc; Кнауф,4,0,assets/img/solutions/detail/constructive/constructive-drywall-v12.webp,true,1440,1080,160288,7b83871afbe1,6878787e7c783808,100.3,52.2,7.54,1,1
OK,OK,,building-materials,Строительные материалы,constructive,Конструктивные решения,partitions,Перегородки,gypsum-partition-blocks,ПГП,solution-constructive-partitions.html,4,обычная ПГП; влагостойкая ПГП; полнотелая ПГП; пустотелая ПГП,4,Волма; Магма; Кнауф; Хабез,3,Магма; Волма; Кнауф,3,0,assets/img/solutions/detail/constructive/constructive-pgp-v12.webp,true,1440,1080,169980,137755820a4f,00003078fefefe7c,97.6,55.9,7.47,1,1
OK,OK,,building-materials,Строительные материалы,constructive,Конструктивные решения,partitions,Перегородки,drywall-profile,Профиль для ГКЛ,solution-constructive-partitions.html,5,направляющий профиль; стоечный профиль; потолочный профиль; угловой профиль; подвесы и соединители,3,Волма; Гипрок; Кнауф,2,Gyproc; Кнауф,2,0,assets/img/solutions/detail/constructive/constructive-profile-v12.webp,true,1200,900,80672,6f88f2a2dcf8,00004c4c3e7fff7f,65.5,44.0,7.24,1,1
OK,OK,,building-materials,Строительные материалы,constructive,Конструктивные решения,partitions,Перегородки,profil-dlya-gipsokartona,Профиль для гипсокартона,solution-constructive-partitions.html,4,Направляющий; Стоечный; Потолочный; Маячковый,0,,2,Gyproc; Кнауф,2,0,assets/img/solutions/detail/constructive/constructive-partitions-profil-dlya-gipsokartona-local.webp,true,1200,900,65652,b66a106b30a7,00003c7c7e3e1000,58.7,55.6,5.72,1,1
OK,OK,,building-materials,Строительные материалы,constructive,Конструктивные решения,masonry-and-wall-materials,Стены / кладочные материалы,blocks,Блоки,solution-constructive-masonry-and-wall-materials.html,4,газобетонные блоки; силикатные блоки; керамзитобетонные блоки; перегородочные блоки,5,ЕЗСМ; КСЗ; Старооскольский КСМ; АэроБлок; SiMAT,3,INSTKULT; АЛЬФАТЕКС ООО; КСЗ АО,3,0,assets/img/solutions/detail/constructive/constructive-blocks-v12.webp,true,1200,900,116694,a4b006869fd4,00011f1f1ffefe14,83.4,47.2,7.45,1,1
OK,OK,,building-materials,Строительные материалы,constructive,Конструктивные решения,masonry-and-wall-materials,Стены / кладочные материалы,gazobetonnye-bloki,Газобетонные блоки,solution-constructive-masonry-and-wall-materials.html,6,D300; D350; D400; D500; D600; D700,0,,1,Bonolit,1,0,assets/img/solutions/detail/constructive/constructive-masonry-and-wall-materials-gazobetonnye-bloki.webp,true,1200,900,134792,07ac62a60c3e,00086c6e7e3c1006,57.7,50.3,7.07,1,1
OK,OK,,building-materials,Строительные материалы,constructive,Конструктивные решения,masonry-and-wall-materials,Стены / кладочные материалы,keramzitobetonnye-bloki,Керамзитобетонные блоки,solution-constructive-masonry-and-wall-materials.html,1,Керамзитобетонные блоки,0,,3,"ООО «Алексинский керамзитовый завод»; Серпуховский керамзитовый завод (СКЗ); Тульский кирпичный завод ""Победа""",3,0,assets/img/solutions/detail/constructive/constructive-masonry-and-wall-materials-keramzitobetonnye-bloki.webp,true,1200,900,301318,9ec41a771a57,020e3e3efefe30c0,49.2,35.9,6.86,1,1
OK,OK,,building-materials,Строительные материалы,constructive,Конструктивные решения,masonry-and-wall-materials,Стены / кладочные материалы,penobloki,Пеноблоки,solution-constructive-masonry-and-wall-materials.html,8,D300; D400; D500; D600; D700; D800; D900; D1000-1200,0,,1,Пеноблок.Ру,1,0,assets/img/solutions/detail/constructive/constructive-masonry-and-wall-materials-penobloki.webp,true,1200,900,196834,1927f8113b3a,004e5e7e7e7e3400,69.7,58.4,7.13,1,1
OK,OK,,building-materials,Строительные материалы,constructive,Конструктивные решения,masonry-and-wall-materials,Стены / кладочные материалы,sandwich-panels,Сэндвич-панели,solution-constructive-masonry-and-wall-materials.html,4,стеновые сэндвич-панели; кровельные сэндвич-панели; панели с PIR; панели с минеральной ватой,5,Профлист-С; Берт-Групп; КлимПанель; CubeGroup; ПрофХолод,1,ООО ЗАВОД «МРС,1,0,assets/img/solutions/detail/constructive/constructive-sandwich-panels-v12.webp,true,1200,900,102216,6c83c539d964,0420203c7e0e0fff,77.1,53.3,7.43,1,1
OK,OK,,building-materials,Строительные материалы,constructive,Конструктивные решения,fundamenty-i-svai,Фундаменты и сваи,svai,Сваи,solution-constructive-fundamenty-i-svai.html,3,Железобетонные; Металлические; Деревянные,0,,4,"АО ""Завод промстройдеталей""; ГК Монолит Сервис - Производство ЖБИ; ООО ""Монолит-сервис""; ООО ТД БЕРОТЕК",4,0,assets/img/solutions/detail/constructive/constructive-fundamenty-i-svai-svai.webp,true,1200,900,81374,87868ce6c9a1,bafefa70808000fc,35.8,28.5,6.36,1,1
OK,OK,,tech-equipment,ТХ оборудование,tech-equipment,Технологическое оборудование,aktovyy-zal,Актовый зал,aktovyy-zal,Актовый зал,solution-tech-equipment-aktovyy-zal.html,4,Кресла; Звуковое оборудование; Проекторы; Сцена,0,,1,Ecler,1,0,assets/img/solutions/detail/tech-equipment/tech-equipment-aktovyy-zal-aktovyy-zal.webp,true,1200,900,111788,f65b79decefe,01c1c5dd3e010307,31.1,36.2,6.30,1,1
OK,OK,,tech-equipment,ТХ оборудование,tech-equipment,Технологическое оборудование,bibliotechnoe-oborudovanie,Библиотечное оборудование,bibliotechnoe-oborudovanie,Библиотечное оборудование,solution-tech-equipment-bibliotechnoe-oborudovanie.html,1,Библиотечное оборудование,0,,1,Ярус,1,0,assets/img/solutions/detail/tech-equipment/tech-equipment-bibliotechnoe-oborudovanie-bibliotechnoe-oborudovanie.webp,true,1200,900,154466,c4d948972d9f,00007e7e3cf08fff,42.9,41.8,6.78,1,1
OK,OK,,tech-equipment,ТХ оборудование,tech-equipment,Технологическое оборудование,inspection-equipment,Досмотровое оборудование,dosmotrovoe-oborudovanie,Досмотровое оборудование,solution-tech-equipment-inspection-equipment.html,4,Металлодетекторы; Турникеты; Системы контроля доступа; Пост охраны,0,,2,PERCo; БЛОКПОСТ,2,0,assets/img/solutions/detail/tech-equipment/tech-equipment-inspection-equipment-dosmotrovoe-oborudovanie.webp,true,1200,900,83630,bb757692ab58,01313f2f3c50e3f2,42.1,36.5,6.51,1,1
OK,OK,,tech-equipment,ТХ оборудование,tech-equipment,Технологическое оборудование,inspection-equipment,Досмотровое оборудование,access-and-control-systems,Системы доступа и контроля,solution-tech-equipment-inspection-equipment.html,6,досмотровые комплексы; металлодетекторы; рентгенотелевизионные установки; турникеты; системы контроля доступа; ПО контроля,9,ООО САПФИР СЕКЬЮРИТИ ТЕХНОЛОДЖИС; Медрентех; ООО Новые технологии; СкайДеф Технолоджис; Блокпост; Аурикс; Инфоматика; Акционерное общество Информационные технологии. Безопасность. Проекты; Нева-Индустрия,1,Dormakaba,1,0,assets/img/solutions/detail/tech-equipment/tech-equipment-inspection-equipment-access-and-control-systems.webp,true,1200,900,44316,02dbd0a00c1a,0343431300ffff00,55.0,33.0,6.28,1,1
OK,OK,,tech-equipment,ТХ оборудование,tech-equipment,Технологическое оборудование,complectation,Комплектация,soft-and-office-furniture,Мебель (мягкая и офисная),solution-tech-equipment-complectation.html,6,офисная мебель; мягкая мебель; кресла; столы; шкафы; комплекты мебели,2,КОМПАНИЯ ДОК-17; Бюрократ,2,Бюрократ; КОМПАНИЯ ДОК-17,2,0,assets/img/solutions/detail/tech-equipment/tech-equipment-complectation-soft-and-office-furniture.webp,true,1200,900,144146,ba6bae2fc032,1f030303030380e1,50.9,38.8,6.88,1,1
OK,OK,,tech-equipment,ТХ оборудование,tech-equipment,Технологическое оборудование,complectation,Комплектация,industrial-furniture,Промышленная мебель,solution-tech-equipment-complectation.html,6,верстаки; промышленные столы; шкафы инструментальные; стеллажи; рабочие места; тумбы,1,GEFESD,1,GEFESD,1,0,assets/img/solutions/detail/tech-equipment/tech-equipment-complectation-industrial-furniture.webp,true,1200,900,145164,c1278ed0a890,000406646c193bff,44.3,42.0,6.86,1,1
OK,OK,,tech-equipment,ТХ оборудование,tech-equipment,Технологическое оборудование,laboratornoe-oborudovanie,Лабораторное оборудование,laboratornoe-oborudovanie,Лабораторное оборудование,solution-tech-equipment-laboratornoe-oborudovanie.html,1,Лабораторное оборудование,0,,4,"Аналитика; Компания РЕАТОРГ; ООО ""Алкор Био""; ООО ЭНЕРГОЛАБ",4,0,assets/img/solutions/detail/tech-equipment/tech-equipment-laboratornoe-oborudovanie-laboratornoe-oborudovanie.webp,true,1200,900,82812,352fb714ca67,10d0dcdc0c7e9981,35.2,46.6,6.36,1,1
OK,OK,,tech-equipment,ТХ оборудование,tech-equipment,Технологическое оборудование,small-architectural-forms,МАФ,street-furniture-and-small-architectural-forms,Уличная мебель и малые архитектурные формы,solution-tech-equipment-small-architectural-forms.html,6,скамейки; урны; навесы; велопарковки; детские и спортивные элементы; благоустройство,6,Аданат; Стереовуд; Лебер; Лидер; Кенгуру про; Юмагс,1,Вивана,1,0,assets/img/solutions/detail/tech-equipment/tech-equipment-small-architectural-forms-street-furniture-and-small-architectural-forms.webp,true,1200,900,127180,f4112949d57c,00007c3c3c8107df,37.5,41.0,6.54,1,1
OK,OK,,tech-equipment,ТХ оборудование,tech-equipment,Технологическое оборудование,mebel,Мебель,mebel,Мебель,solution-tech-equipment-mebel.html,5,Офисная; Учебная; Лабораторная; Медицинская; Мягкая,0,,2,Бюрократ; КОМПАНИЯ ДОК-17,2,0,assets/img/solutions/detail/tech-equipment/tech-equipment-mebel-mebel.webp,true,1200,900,101682,c751fbac272e,1808393d1d0c000f,46.3,44.4,6.74,1,1
OK,OK,,tech-equipment,ТХ оборудование,tech-equipment,Технологическое оборудование,mebel,Мебель,ofisnaya-mebel,Офисная мебель,solution-tech-equipment-mebel.html,1,Офисная мебель,0,,2,Бюрократ; КОМПАНИЯ ДОК-17,2,0,assets/img/solutions/detail/tech-equipment/tech-equipment-mebel-ofisnaya-mebel.webp,true,1200,900,54312,a0936156633c,0003033b51011fff,42.3,31.1,6.62,1,1
OK,OK,,tech-equipment,ТХ оборудование,tech-equipment,Технологическое оборудование,media-equipment,Медийное оборудование,assembly-hall-equipment,Актовый зал,solution-tech-equipment-media-equipment.html,6,звуковое оборудование; проекционное оборудование; экраны; микрофонные системы; коммутация; комплекты актового зала,2,AVISUAL; AET,1,Ecler,1,0,assets/img/solutions/detail/tech-equipment/tech-equipment-media-equipment-assembly-hall-equipment.webp,true,1200,900,74102,81a83b96c5e0,000040fdfdfce0e0,28.1,28.1,5.93,1,1
OK,OK,,tech-equipment,ТХ оборудование,tech-equipment,Технологическое оборудование,media-equipment,Медийное оборудование,media-apparatus,Аппаратура,solution-tech-equipment-media-equipment.html,6,аудиооборудование; видеооборудование; коммутационное оборудование; кронштейны и крепления; кабельная коммутация; медиа-контроллеры,9,IVA; AET; Gefen; Procab; Abl; Ecler; StudioMaster; Qteq; ErgoFount,1,Ecler,1,0,assets/img/solutions/detail/tech-equipment/tech-equipment-media-equipment-media-apparatus.webp,true,1200,900,167984,9a9f983973d5,00011017063ef9f8,33.8,35.3,6.47,1,1
OK,OK,,tech-equipment,ТХ оборудование,tech-equipment,Технологическое оборудование,media-equipment,Медийное оборудование,mediynoe-oborudovanie,Медийное оборудование,solution-tech-equipment-media-equipment.html,1,Медийное оборудование,0,,1,Ecler,1,0,assets/img/solutions/detail/tech-equipment/tech-equipment-media-equipment-mediynoe-oborudovanie.webp,true,1200,900,84786,1d4f112763a5,575d505f2c180600,21.0,24.9,5.60,1,1
OK,OK,,tech-equipment,ТХ оборудование,tech-equipment,Технологическое оборудование,medical-gases-and-equipment,Медицинские газы и оборудование,anesthesiology-and-intensive-care,Анестезиология и интенсивная терапия,solution-tech-equipment-medical-gases-and-equipment.html,6,наркозно-дыхательные аппараты; аппараты ИВЛ; мониторы; инфузионные станции; расходные материалы; комплектующие,4,Drager; Smith Medical; Medronic; Zoll,1,Mindray,1,0,assets/img/solutions/detail/tech-equipment/tech-equipment-medical-gases-and-equipment-anesthesiology-and-intensive-care.webp,true,1200,900,115918,2d0bd5f8d6ec,231312fa3b1830f0,35.2,36.3,6.53,1,1
OK,OK,,tech-equipment,ТХ оборудование,tech-equipment,Технологическое оборудование,medical-gases-and-equipment,Медицинские газы и оборудование,visualization-and-diagnostics,Визуализация и диагностика,solution-tech-equipment-medical-gases-and-equipment.html,5,диагностическое оборудование; аппараты визуализации; мониторы пациента; медицинские системы; комплектующие диагностики,5,Philips; Samsung; NeuroLogica; MedRonic; MedTron,5,FUJIFILM; Mindray; Olympus; PENTAX Medical; Philips,5,0,assets/img/solutions/detail/tech-equipment/tech-equipment-medical-gases-and-equipment-visualization-and-diagnostics.webp,true,1200,900,112462,f89e891edd92,00c00c0e1e3c5e0c,50.0,50.2,7.01,1,1
OK,OK,,tech-equipment,ТХ оборудование,tech-equipment,Технологическое оборудование,medical-gases-and-equipment,Медицинские газы и оборудование,infusion-therapy-and-temperature-management,Инфузионная терапия и управление температурами,solution-tech-equipment-medical-gases-and-equipment.html,5,инфузионные насосы; шприцевые насосы; инфузионные станции; системы управления температурой; расходные материалы,4,Moog; Medronic; Smith Medical; Zoll,2,B. Braun; Mindray,2,0,assets/img/solutions/detail/tech-equipment/tech-equipment-medical-gases-and-equipment-infusion-therapy-and-temperature-management.webp,true,1200,900,89808,31b83db4f3ba,0042e3f0ee023e7f,32.7,30.5,6.34,1,1
OK,OK,,tech-equipment,ТХ оборудование,tech-equipment,Технологическое оборудование,medical-gases-and-equipment,Медицинские газы и оборудование,cardiology-and-emergency-care,Кардиология и неотложная помощь,solution-tech-equipment-medical-gases-and-equipment.html,5,дефибрилляторы; мониторы пациента; кардиографы; оборудование реанимации; расходные материалы,3,Zoll; Therumo; Philips,2,Mindray; Philips,2,0,assets/img/solutions/detail/tech-equipment/tech-equipment-medical-gases-and-equipment-cardiology-and-emergency-care.webp,true,1200,900,109512,66eb1aa7b028,08000c7f7a786c4c,38.2,38.3,6.64,1,1
OK,OK,,tech-equipment,ТХ оборудование,tech-equipment,Технологическое оборудование,medical-gases-and-equipment,Медицинские газы и оборудование,medical-gases,Медицинские газы,solution-tech-equipment-medical-gases-and-equipment.html,6,системы медицинских газов; кислородные консоли; газовые розетки; редукторы; коллекторы; трубопроводы медицинских газов,1,НП Корпорация Сотис,1,Производственное объединение АМС-МЗМО «Асептические Медицинские Системы» и «Миасский Завод Медицинского Оборудования»,1,0,assets/img/solutions/detail/tech-equipment/tech-equipment-medical-gases-and-equipment-medical-gases.webp,true,1200,900,86472,14ed1db6da88,0080fd7ce8e0fc41,38.3,33.0,6.49,1,1
OK,OK,,tech-equipment,ТХ оборудование,tech-equipment,Технологическое оборудование,medical-gases-and-equipment,Медицинские газы и оборудование,meditsinskoe-oborudovanie,Медицинское оборудование,solution-tech-equipment-medical-gases-and-equipment.html,1,Медицинское оборудование,0,,7,B. Braun; FUJIFILM; Mindray; Olympus; PENTAX Medical; Philips; Производственное объединение АМС-МЗМО «Асептические Медицинские Системы» и «Миасский Завод Медицинского Оборудования»,7,0,assets/img/solutions/detail/tech-equipment/tech-equipment-medical-gases-and-equipment-meditsinskoe-oborudovanie.webp,true,1200,900,99152,00ee095e5c0a,0001101c3878d711,32.0,40.5,6.34,1,1
OK,OK,,tech-equipment,ТХ оборудование,tech-equipment,Технологическое оборудование,oborudovanie-garderoba,Оборудование гардероба,oborudovanie-garderoba,Оборудование гардероба,solution-tech-equipment-oborudovanie-garderoba.html,1,Оборудование гардероба,0,,1,ПРАКТИК,1,0,assets/img/solutions/detail/tech-equipment/tech-equipment-oborudovanie-garderoba-oborudovanie-garderoba.webp,true,1200,900,118090,d9698ed39fed,203c050504b1c3df,34.9,38.7,6.50,1,1
OK,OK,,tech-equipment,ТХ оборудование,tech-equipment,Технологическое оборудование,oborudovanie-sanuzlov,Оборудование санузлов,oborudovanie-sanuzlov,Оборудование санузлов,solution-tech-equipment-oborudovanie-sanuzlov.html,1,Оборудование санузлов,0,,6,"SALINI; Торговый Дом ""МИСТИ""; Sanita; Santeri; Roca; Santek",6,0,assets/img/solutions/detail/tech-equipment/tech-equipment-oborudovanie-sanuzlov-oborudovanie-sanuzlov.webp,true,1200,900,125454,76407c340a4b,043e2e1e3e26073f,46.8,42.5,6.85,1,1
OK,OK,,tech-equipment,ТХ оборудование,tech-equipment,Технологическое оборудование,oborudovanie-stolovoy-i-pischebloka,Оборудование столовой и пищеблока,oborudovanie-pischebloka,Оборудование пищеблока,solution-tech-equipment-oborudovanie-stolovoy-i-pischebloka.html,1,Оборудование пищеблока,0,,1,Abat,1,0,assets/img/solutions/detail/tech-equipment/tech-equipment-oborudovanie-stolovoy-i-pischebloka-oborudovanie-pischebloka.webp,true,1200,900,56082,1d75d91826f8,0f1f1f0f010c0c00,41.3,32.1,6.58,1,1
OK,OK,,tech-equipment,ТХ оборудование,tech-equipment,Технологическое оборудование,oborudovanie-stolovoy-i-pischebloka,Оборудование столовой и пищеблока,oborudovanie-stolovoy,Оборудование столовой,solution-tech-equipment-oborudovanie-stolovoy-i-pischebloka.html,1,Оборудование столовой,0,,1,Abat,1,0,assets/img/solutions/detail/tech-equipment/tech-equipment-oborudovanie-stolovoy-i-pischebloka-oborudovanie-stolovoy.webp,true,1200,900,89240,12285af4f5d6,003f3f3c3c7c0000,49.2,46.8,6.90,1,1
OK,OK,,tech-equipment,ТХ оборудование,tech-equipment,Технологическое оборудование,sportivnoe-oborudovanie,Спортивное оборудование,sportivnoe-oborudovanie,Спортивное оборудование,solution-tech-equipment-sportivnoe-oborudovanie.html,1,Спортивное оборудование,0,,1,Romana,1,0,assets/img/solutions/detail/tech-equipment/tech-equipment-sportivnoe-oborudovanie-sportivnoe-oborudovanie.webp,true,1200,900,100850,69327d143f19,006148594047c7ff,26.2,32.3,6.05,1,1
OK,OK,,tech-equipment,ТХ оборудование,tech-equipment,Технологическое оборудование,stellazhi,Стеллажи,stellazhi,Стеллажи,solution-tech-equipment-stellazhi.html,3,Музейные; Складские; Продовольственные,0,,2,Ярус; ПРАКТИК,2,0,assets/img/solutions/detail/tech-equipment/tech-equipment-stellazhi-stellazhi.webp,true,1200,900,128862,c32c53031765,382e2c062c3cb38f,32.2,41.9,6.27,1,1
OK,OK,,tech-equipment,ТХ оборудование,tech-equipment,Технологическое оборудование,hozyaystvennoe-oborudovanie,Хозяйственное оборудование,hozyaystvennoe-oborudovanie,Хозяйственное оборудование,solution-tech-equipment-hozyaystvennoe-oborudovanie.html,1,Хозяйственное оборудование,0,,1,ПРАКТИК,1,0,assets/img/solutions/detail/tech-equipment/tech-equipment-hozyaystvennoe-oborudovanie-hozyaystvennoe-oborudovanie.webp,true,1200,900,102836,a7b17a9ef147,001879787d78c331,31.6,41.8,6.28,1,1
OK,OK,,energy,Энергетика,ev-charging-infrastructure,Зарядная инфраструктура,ev-charging-stations,Зарядочные станции для электромобилей,zaryadochnye-stantsii-dlya-elektromobiley,Зарядочные станции для электромобилей,solution-ev-charging-infrastructure-ev-charging-stations.html,1,Зарядочные станции для электромобилей,0,,2,Parus Electro; The Edison,2,0,assets/img/solutions/detail/ev-charging-infrastructure/ev-charging-infrastructure-ev-charging-stations-zaryadochnye-stantsii-dlya-elektromobiley.webp,true,1200,900,98938,3b96dca74d38,1f1f17171766040f,72.5,45.5,7.05,1,1
OK,OK,,energy,Энергетика,eom,ЭОМ,indoor-lighting,Внутреннее освещение,commercial-interior-linear-recessed-lighting,"Для бизнеса, интерьерные, линейные, встраиваемые",solution-eom-indoor-lighting.html,6,офисные светильники; линейные светильники; встраиваемые светильники; трековые системы; интерьерные светильники; аварийные светильники,11,HTL; Rvelektro; Ардатовский светотехнический завод; Светхолл; PromLED; НПО Союз; Световые Технологии; Элпролед; Системы Освещения; ПКФ Элпром; Нью Технолоджи,9,ООО Техносервис; FEREKS; LEDEL; Navigator; AMBIOT; FERON; GAUSS; JazzWay; Ардатовский светотехнический завод,9,0,assets/img/solutions/detail/eom/eom-indoor-lighting-commercial-interior-linear-recessed-lighting.webp,true,1200,900,107388,2b6012d0fb18,f8f8f0fe7c700000,51.7,37.8,6.55,1,1
OK,OK,,energy,Энергетика,eom,ЭОМ,kabelenesuschie-sistemy,Кабеленесущие системы,cable-support-systems,Кабеленесущие системы,solution-eom-kabelenesuschie-sistemy.html,7,кабельные лотки; кабельросты; кабель-каналы; гофрированные трубы; жёсткие трубы для прокладки кабеля; крепёж и аксессуары; огнестойкие кабеленесущие решения,0,,1,DKC,1,0,assets/img/solutions/detail/eom/eom-kabelenesuschie-sistemy-cable-support-systems.webp,true,1200,900,78930,99ab05e76ddb,0f07073e7f1f0001,38.9,33.0,6.45,1,1
OK,OK,,energy,Энергетика,eom,ЭОМ,cable-products,Кабельная продукция различного и специального назначения,kabelnaya-produktsiya,Кабельная продукция,solution-eom-cable-products.html,5,Силовые кабели; Провода и шнуры; Контрольные кабели; Кабели связи (слаботочные); Специальные кабели,0,,8,"LC КАБЕЛЬ; Опытно-конструкторское предприятие «ЭЛКА-КАБЕЛЬ»; СегментЭнерго кабельный завод; ЭЛЕКТРОТЕХМАШ КАБЕЛЬНЫЙ ЗАВОД; Камский кабель; от 0,250 км, предоплата, самовывоз; Компания «Рыбинсккабель»; Кабельный Альянс",8,0,assets/img/solutions/detail/eom/eom-cable-products-kabelnaya-produktsiya.webp,true,1200,900,52072,29b03609e33d,43435b79580001fb,30.8,24.5,6.14,1,1
OK,OK,,energy,Энергетика,eom,ЭОМ,cable-products,Кабельная продукция различного и специального назначения,electrical-cable-products,ЭМ,solution-eom-cable-products.html,6,силовой кабель; контрольный кабель; огнестойкий кабель; кабель специального назначения; провод; кабельная арматура,18,УГМК (ХКА); НПО ПЗСК; КЗ Людиновокабель; Холдинг Кабельный Альянс; СКТ Групп; Сарансккабель; КЗ Кавказкабель; Сарансккабель-Оптика; Эксперт-кабель; Алгруп; Паритет; Иркутск кабель; Псковкабель; Кабэкс; Алюр; Энерго комплект; КЗ Пересвет; ЭМ-КАБЕЛЬ,8,"LC КАБЕЛЬ; Опытно-конструкторское предприятие «ЭЛКА-КАБЕЛЬ»; СегментЭнерго кабельный завод; ЭЛЕКТРОТЕХМАШ КАБЕЛЬНЫЙ ЗАВОД; Камский кабель; от 0,250 км, предоплата, самовывоз; Компания «Рыбинсккабель»; Кабельный Альянс",8,0,assets/img/solutions/detail/eom/eom-cable-products-electrical-cable-products.webp,true,1200,900,67904,154f4c1b44fe,7070787c28e181c7,50.1,36.0,6.82,1,1
OK,OK,,energy,Энергетика,eom,ЭОМ,outdoor-lighting,Наружное освещение,architectural-and-street-lighting,"Архитектурно-художественное освещение, уличное освещение",solution-eom-outdoor-lighting.html,6,архитектурные светильники; фасадные светильники; линейная подсветка; уличные светильники; прожекторы; контроллеры освещения,8,Компания СВЕТЕХНИКС; ООО Фабрика света; ООО ЗАВОД-ЛЕНСВЕТ; ООО ТД АЙПРО; ООО Мордовский свет; Световые решения; ООО ЛЕДНИК ЛАЙТ; GETLUX,8,ООО Техносервис; FEREKS; LEDEL; Navigator; FERON; GAUSS; Электрик АРТ; Ардатовский светотехнический завод,8,0,assets/img/solutions/detail/eom/eom-outdoor-lighting-architectural-and-street-lighting.webp,true,1200,900,121110,dc05cd53fd43,00200001051d7c7f,37.1,33.2,6.37,1,1
OK,OK,,energy,Энергетика,eom,ЭОМ,outdoor-lighting,Наружное освещение,poles-and-outdoor-lighting,Опоры и наружное освещение,solution-eom-outdoor-lighting.html,6,опоры освещения; кронштейны; уличные светильники; мачты освещения; закладные детали; комплектующие,14,САРОС; Брайтелек; ПНК Регион; Лихославльский завод Светотехника; Светотехнический завод Светозар; Ардатовский светотехнический завод; СТП СДСВЕТ; Всесветодиоды; Navigator Group; Лайтон; НПП Светоприбор; Завод Элетех; СВТ (SVT); Уральский завод многогранных опор,11,"FEREKS; LEDEL; Navigator; FERON; GAUSS; JazzWay; АМИРА; НПО Экосистема; ООО ""ЗАВОД УРАЛДОРСВЕТ""; УМЕКОН (Уральский завод металлоконструкций); Ардатовский светотехнический завод",11,0,assets/img/solutions/detail/eom/eom-outdoor-lighting-poles-and-outdoor-lighting.webp,true,1200,900,140488,63793e79c639,001c784ec0c03e76,38.0,32.4,6.55,1,1
OK,OK,,energy,Энергетика,eom,ЭОМ,security-lighting,Охранное освещение,brackets-mounting-units-and-luminaires,"Кронштейны, узлы крепления, светильники",solution-eom-security-lighting.html,6,охранные светильники; прожекторы; кронштейны; узлы крепления; мачтовые крепления; комплектующие,2,ООО ОКБ Авгит; ООО Импэкс-Групп,1,Заря,1,0,assets/img/solutions/detail/eom/eom-security-lighting-brackets-mounting-units-and-luminaires.webp,true,1200,900,126114,fe0f9725c5da,e4e4e0f0c7a08087,35.1,24.2,6.33,1,1
OK,OK,,energy,Энергетика,eom,ЭОМ,lighting-devices,Световые приборы,input-distribution-device,Вводно-распределительное устройство (ВРУ),solution-eom-lighting-devices.html,6,ВРУ; ГРЩ; распределительные шкафы; панели ввода; панели распределения; комплектующие ВРУ,5,Систем-электрик; ЭТК-Прибор; НЭР; ЗЭТО; ГК ЧЭАЗ,5,Systeme Electric; DEKraft; EKF; TDM Electric; Schneider Electric,5,0,assets/img/solutions/detail/eom/eom-lighting-devices-input-distribution-device.webp,true,1200,900,76728,fd33bd3e874c,c07c7e7c70607c00,61.1,55.8,6.76,1,1
OK,OK,,energy,Энергетика,eom,ЭОМ,lighting-devices,Световые приборы,pvc-cable-management,Кабеленесущие системы из ПВХ,solution-eom-lighting-devices.html,5,кабель-каналы; трубы ПВХ; гофрированные трубы; короба; аксессуары ПВХ,1,Промрукав,1,DKC,1,0,assets/img/solutions/detail/eom/eom-lighting-devices-pvc-cable-management.webp,true,1200,900,84828,276c80f4f173,041c3c6f7f1eec60,49.0,45.7,6.94,1,1
OK,OK,,energy,Энергетика,eom,ЭОМ,lighting-devices,Световые приборы,cable-trays,Кабеленесущие системы лотки,solution-eom-lighting-devices.html,6,листовые лотки; лестничные лотки; проволочные лотки; крышки и перегородки; кронштейны и подвесы; соединители,2,КМ-профиль; Clive,1,DKC,1,0,assets/img/solutions/detail/eom/eom-lighting-devices-cable-trays.webp,true,1200,900,114440,07a8a311bb63,040400dddffd7e7e,41.4,36.9,6.61,1,1
OK,OK,,energy,Энергетика,eom,ЭОМ,lighting-devices,Световые приборы,lightning-protection-and-grounding,Молниезащита и заземление,solution-eom-lighting-devices.html,6,молниеприемники; токоотводы; заземлители; шины заземления; соединители; комплекты молниезащиты,1,ОБО Беттерманн,1,DKC,1,0,assets/img/solutions/detail/eom/eom-lighting-devices-lightning-protection-and-grounding.webp,true,1200,900,92970,6b5cc8a421dc,001c3c3e1ee6fc3c,38.3,33.7,6.60,1,1
OK,OK,,energy,Энергетика,eom,ЭОМ,lighting-devices,Световые приборы,luminaires,Светильники,solution-eom-lighting-devices.html,6,офисные светильники; промышленные светильники; аварийные светильники; уличные светильники; LED панели; комплектующие освещения,11,Светотехнический завод IETC; FERON; ЭРА; IEK; JazzWay; Световые Технологии; ООО ТПК Вартон; ООО Атомсвет Энергосервис; ООО Икслайт; ООО ОКБ Авгит; НЭР,12,ООО Техносервис; FEREKS; LEDEL; Navigator; AMBIOT; FERON; GAUSS; JazzWay; Завод светотехники ГУД ЛАЙТ; Производственно-торговая компания «ВСЕСВЕТОДИОДЫ» на Рябиновой улице; Электрик АРТ; Ардатовский светотехнический завод,12,0,assets/img/solutions/detail/eom/eom-lighting-devices-luminaires.webp,true,1200,900,76668,cf2759543290,070f5f7f77121000,42.5,31.4,6.54,1,1
OK,OK,,energy,Энергетика,eom,ЭОМ,lighting-devices,Световые приборы,lighting-fixtures,Светильники,solution-eom-lighting-devices.html,7,светодиодные светильники; потолочные светильники; настенные светильники; напольные и настольные светильники; архитектурные и фасадные светильники; аварийные и эвакуационные светильники; промышленные и офисные светильники,0,,12,ООО Техносервис; FEREKS; LEDEL; Navigator; AMBIOT; FERON; GAUSS; JazzWay; Завод светотехники ГУД ЛАЙТ; Производственно-торговая компания «ВСЕСВЕТОДИОДЫ» на Рябиновой улице; Электрик АРТ; Ардатовский светотехнический завод,12,0,assets/img/solutions/detail/eom/eom-lighting-devices-lighting-fixtures.webp,true,1200,900,65732,a44e9b3f072a,07040080d3d3fb7e,46.5,38.2,6.61,1,1
OK,OK,,energy,Энергетика,eom,ЭОМ,transformer-and-distribution-substations,Трансформаторные и распределительные подстанции,bktp-brp-vru,"БКТП, БРП, ВРУ",solution-eom-transformer-and-distribution-substations.html,6,блочные комплектные трансформаторные подстанции; блочные распределительные пункты; вводно-распределительные устройства; камеры КСО; трансформаторы; комплектующие подстанций,4,ЭЗОИС; ЧЭАЗ; ЗЭТО; НГ Энергии,4,ЗЭТО; ЧЭАЗ; ЭЗОИС; Электрощит,4,0,assets/img/solutions/detail/eom/eom-transformer-and-distribution-substations-bktp-brp-vru.webp,true,1200,900,47950,ff5b725a4eff,7e7e736363634078,68.6,42.0,7.08,1,1
OK,OK,,energy,Энергетика,eom,ЭОМ,transformer-and-distribution-substations,Трансформаторные и распределительные подстанции,uzly-sistemy-elektrosnabzheniya,"Узлы системы электроснабжения,",solution-eom-transformer-and-distribution-substations.html,3,БКТП (Блочная комплектная трансформаторная подстанция); БРП (Блочный распределительный пункт); ВРУ (Вводно-распределительное устройство),0,,4,ЗЭТО; ЧЭАЗ; ЭЗОИС; Электрощит,4,0,assets/img/solutions/detail/eom/eom-transformer-and-distribution-substations-uzly-sistemy-elektrosnabzheniya.webp,true,1200,900,67970,28062baf2995,8080d0f8fefe0600,35.8,40.9,6.43,1,1
OK,OK,,energy,Энергетика,eom,ЭОМ,electrical-equipment,Электрооборудование,uninterruptible-power-supplies,Источники бесперебойного питания,solution-eom-electrical-equipment.html,6,однофазные ИБП; трехфазные ИБП; модульные ИБП; аккумуляторные батареи; байпасные шкафы; стойки и аксессуары,10,DKS; ИМПУЛЬС; Socomec; Темпесто; ПИР; Парус электро; Фора; ДКС; Штиль; Ippon,2,Ippon; Socomec,2,0,assets/img/solutions/detail/eom/eom-electrical-equipment-uninterruptible-power-supplies.webp,true,1200,900,138200,a52bad2a1a2c,80d8ff0900007ffe,55.2,44.4,7.13,1,1
OK,OK,,energy,Энергетика,eom,ЭОМ,electrical-equipment,Электрооборудование,kommutatsionnoe-elektrooborudovanie,"Коммутационное электрооборудование,",solution-eom-electrical-equipment.html,6,"Защитно-коммутационные аппараты (Автоматические выключатели, Дифференциальные автоматы (дифавтоматы) и УЗО, Предохранители плавкие); Контакторы и пускатели; Реле и контроллеры; Рубильники и разъединители; Пакетные выключатели и переключатели; Сигнальная арматура",0,,14,Безгалогенные огнестойкие комупады; Кабельные заводы; Оборудование для сварки. Трансформаторы; Производители сип арматуры; Электрощит; опоры освещения и дорожное ограждение; DKC; DEKraft; EKF; IEK; TDM Electric; Schneider Electric; Generica; Контактор,14,0,assets/img/solutions/detail/eom/eom-electrical-equipment-kommutatsionnoe-elektrooborudovanie.webp,true,1200,900,54470,0eba29a8b7ab,00f8fbfbf260a080,43.0,36.3,6.67,1,1
OK,OK,,energy,Энергетика,eom,ЭОМ,electrical-equipment,Электрооборудование,molniezaschita,Молниезащита,solution-eom-electrical-equipment.html,2,"Внешняя молниезащита ( Молниеприемник, Токоотводы, Заземляющее устройство); Внутренняя молниезащита ( УЗИП, ОПН, Система уравнивания потенциалов)",0,,1,DKC,1,0,assets/img/solutions/detail/eom/eom-electrical-equipment-molniezaschita.webp,true,1200,900,40580,d20aa8de5b0b,0e1f1f1f17078180,52.7,31.9,6.57,1,1
OK,OK,,energy,Энергетика,eom,ЭОМ,electrical-equipment,Электрооборудование,busbar-systems,Шинопроводы,solution-eom-electrical-equipment.html,5,магистральные шинопроводы; распределительные шинопроводы; осветительные шинопроводы; секции и ответвители; комплектующие шинопровода,5,СОЭМИ; FERON; GAUSS; ЭРА; Arlight,3,ООО Техносервис; FERON; GAUSS,3,0,assets/img/solutions/detail/eom/v12/eom-busbar.webp,true,1200,900,44980,c88f5b2fbbdf,00008efe3f7f3c24,51.3,42.3,6.98,1,1
OK,OK,,energy,Энергетика,eom,ЭОМ,electrical-equipment,Электрооборудование,switchboard-and-electrical-equipment,Щитовое и электрооборудование,solution-eom-electrical-equipment.html,7,модульное оборудование; автоматические выключатели; УЗО и дифавтоматы; контакторы и реле; щиты и шкафы; НКУ; комплектующие для щитов,8,Dekraft; DKC; IEK; ЗЭТО; EKF; TDM; Элска; НЭР,14,Безгалогенные огнестойкие комупады; Кабельные заводы; Оборудование для сварки. Трансформаторы; Производители сип арматуры; Электрощит; опоры освещения и дорожное ограждение; DKC; DEKraft; EKF; IEK; TDM Electric; Schneider Electric; Generica; Контактор,14,0,assets/img/solutions/detail/eom/eom-electrical-equipment-switchboard-and-electrical-equipment.webp,true,1200,900,119932,330d062c4349,003c3ebe1800ff7e,41.9,36.9,6.76,1,1
OK,OK,,energy,Энергетика,eom,ЭОМ,electrical-equipment,Электрооборудование,schitovoe-oborudovanie,Щитовое оборудование,solution-eom-electrical-equipment.html,6,ГРЩ (Главный распределительный щит); ВРУ (Вводно-распределительное устройство); ЩУ (Щит учета); ЩО (Щит освещения); ЩА (Щит автоматики/управления); АВР (Щит аварийного переключения),0,,9,Электрощит; DKC; DEKraft; EKF; IEK; TDM Electric; Schneider Electric; Generica; Контактор,9,0,assets/img/solutions/detail/eom/eom-electrical-equipment-schitovoe-oborudovanie.webp,true,1200,900,57804,99059b4610c5,183c3c3c3c3c7800,63.2,55.7,7.05,1,1
OK,OK,,energy,Энергетика,eom,ЭОМ,electrical-equipment,Электрооборудование,elektrika,Электрика,solution-eom-electrical-equipment.html,1,Электрика,0,,14,Безгалогенные огнестойкие комупады; Кабельные заводы; Оборудование для сварки. Трансформаторы; Производители сип арматуры; Электрощит; опоры освещения и дорожное ограждение; DKC; DEKraft; EKF; IEK; TDM Electric; Schneider Electric; Generica; Контактор,14,0,assets/img/solutions/detail/eom/eom-electrical-equipment-elektrika.webp,true,1200,900,81302,f28b1c14b46e,20003d3f3f3e0000,76.8,54.1,7.15,1,1
OK,OK,,energy,Энергетика,eom,ЭОМ,electrical-equipment,Электрооборудование,elektroustanovochnye-izdeliya,Электроустановочные изделия,solution-eom-electrical-equipment.html,5,"Розетки (электрические, компьютерные, телефонные, телевизионные, USB-розетки).; Выключатели (одноклавишные, двухклавишные, проходные/перекрестные для управления светом из нескольких мест).; Светорегуляторы (диммеры) — позволяют плавно менять яркость освещения.; Датчики движения и присутствия — автоматически включают свет при обнаружении человека.; Термостаты — устройства для управления теплыми полами или системами отопления.",0,,7,DEKraft; EKF; IEK; TDM Electric; Schneider Electric; Generica; Контактор,7,0,assets/img/solutions/detail/eom/eom-electrical-equipment-elektroustanovochnye-izdeliya.webp,true,1200,900,39974,91223ecce6e3,5f5f5f5f530d0000,55.5,36.7,6.92,1,1
