direction,group,area,type,vendor_name,normalized_name,slug,official_site,logo,logo_source_url,status,confidence,source,notes
IT оборудование и ПО,IT-инфраструктура,Информационная безопасность,Информационная безопасность,Kaspersky,Kaspersky,kaspersky,https://www.kaspersky.ru/,assets/img/logos/vendors/kaspersky.svg,https://www.kaspersky.ru/,logo_ready,high,codex_it_p0_vendor_fill_20260702,Official inline SVG header logo from kaspersky.ru; stored locally with official brand color.
IT оборудование и ПО,IT-инфраструктура,Информационная безопасность,Информационная безопасность,Positive Technologies,Positive Technologies,positive-technologies,https://ptsecurity.com/,assets/img/logos/vendors/positive-technologies.svg,https://ptsecurity.com/_next/static/media/Logo_white.075512d9.svg,logo_ready,high,codex_it_p0_vendor_fill_20260702,Official SVG logo from ptsecurity.com; mapped to information security.
IT оборудование и ПО,IT-инфраструктура,Информационная безопасность,Информационная безопасность,UserGate,UserGate,usergate,https://usergate.com/,assets/img/logos/vendors/usergate.png,https://usergate.com/f/dist/media/favicons/favicon-96x96.png,logo_ready,medium,codex_it_p0_vendor_fill_20260702,Official UserGate favicon from usergate.com used as temporary logo asset; replace with official wordmark if provided by supplier.
IT оборудование и ПО,IT-инфраструктура,Корпоративные устройства,Интерактивное оборудование,BM Group,BM Group,bm-technology,https://bm-technology.ru/,assets/img/logos/vendors/bm-technology.svg,https://bm-technology.ru/templates/bmgroup_2.0/images/landings/homepage/img/logo_new.svg,logo_ready,medium,codex_it_p0_vendor_fill_20260702,"Official logo from bm-technology.ru; mapped only to interactive equipment, not broader IT categories."
IT-инфраструктура,IT-инфраструктура,IT-инфраструктура,IT оборудование и ПО,Systeme Electric,Systeme Electric,systeme-electric,https://systeme.ru,assets/img/logos/vendors/import-20260630/systeme-electric.svg,https://systeme.ru/_nuxt/img/logo-main-mobile.63c6943.svg,logo_ready,high,supplier_import_20260630_official_site,"Prepared from supplier table. Sheet: IT 02.04, row 24. Logo source: official site."
IT-инфраструктура,IT-инфраструктура,IT-инфраструктура,IT оборудование и ПО,КИТ,КИТ,kit,https://www.ocs.ru/vendors/kit/,assets/img/logos/vendors/import-20260630/kit.svg,https://www.ocs.ru/uploads/vendors/kit_logo_renewed.svg,logo_ready,high,supplier_import_20260630_official_site,"Prepared from supplier table. Sheet: IT 02.04, row 12. Logo source: official site."
IT-инфраструктура,IT-инфраструктура,IT-инфраструктура,IT оборудование и ПО,Терек-Радио,Терек-Радио,terek-radio,https://terek-radio.ru/,assets/img/logos/vendors/import-20260630/terek-radio.png,https://terek-radio.ru/wp-content/uploads/2022/03/logo_for_heder_v2-1536x768.png,logo_ready,high,supplier_import_20260630_official_site,"Prepared from supplier table. Sheet: IT 02.04, row 20. Logo source: official site."
IT-инфраструктура,IT-инфраструктура,Корпоративные устройства,"ПК, моноблоки, ноутбуки, планшеты, клиентские устройства",KVADRA,KVADRA,kvadra,https://квадра.рф/,assets/img/logos/partners/kvadra-on-white.svg,https://xn--80aaej1a3b.xn--p1ai/wp-content/themes/kvadra/assets/public/static/images/logo.svg?v2,logo_ready,high,official_site_header_asset_adapted_on_white_card,IT-инфраструктура: корпоративные клиентские устройства YADRO/KVADRA.
IT-инфраструктура,IT-инфраструктура,ПО и управление,Платформы разработки и сборки ПО,GitFlic,GitFlic,gitflic,https://gitflic.ru/,assets/img/logos/vendors/gitflic.svg,https://gitflic.ru/static/images/logo-black.svg,logo_ready,high,codex_p0_vendor_coverage_20260702,Official black SVG logo from gitflic.ru static assets; site title confirms source-code repository platform.
IT-инфраструктура,IT-инфраструктура,ПО и управление,Управление данными и аналитика,Postgres Professional,Postgres Professional,postgres-professional,https://postgrespro.ru/,assets/img/logos/vendors/postgres-professional.svg,https://postgrespro.ru/media/2025/04/02/Postgres%20Pro.%20%D0%9B%D0%BE%D0%B3%D0%BE%D1%82%D0%B8%D0%BF%20%28%D1%81%D0%B8%D0%BD%D0%B8%D0%B9%29..svg,logo_ready,high,codex_p0_vendor_coverage_20260702,Official blue SVG from Postgres Pro press materials.
IT-инфраструктура,IT-инфраструктура,ПО и управление,"Операционные системы, виртуализация и управление ИТ-инфраструктурой",Группа Астра,Группа Астра,gk-astra,https://astra.ru/,assets/img/logos/vendors/gk-astra.svg,https://astra.ru/upload/logotipy/logoGroupAstra.zip,logo_ready,high,codex_p0_vendor_coverage_20260702,Official logo package downloaded from Astra press/logo materials page; using color SVG from official ZIP.
IT-инфраструктура,IT-инфраструктура,ПО и управление,Резервное копирование,Киберпротект,Киберпротект,kiberprotekt,https://cyberprotect.ru/,assets/img/logos/vendors/kiberprotekt.svg,https://cyberprotect.ru/static/img/main_new/logo_10.svg,logo_ready,high,codex_p0_vendor_coverage_20260702,"Official SVG logo from cyberprotect.ru header; page title confirms backup, storage and data protection solutions."
IT-инфраструктура,IT-инфраструктура,Серверы и ЦОД,"Серверы, СХД, коммутаторы, инфраструктурные компоненты, рабочие станции",DEPO Computers,DEPO Computers,depo-computers,https://depo-computers.com/,assets/img/logos/partners/depo-computers.png,https://static.tildacdn.com/tild6264-3332-4438-a439-373663373064/Logo_DepoComputers.png,logo_ready,high,official_site_og_logo_asset,"IT-инфраструктура: серверы, СХД, коммутаторы, компьютеры и рабочие станции."
IT-инфраструктура,IT-инфраструктура,"Серверы, СХД и ПО","Серверы, системы хранения, коммутаторы, ПО, интегрированные решения",YADRO,YADRO,yadro,https://yadro.com/,assets/img/logos/partners/yadro-on-white.svg,https://yadro.com/assets/shared/svgs/logo_yadro_white_193x48.svg,logo_ready,high,official_site_header_asset,"IT-инфраструктура: серверы, СХД, сетевые коммутаторы, ПО и ЦОД-решения."
Автоматизация / диспетчеризация,Автоматизация / диспетчеризация,Автоматизация / диспетчеризация,Автоматизация / диспетчеризация,MasterSCADA,MasterSCADA,masterscada,https://iek-digital.ru/,assets/img/logos/partners/masterscada-clean.svg,https://profesko.ru/local/templates/profesco/img/companies/scada/scada-active.svg,logo_ready,high,partner_catalog_backfill_20260702,Backfilled from confirmed partner source for catalog vendor coverage; official site/logo already tracked in partners data.
Акустические потолки,Акустические потолки,Акустические потолки,Акустические потолки,Ecophon,Ecophon,ecophon,https://www.ecophon.com/,assets/img/logos/partners/ecophon.svg,https://www.ecophon.com/globalassets/new-site/media/logo/ecophon-logo-2023r3_black-01.svg,logo_ready,high,partner_catalog_backfill_20260702,Backfilled from confirmed partner source for catalog vendor coverage; official site/logo already tracked in partners data.
Архитектура / алюминиевые профили,Архитектура / алюминиевые профили,Архитектура / алюминиевые профили,Архитектура / алюминиевые профили,АЛРОКС,АЛРОКС,alroks,https://alrox.ru/,assets/img/logos/partners/alrox.png,https://static.tildacdn.com/tild6536-3333-4262-a466-653230353139/_x0020_1_2.png,logo_ready,high,partner_catalog_backfill_20260702,Backfilled from confirmed partner source for catalog vendor coverage; official site/logo already tracked in partners data.
Архитектура / гипсокартон,Архитектура / гипсокартон,Архитектура / гипсокартон,Архитектура / гипсокартон,Магма,Магма,magma,https://magma-td.ru/catalog/gipsokartonnye-listy/gipsokarton-vlagostoykiy/,assets/img/logos/partners/magma-clean.png,https://magma-td.ru/img/logo.png?v=1.0,logo_ready,high,partner_catalog_backfill_20260702,Backfilled from confirmed partner source for catalog vendor coverage; official site/logo already tracked in partners data.
Архитектура / окна,Архитектура / окна,Архитектура / окна,Архитектура / окна,Kaleva,Kaleva,kaleva,https://www.okna.ru/,assets/img/logos/partners/kaleva.svg,https://www.okna.ru/local/templates/kaleva/images/logo.svg,logo_ready,high,partner_catalog_backfill_20260702,Backfilled from confirmed partner source for catalog vendor coverage; official site/logo already tracked in partners data.
Архитектура / окна,Архитектура / окна,Архитектура / окна,Архитектура / окна,Melke,Melke,melke,https://www.melke.ru/,assets/img/logos/partners/melke.webp,https://www.melke.ru/assets/logo/melke-logo-hor-dark-fry.webp,logo_ready,high,partner_catalog_backfill_20260702,Backfilled from confirmed partner source for catalog vendor coverage; official site/logo already tracked in partners data.
Архитектура / сухие смеси,Архитектура / сухие смеси,Архитектура / сухие смеси,Архитектура / сухие смеси,Волма,Волма,volma,https://www.volma.ru/,assets/img/logos/partners/volma.svg,https://www.volma.ru/img/a-logo.svg,logo_ready,high,partner_catalog_backfill_20260702,Backfilled from confirmed partner source for catalog vendor coverage; official site/logo already tracked in partners data.
Архитектура / сухое строительство,Архитектура / сухое строительство,Архитектура / сухое строительство,Архитектура / сухое строительство,Gyproc,Gyproc,gyproc,https://www.gyproc.ru/,assets/img/logos/partners/gyproc.png,,logo_ready,high,partner_catalog_backfill_20260702,Backfilled from confirmed partner source for catalog vendor coverage; official site/logo already tracked in partners data.
Архитектура / сухое строительство,Архитектура / сухое строительство,Архитектура / сухое строительство,Архитектура / сухое строительство,Кнауф,Кнауф,knauf,https://www.knauf.ru/,assets/img/logos/partners/knauf.svg,https://www.knauf.ru/local/templates/main/dist/images/header/logo.svg,logo_ready,high,partner_catalog_backfill_20260702,Backfilled from confirmed partner source for catalog vendor coverage; official site/logo already tracked in partners data.
Архитектурные решения,Архитектурные решения,Архитектурные решения,потолки и системы,Cesal,Cesal,cesal,https://cesal.ru,assets/img/logos/vendors/import-20260630/cesal.svg,https://www.cesal.ru/bitrix/templates/cesal/images/logo.svg,logo_ready,high,supplier_import_20260630_official_site,"Official CESAL logo from official site, normalized from supplier table row that contained category text instead of brand name."
Архитектурные решения,Архитектурные решения,Архитектурные решения,Окна,ORTEX,ORTEX,ortex,https://ortex.org,assets/img/logos/vendors/import-20260630/ortex.svg,https://www.ortex.org/local/templates/ortex/img/logo.svg,logo_ready,high,supplier_import_20260630_official_site,"Prepared from supplier table. Sheet: Окна, row 36. Logo source: official site."
Архитектурные решения,Архитектурные решения,Архитектурные решения,Окна,Thermo Glass,Thermo Glass,thermo-glass,https://thermo-glass.ru,assets/img/logos/vendors/import-20260630/thermo-glass.svg,https://thermo-glass.ru/wp-content/themes/thermoglass/assets/img/logo-new.svg,logo_ready,high,supplier_import_20260630_official_site,"Prepared from supplier table. Sheet: Окна, row 31. Logo source: official site."
Архитектурные решения,Архитектурные решения,Архитектурные решения,HPL,«Завод слоистых пластиков»,«Завод слоистых пластиков»,zavod-sloistyh-plastikov,https://sloplast.ru,assets/img/logos/vendors/import-20260630/zavod-sloistyh-plastikov.svg,https://sloplast.ru/local/templates/sloplast/img/logo_sloplast.svg,logo_ready,high,supplier_import_20260630_official_site,"Prepared from supplier table. Sheet: HPL, row 3. Logo source: official site."
Архитектурные решения,Архитектурные решения,Архитектурные решения,GML панели,«Подольский завод стеновых и потолочных панелей» ООО «ПЗСПП»,«Подольский завод стеновых и потолочных панелей» ООО «ПЗСПП»,podolskiy-zavod-stenovyh-i-potolochnyh-paneley-ooo-pzspp,https://gipsometal.ru,assets/img/logos/vendors/import-20260630/podolskiy-zavod-stenovyh-i-potolochnyh-paneley-ooo-pzspp.png,https://gipsometal.ru/bitrix/templates/base/img/logo.png,logo_ready,high,supplier_import_20260630_official_site,"Prepared from supplier table. Sheet: GML панели, row 27. Logo source: official site."
Архитектурные решения,Архитектурные решения,Архитектурные решения,Плитка керамическая,"АО “ЗКИ” АО ""Завод керамических изделий г. Екатеринбург""","АО “ЗКИ” АО ""Завод керамических изделий г. Екатеринбург""",ao-zki-ao-zavod-keramicheskih-izdeliy-g-ekaterinburg,https://almaceramica.ru,assets/img/logos/vendors/import-20260630/ao-zki-ao-zavod-keramicheskih-izdeliy-g-ekaterinburg.png,https://almaceramica.ru/themes/almatheme/img/logo.png,logo_ready,high,supplier_import_20260630_official_site,"Prepared from supplier table. Sheet: Плитка керамическая, row 22. Logo source: official site."
Архитектурные решения,Архитектурные решения,Архитектурные решения,GML панели,"Компания ""Ардко""","Компания ""Ардко""",kompaniya-ardko,https://ardco.ru,assets/img/logos/vendors/import-20260630/kompaniya-ardko.png,https://www.ardco.ru/upload/logo%202021.png,logo_ready,high,supplier_import_20260630_official_site,"Prepared from supplier table. Sheet: GML панели, row 16. Logo source: official site."
Архитектурные решения,Архитектурные решения,Архитектурные решения,ЛКМ,НПП СПЕКТР,НПП СПЕКТР,npp-spektr,https://certa.ru,assets/img/logos/vendors/import-20260630/npp-spektr.svg,https://certa.ru/local/templates/certa/assets/icons/logo-site.svg,logo_ready,high,supplier_import_20260630_official_site,"Prepared from supplier table. Sheet: ЛКМ, row 9. Logo source: official site."
Архитектурные решения,Архитектурные решения,Архитектурные решения,Плитка керамическая,"ООО ""Параллель""","ООО ""Параллель""",ooo-parallel,https://unitile.ru,assets/img/logos/vendors/import-20260630/ooo-parallel.png,https://unitile.ru/local/templates/main/images/Unitile_logo_stock company.png,logo_ready,high,supplier_import_20260630_official_site,"Prepared from supplier table. Sheet: Плитка керамическая, row 19. Logo source: official site."
Архитектурные решения,Архитектурные решения,Архитектурные решения,Окна,ООО «ОК-СИТИ»,ООО «ОК-СИТИ»,ooo-ok-siti,https://www.oknadomkom.ru,assets/img/logos/vendors/import-20260630/ooo-ok-siti.svg,https://www.oknadomkom.ru/include/img/logo2.svg,logo_ready,high,supplier_import_20260630_official_site,"Prepared from supplier table. Sheet: Окна, row 39. Logo source: official site."
Архитектурные решения,Архитектурные решения,Архитектурные решения,Окна,Оконные технологии,Оконные технологии,okonnye-tehnologii,https://okonteh.ru,assets/img/logos/vendors/import-20260630/okonnye-tehnologii.svg,https://okonteh.ru/wp-content/themes/okonteh/img/logo-color.svg,logo_ready,high,supplier_import_20260630_official_site,"Prepared from supplier table. Sheet: Окна, row 10. Logo source: official site."
Архитектурные решения,Архитектурные решения,Архитектурные решения,Окна,Производственная компания АВИ СтройКомплект,Производственная компания АВИ СтройКомплект,proizvodstvennaya-kompaniya-avi-stroykomplekt,https://www.avi-sk.com,assets/img/logos/vendors/import-20260630/proizvodstvennaya-kompaniya-avi-stroykomplekt.png,https://spezokna.com/wp-content/themes/specokna/images/header-logo.png,logo_ready,high,supplier_import_20260630_official_site,"Prepared from supplier table. Sheet: Окна, row 48. Logo source: official site."
Архитектурные решения,Архитектурные решения,Архитектурные решения,ОБОИ,Стройобои,Стройобои,stroyoboi,https://malex.ru,assets/img/logos/vendors/import-20260630/stroyoboi.svg,https://malex.ru/pictures/logo.svg,logo_ready,high,supplier_import_20260630_official_site,"Prepared from supplier table. Sheet: ОБОИ, row 14. Logo source: official site."
Архитектурные решения,Полы,Напольные покрытия,Напольные покрытия,Tarkett,Tarkett,tarkett,https://www.tarkett.ru/,assets/img/logos/partners/tarkett.svg,https://www.tarkett.ru/,logo_ready,high,partner_catalog_backfill_20260702,Backfilled from confirmed partner source for catalog vendor coverage; official site/logo already tracked in partners data.
Архитектурные решения,Полы,Фальшполы,Фальшполы,INTERFLOOR,INTERFLOOR,interfloor,https://interfloor.pro/,assets/img/logos/vendors/interfloor.png,https://interfloor.pro/wp-content/uploads/2022/03/group_2_1.png,logo_ready,high,official_p2_remaining_groups_20260706,Official site title identifies INTERFLOOR as production and installation of raised-floor systems; logo from official schema/header image.
Архитектурные решения,Стены / интерьерные панели,СМЛ,СМЛ панели,MAGELAN,MAGELAN,magelan,https://www.magelan-import.com/,assets/img/logos/vendors/magelan.svg,https://www.magelan-import.com/sites/all/themes/interface/layout/images/magelan.svg,logo_ready,high,official_p0_vendor_batch_20260703,Official MAGELAN site uses this SVG as the header logo background; catalog hint covers SML panels.
Архитектурные решения,Фасады,Фасадные системы,Фасадные системы,GRAND LINE,GRAND LINE,grand-line,https://www.grandline.ru/,assets/img/logos/partners/grand-line.png,https://www.grandline.ru/image/data/logo.png,logo_ready,high,partner_catalog_backfill_20260702,Backfilled from confirmed partner source for catalog vendor coverage; official site/logo already tracked in partners data.
Архитектурные решения,Фасады,Фасадные системы,Фасадные системы,NORDFOX,NORDFOX,nordfox,https://nordfox.ru/,assets/img/logos/partners/nordfox.png,https://nordfox.ru/wp-content/uploads/2021/01/NF-Blue.png,logo_ready,high,partner_catalog_backfill_20260702,Backfilled from confirmed partner source for catalog vendor coverage; official site/logo already tracked in partners data.
Благоустройство и озеленение,Благоустройство,Благоустройство,МАФ,Вивана,Вивана,vivana,https://vivana.ru,assets/img/logos/vendors/import-20260630/vivana.svg,https://vivana.ru/templates/vivana/images/logo.svg,logo_ready,high,supplier_import_20260630_official_site,"Prepared from supplier table. Sheet: МАФ, row 7. Logo source: official site."
ВК / водоотведение,ВК / водоотведение,ВК / водоотведение,ВК / водоотведение,АктивСток,АктивСток,aktivstok,https://akstok.com/,assets/img/logos/partners/aktivstok.png,https://akstok.com/wp-content/uploads/2017/09/aktivstok.png,logo_ready,high,partner_catalog_backfill_20260702,Backfilled from confirmed partner source for catalog vendor coverage; official site/logo already tracked in partners data.
ВК / насосное оборудование,ВК / насосное оборудование,ВК / насосное оборудование,ВК / насосное оборудование,Wilo,Wilo,wilo,https://wilo.ru/,assets/img/logos/partners/wilo.png,,logo_ready,high,partner_catalog_backfill_20260702,Backfilled from confirmed partner source for catalog vendor coverage; official site/logo already tracked in partners data.
Вертикальный транспорт,Автоматизация и диспетчеризация,Диспетчерская связь лифтов,Диспетчерская связь (Лифты),Обь Лифт-Комплекс ДС,Обь Лифт-Комплекс ДС,ob-lift-kompleks-ds,https://www.lkds.ru/,assets/img/logos/vendors/ob-lift-kompleks-ds.png,https://www.lkds.ru/local/templates/general/img/logo.png,logo_ready,high,official_p0_vendor_batch_20260703,Official LKDS site logo; catalog hint covers lift dispatch communication.
Вертикальный транспорт,Вертикальный транспорт,Вертикальный транспорт,Лифты,Doppler,Doppler,doppler,https://doppler-lifts.ru,assets/img/logos/vendors/import-20260630/doppler.svg,https://doppler-lifts.ru/wp-content/uploads/2023/04/Doppler_logo-1.svg,logo_ready,high,supplier_import_20260630_official_site,"Prepared from supplier table. Sheet: Лифты , row 28. Logo source: official site."
Вертикальный транспорт,Вертикальный транспорт,Вертикальный транспорт,Лифты,Карачаровский Механический завод,Карачаровский Механический завод,karacharovskiy-mehanicheskiy-zavod,https://kmzlift.ru,assets/img/logos/vendors/import-20260630/karacharovskiy-mehanicheskiy-zavod.svg,https://kmzlift.ru/images_index/logo.svg,logo_ready,high,supplier_import_20260630_official_site,"Prepared from supplier table. Sheet: Лифты , row 5. Logo source: official site."
Вертикальный транспорт,Вертикальный транспорт,Вертикальный транспорт,Лифты,МОСЛИФТ АО,МОСЛИФТ АО,moslift-ao,https://moslift.ru,assets/img/logos/vendors/import-20260630/moslift-ao.svg,https://moslift.ru/local/templates/moslift/assets/images/header-logo-first.svg,logo_ready,high,supplier_import_20260630_official_site,"Prepared from supplier table. Sheet: Лифты , row 30. Logo source: official site."
Вертикальный транспорт,Вертикальный транспорт,Вертикальный транспорт,Лифты,ООО «ВТК «ПРОМТЕХ»,ООО «ВТК «ПРОМТЕХ»,ooo-vtk-promteh,https://vtk-promteh.ru,assets/img/logos/vendors/import-20260630/ooo-vtk-promteh.png,http://vtk-promteh.ru/a/promteh/files/66739/65607/logo_small.png,logo_ready,high,supplier_import_20260630_official_site,"Prepared from supplier table. Sheet: Лифты , row 36. Logo source: official site."
Вертикальный транспорт,Вертикальный транспорт,Вертикальный транспорт,Лифты,Отис - ранее METEOR Lift,Отис - ранее METEOR Lift,otis-ranee-meteor-lift,https://meteor.ru,assets/img/logos/vendors/import-20260630/otis-ranee-meteor-lift.png,https://meteor.ru/assets/img/blocks/synchro-logo.png,logo_ready,high,supplier_import_20260630_official_site,"Prepared from supplier table. Sheet: Лифты , row 12. Logo source: official site."
Вертикальный транспорт,Вертикальный транспорт,Вертикальный транспорт,Лифты,Приводная техника,Приводная техника,privodnaya-tehnika,https://privod.ru,assets/img/logos/vendors/import-20260630/privodnaya-tehnika.svg,https://privod.ru/bitrix/templates/privod/images/logo25years.svg,logo_ready,high,supplier_import_20260630_official_site,"Prepared from supplier table. Sheet: Лифты , row 26. Logo source: official site."
Вертикальный транспорт,Вертикальный транспорт,Вертикальный транспорт,Лифты,САНКТ-ПЕТЕРБУРГСКИЙ ЛИФТОВОЙ ЗАВОД,САНКТ-ПЕТЕРБУРГСКИЙ ЛИФТОВОЙ ЗАВОД,sankt-peterburgskiy-liftovoy-zavod,https://lzspb.com,assets/img/logos/vendors/import-20260630/sankt-peterburgskiy-liftovoy-zavod.svg,https://lzspb.com/local/templates/lzspb/img/logo.svg,logo_ready,high,supplier_import_20260630_official_site,"Prepared from supplier table. Sheet: Лифты , row 20. Logo source: official site."
Вертикальный транспорт,Вертикальный транспорт,Вертикальный транспорт,Лифты,Серпуховский лифтостроительный завод,Серпуховский лифтостроительный завод,serpuhovskiy-liftostroitelnyy-zavod,https://slz-lift.ru,assets/img/logos/vendors/import-20260630/serpuhovskiy-liftostroitelnyy-zavod.svg,https://slz-lift.ru/local/templates/slz-lift.v2/images/logo-grey.svg,logo_ready,high,supplier_import_20260630_official_site,"Prepared from supplier table. Sheet: Лифты , row 15. Logo source: official site."
Вертикальный транспорт,Вертикальный транспорт,Вертикальный транспорт,Лифты,Современные лифтовые технологии,Современные лифтовые технологии,sovremennye-liftovye-tehnologii,https://sltlift.ru,assets/img/logos/vendors/import-20260630/sovremennye-liftovye-tehnologii.svg,https://sltlift.ru/markup/build/img/logo.svg,logo_ready,high,supplier_import_20260630_official_site,"Prepared from supplier table. Sheet: Лифты , row 25. Logo source: official site."
Вертикальный транспорт,Вертикальный транспорт,Вертикальный транспорт,Лифты,ЧЕЛЯБИНСКИЙ ЛИФТОСТРОИТЕЛЬНЫЙ ЗАВОД «ВИТЧЕЛ»,ЧЕЛЯБИНСКИЙ ЛИФТОСТРОИТЕЛЬНЫЙ ЗАВОД «ВИТЧЕЛ»,chelyabinskiy-liftostroitelnyy-zavod-vitchel,https://witchel.ru,assets/img/logos/vendors/import-20260630/chelyabinskiy-liftostroitelnyy-zavod-vitchel.png,https://witchel.ru/wp-content/uploads/2017/05/logo.png,logo_ready,high,supplier_import_20260630_official_site,"Prepared from supplier table. Sheet: Лифты , row 17. Logo source: official site."
Водоподготовка,Водоподготовка,Водоподготовка,Водоподготовка,Аквалид,Аквалид,akvalid,https://aqualid.ru/,assets/img/logos/partners/aqualid.svg,https://static.tildacdn.com/tild6264-3533-4535-a366-363135623431/photo.svg,logo_ready,high,partner_catalog_backfill_20260702,Backfilled from confirmed partner source for catalog vendor coverage; official site/logo already tracked in partners data.
Водоснабжение и водоотведение,Водоотведение,Промышленные водонагреватели,Накопительные электрические промышленные водонагреватели,РусИнж,РусИнж,rusinzh,https://www.rusinzh.ru/,assets/img/logos/vendors/rusinzh.svg,https://www.rusinzh.ru/wa-data/public/site/themes/supreme/img/logo.svg?v1631525408,logo_ready,high,official_p1_vendor_hint_batch_20260703,Official РусИнж header logo; catalog brand hint covers industrial electric storage water heaters.
Водоснабжение и водоотведение,Водоснабжение,Запорная арматура,Запорная и регулирующая арматура,Danfoss,Danfoss,danfoss,https://www.danfoss.com/en/,assets/img/logos/partners/danfoss.svg,https://www.danfoss.com/static/images/new-logo.svg,logo_ready,high,partner_catalog_backfill_20260702,Backfilled from confirmed partner source for catalog vendor coverage; official site/logo already tracked in partners data.
Водоснабжение и водоотведение,Водоснабжение,Трубопроводные системы,Трубопроводные системы водоснабжения,REHAU,REHAU,rehau,https://rhsolutions.ru/,assets/img/logos/partners/rehau.svg,https://rhsolutions.ru/,logo_ready,high,partner_catalog_backfill_20260702,Backfilled from confirmed partner source for catalog vendor coverage; official site/logo already tracked in partners data.
Водоснабжение и водоотведение,Водоснабжение,Трубопроводные системы,Трубопроводные системы водоснабжения,Sanext,Sanext,sanext,https://sanext.ru/,assets/img/logos/partners/sanext.svg,https://sanext.ru/,logo_ready,high,partner_catalog_backfill_20260702,Backfilled from confirmed partner source for catalog vendor coverage; official site/logo already tracked in partners data.
Водоснабжение и водоотведение,Водоснабжение,Трубопроводные системы,Трубопроводные системы водоснабжения,Uponor,Uponor,uponor,https://uponor.company/,assets/img/logos/partners/uponor-clean.png,https://uponor.company/wp-content/themes/upanor-wp/images/logo.png,logo_ready,high,partner_catalog_backfill_20260702,Backfilled from confirmed partner source for catalog vendor coverage; official site/logo already tracked in partners data.
Водоснабжение и водоотведение,Водоснабжение,Узлы учета воды,Узлы учета воды,ВЗЛЕТ,ВЗЛЕТ,vzljot,https://vzljot.ru/,assets/img/logos/vendors/vzljot.svg,https://vzljot.ru/#inline-header-logo,logo_ready,high,official_p2_remaining_groups_20260706,"Official site title identifies VZLJOT as manufacturer of liquid, heat and gas metering devices; logo extracted from official inline SVG header."
Водоснабжение и водоотведение,Наружные сети водоснабжения и канализации,Наружные сети водоснабжения и канализации,Наружные сети водоснабжения и канализации,ПОЛИПЛАСТИК,ПОЛИПЛАСТИК,polyplastic,https://www.polyplastic.ru/,assets/img/logos/vendors/polyplastic.svg,https://www.polyplastic.ru/sites/all/themes/polyplastic_rustamus/logo_blue.svg,logo_ready,high,official_p2_remaining_groups_20260706,Official site title identifies POLYPLASTIC Group as polymer pipe manufacturer; logo from official theme asset.
Газоснабжение,Газоанализаторы,Газоанализаторы,Газоанализаторы,НПП «ГазоАналит»,НПП «ГазоАналит»,gazoanalit,https://gazoanalit.ru/,assets/img/logos/vendors/gazoanalit.jpg,https://gazoanalit.ru/img/logo70-70.jpg,logo_ready,medium,official_catalog_hint_gas_analyzers_20260703,Official site identifies ООО НПП ГазоАналит as a manufacturer/system integrator of gas analysis systems. Official 70x70 logo image is used without redraw; mapped only to gas analyzers.
Доступная среда,Пандусы / подъемники / поручни,Доступная среда,"Пандусы, подъемники, поручни, рампы и трапы",Тифлоцентр,Тифлоцентр,tiflocentre,https://tiflocentre.ru/,assets/img/logos/vendors/tiflocentre.svg,https://tiflocentre.ru/images/site/tiflocentre-logo.svg,logo_ready,high,official_p1_vendor_hint_batch_20260703,Official Тифлоцентр logo from official site; catalog hints cover accessible environment groups.
Доступная среда,Парковочные места,Дорожные знаки,Дорожные знаки,РусДорЗнак,РусДорЗнак,rusdorznak,https://rusdorznak.ru/,assets/img/logos/vendors/rusdorznak.svg,https://rusdorznak.ru/img/logo.svg,logo_ready,high,official_p2_remaining_groups_20260706,Official site title identifies road signs; logo from official site asset.
ИТ-оборудование,ИТ-оборудование,ИТ-оборудование,ИТ-оборудование,iRU,iRU,iru,https://www.iru.ru/,assets/img/logos/partners/iru-dark.svg,https://static.iru.ru/img/logo.svg,logo_ready,high,partner_catalog_backfill_20260702,Backfilled from confirmed partner source for catalog vendor coverage; official site/logo already tracked in partners data.
Изоляция / инженерная изоляция,Изоляция / инженерная изоляция,Изоляция / инженерная изоляция,Изоляция / инженерная изоляция,K-FLEX,K-FLEX,k-flex,https://kflex.ru/,assets/img/logos/partners/k-flex.svg,https://kflex.ru/markup/public/css/styles.css,logo_ready,high,partner_catalog_backfill_20260702,Backfilled from confirmed partner source for catalog vendor coverage; official site/logo already tracked in partners data.
Инженерное оборудование,Пожарная безопасность,АПС,Пожарная сигнализация и СОУЭ,НВП Болид,НВП Болид,bolid,https://bolid.ru/production/,assets/img/logos/vendors/bolid.png,https://bolid.ru/bld/images/logo.png,logo_ready,high,codex_fire_p0_vendor_fill_20260702,"Official logo from bolid.ru. Mapped only to fire alarm, security-fire alarm, SOUE and emergency notification groups."
Инженерное оборудование,Пожарная безопасность,АПС,Охранно-пожарная сигнализация и СОУЭ,Рубеж,Рубеж,rubezh,https://products.rubezh.ru/,assets/img/logos/vendors/rubezh.svg,https://products.rubezh.ru/local/templates/td_rubezh_template/img/rubezh.svg,logo_ready,high,codex_fire_p0_vendor_fill_20260702,"Official SVG logo from products.rubezh.ru. Mapped to security/fire alarm, SOUE and emergency notification groups."
Инженерное оборудование,Пожарная безопасность,АПС,Автоматическое пожаротушение,Спецавтоматика,Спецавтоматика,spetsavtomatika-biysk,https://sa-biysk.ru/,assets/img/logos/vendors/spetsavtomatika-biysk.png,https://sa-biysk.ru/upload/library/logo2023.png,logo_ready,medium,codex_fire_p0_vendor_fill_20260702,Official logo from sa-biysk.ru. Mapped to automatic fire extinguishing product groups; broader fire systems need business confirmation.
Конструктив / силикатный кирпич,Конструктив / силикатный кирпич,Конструктив / силикатный кирпич,Конструктив / силикатный кирпич,ЧЗСК,ЧЗСК,chzsk,https://silicatbrick.ru/,assets/img/logos/partners/chzsk.png,https://silicatbrick.ru/images/logos/8/logo8.png,logo_ready,high,partner_catalog_backfill_20260702,Backfilled from confirmed partner source for catalog vendor coverage; official site/logo already tracked in partners data.
Конструктивные решения,Бетонные конструкции,Топпинговый бетонный пол,Топпинговый бетонный пол,Элакор,Элакор,elakor,https://www.teohim.ru/,assets/img/logos/vendors/elakor.png,https://www.teohim.ru/cssjs/astyle_025_00.css#dlogoimg,logo_ready,high,official_p2_remaining_groups_20260706,Official TeoHim/Elakor site title identifies industrial and concrete floors; page contains topping materials; logo extracted from official CSS data URI.
Конструктивные решения,Геосинтетические материалы,Геотекстиль,Геотекстиль,Комитекс,Комитекс,komitex,https://www.komitex.ru/,assets/img/logos/vendors/komitex.png,https://www.komitex.ru/well/templates/ve01/pics/sprite.png#logo,logo_ready,high,official_p2_remaining_groups_20260706,"Official site title identifies Komitex as producer of nonwoven materials and synthetic fibers; white official logo cropped from official sprite, visual check required on white cards."
Конструктивные решения,Древесно-плитные материалы,Древесно-плитные материалы,Мосбилд 2024,Creavit,Creavit,creavit,https://erkam.ru,assets/img/logos/vendors/import-20260630/creavit.svg,https://erkam.ru/wp-content/uploads/2026/03/Erkam-Logo-2026.svg,logo_ready,high,supplier_import_20260630_official_site,"Prepared from supplier table. Sheet: Мосбилд 2024, row 46. Logo source: official site."
Конструктивные решения,Древесно-плитные материалы,Древесно-плитные материалы,Мосбилд 2024,SALINI,SALINI,salini,https://salini-srl.com,assets/img/logos/vendors/import-20260630/salini.svg,https://salini-srl.com/local/templates/main/assets/images/svg/logo.svg,logo_ready,high,supplier_import_20260630_official_site,"Prepared from supplier table. Sheet: Мосбилд 2024, row 44. Logo source: official site."
Конструктивные решения,Древесно-плитные материалы,Древесно-плитные материалы,Фанера,Березник,Березник,bereznik,https://bereznik.com,assets/img/logos/vendors/import-20260630/bereznik.svg,https://bereznik.com/build/assets/logo-footer-NtiaFQl_.svg,logo_ready,high,supplier_import_20260630_official_site,"Prepared from supplier table. Sheet: Фанера, row 10. Logo source: official site."
Конструктивные решения,Древесно-плитные материалы,Древесно-плитные материалы,Фанера,Вятский ФК,Вятский ФК,vyatskiy-fk,https://segezha-group.com,assets/img/logos/vendors/import-20260630/vyatskiy-fk.svg,https://segezha-group.com/local/templates/segezha/assets/img/components/main-navbar/logo-color.svg,logo_ready,high,supplier_import_20260630_official_site,"Prepared from supplier table. Sheet: Фанера, row 26. Logo source: official site."
Конструктивные решения,Древесно-плитные материалы,Древесно-плитные материалы,Фанера,Галичский ФК,Галичский ФК,galichskiy-fk,https://segezha-group.com,assets/img/logos/vendors/import-20260630/galichskiy-fk.svg,https://segezha-group.com/local/templates/segezha/assets/img/components/main-navbar/logo-color.svg,logo_ready,high,supplier_import_20260630_official_site,"Prepared from supplier table. Sheet: Фанера, row 27. Logo source: official site."
Конструктивные решения,Древесно-плитные материалы,Древесно-плитные материалы,Фанера,Гомельдрев,Гомельдрев,gomeldrev,https://gomeldrev.by,assets/img/logos/vendors/import-20260630/gomeldrev.png,https://gomeldrev.by/wp-content/uploads/2017/08/logo41.png,logo_ready,high,supplier_import_20260630_official_site,"Prepared from supplier table. Sheet: Фанера, row 107. Logo source: official site."
Конструктивные решения,Древесно-плитные материалы,Древесно-плитные материалы,Фанера,ДК Жуньда,ДК Жуньда,dk-zhunda,https://vsp-komplekt96.ru,assets/img/logos/vendors/import-20260630/dk-zhunda.png,https://vsp-komplekt96.ru/img/logo.png,logo_ready,high,supplier_import_20260630_official_site,"Prepared from supplier table. Sheet: Фанера, row 51. Logo source: official site."
Конструктивные решения,Древесно-плитные материалы,Древесно-плитные материалы,Фанера,Демидовский ФК,Демидовский ФК,demidovskiy-fk,https://demidovo.ru,assets/img/logos/vendors/import-20260630/demidovskiy-fk.gif,https://demidovo.ru/i/header-logo.gif,logo_ready,high,supplier_import_20260630_official_site,"Prepared from supplier table. Sheet: Фанера, row 32. Logo source: official site."
Конструктивные решения,Древесно-плитные материалы,Древесно-плитные материалы,Фанера,Илим Тимбер,Илим Тимбер,ilim-timber,https://ilimtimber.com,assets/img/logos/vendors/import-20260630/ilim-timber.svg,https://ilimtimber.eu/wp-content/uploads/2024/04/itd-logo.svg,logo_ready,high,supplier_import_20260630_official_site,"Prepared from supplier table. Sheet: Фанера, row 55. Logo source: official site."
Конструктивные решения,Древесно-плитные материалы,Древесно-плитные материалы,Фанера,ИнвестФорэст,ИнвестФорэст,investforest,https://if12.ru,assets/img/logos/vendors/import-20260630/investforest.png,https://if12.ru/images/logo2.png,logo_ready,high,supplier_import_20260630_official_site,"Prepared from supplier table. Sheet: Фанера, row 56. Logo source: official site."
Конструктивные решения,Древесно-плитные материалы,Древесно-плитные материалы,Мосбилд 2024,"Компания ""МаГрин""","Компания ""МаГрин""",kompaniya-magrin,https://magreen.ru,assets/img/logos/vendors/import-20260630/kompaniya-magrin.png,http://magreen.ru/images/logo.png,logo_ready,high,supplier_import_20260630_official_site,"Prepared from supplier table. Sheet: Мосбилд 2024, row 36. Logo source: official site."
Конструктивные решения,Древесно-плитные материалы,Древесно-плитные материалы,Фанера,Красфан,Красфан,krasfan,https://segezha-group.com,assets/img/logos/vendors/import-20260630/krasfan.svg,https://segezha-group.com/local/templates/segezha/assets/img/components/main-navbar/logo-color.svg,logo_ready,high,supplier_import_20260630_official_site,"Prepared from supplier table. Sheet: Фанера, row 19. Logo source: official site."
Конструктивные решения,Древесно-плитные материалы,Древесно-плитные материалы,Фанера,Кроноспан,Кроноспан,kronospan,https://ultradecor.com,assets/img/logos/vendors/import-20260630/kronospan.webp,https://ultradecor.com/wp-content/smush-webp/logo.png.webp,logo_ready,high,supplier_import_20260630_official_site,"Prepared from supplier table. Sheet: Фанера, row 4. Logo source: official site."
Конструктивные решения,Древесно-плитные материалы,Древесно-плитные материалы,Фанера,ЛК Синергия,ЛК Синергия,lk-sinergiya,https://snerg.ru,assets/img/logos/vendors/import-20260630/lk-sinergiya.png,https://snerg.ru/local/templates/snerg/img/logo.png,logo_ready,high,supplier_import_20260630_official_site,Official header PNG selected instead of footer SVG for readable white-card rendering.
Конструктивные решения,Древесно-плитные материалы,Древесно-плитные материалы,Фанера,Лес Хороший,Лес Хороший,les-horoshiy,https://les71.ru,assets/img/logos/vendors/import-20260630/les-horoshiy.png,http://les71.ru/images/i7logo.png,logo_ready,high,supplier_import_20260630_official_site,"Prepared from supplier table. Sheet: Фанера, row 72. Logo source: official site."
Конструктивные решения,Древесно-плитные материалы,Древесно-плитные материалы,Фанера,Мостодрев,Мостодрев,mostodrev,https://mostovdrev.by,assets/img/logos/vendors/import-20260630/mostodrev.svg,https://mostovdrev.by/images/logo.svg,logo_ready,high,supplier_import_20260630_official_site,"Prepared from supplier table. Sheet: Фанера, row 103. Logo source: official site."
Конструктивные решения,Древесно-плитные материалы,Древесно-плитные материалы,Фанера,Налидовский ДОК,Налидовский ДОК,nalidovskiy-dok,https://neldok.ru,assets/img/logos/vendors/import-20260630/nalidovskiy-dok.gif,https://neldok.ru/logoZN.gif,logo_ready,high,supplier_import_20260630_official_site,"Prepared from supplier table. Sheet: Фанера, row 20. Logo source: official site."
Конструктивные решения,Древесно-плитные материалы,Древесно-плитные материалы,Мосбилд 2024,Нижегородский опытно-экспериментальный завод,Нижегородский опытно-экспериментальный завод,nizhegorodskiy-opytno-eksperimentalnyy-zavod,https://noez-zavod.ru,assets/img/logos/vendors/import-20260630/nizhegorodskiy-opytno-eksperimentalnyy-zavod.png,https://noez-zavod.ru/images/public/setup/042020/img/custom/logo.png,logo_ready,high,supplier_import_20260630_official_site,"Prepared from supplier table. Sheet: Мосбилд 2024, row 64. Logo source: official site."
Конструктивные решения,Древесно-плитные материалы,Древесно-плитные материалы,Фанера,Никольский ДОК,Никольский ДОК,nikolskiy-dok,https://nikdok.ru,assets/img/logos/vendors/import-20260630/nikolskiy-dok.svg,https://nikdok.ru/wp-content/themes/nikdok/img/logo.svg,logo_ready,high,supplier_import_20260630_official_site,"Prepared from supplier table. Sheet: Фанера, row 73. Logo source: official site."
Конструктивные решения,Древесно-плитные материалы,Древесно-плитные материалы,Фанера,Нововятский ЛК,Нововятский ЛК,novovyatskiy-lk,https://nlk.ru,assets/img/logos/vendors/import-20260630/novovyatskiy-lk.png,https://nlk.ru/images/mainLogo.png,logo_ready,high,supplier_import_20260630_official_site,"Prepared from supplier table. Sheet: Фанера, row 74. Logo source: official site."
Конструктивные решения,Древесно-плитные материалы,Древесно-плитные материалы,Фанера,Новый ресурс,Новый ресурс,novyy-resurs,https://fanerakovrov.ru,assets/img/logos/vendors/import-20260630/novyy-resurs.png,https://fanerakovrov.ru/image/logo.png,logo_ready,high,supplier_import_20260630_official_site,"Prepared from supplier table. Sheet: Фанера, row 34. Logo source: official site."
Конструктивные решения,Древесно-плитные материалы,Древесно-плитные материалы,Фанера,Нордплит,Нордплит,nordplit,https://rosplit.ru,assets/img/logos/vendors/import-20260630/nordplit.png,http://rosplit.ru/img/main_logo.png,logo_ready,high,supplier_import_20260630_official_site,"Prepared from supplier table. Sheet: Фанера, row 76. Logo source: official site."
Конструктивные решения,Древесно-плитные материалы,Древесно-плитные материалы,Мосбилд 2024,"ООО ""АЛЬФАПОЛ""","ООО ""АЛЬФАПОЛ""",ooo-alfapol,https://alfapol.ru,assets/img/logos/vendors/import-20260630/ooo-alfapol.svg,https://alfapol.ru/wp-content/themes/alfapol/dist/assets/images/favicon.svg,logo_ready,high,supplier_import_20260630_official_site,"Prepared from supplier table. Sheet: Мосбилд 2024, row 35. Logo source: official site."
Конструктивные решения,Древесно-плитные материалы,Древесно-плитные материалы,Мосбилд 2024,"ООО ""Бронотекс""","ООО ""Бронотекс""",ooo-bronoteks,https://bronotex.ru,assets/img/logos/vendors/import-20260630/ooo-bronoteks.png,https://bronotex.ru/bitrix/templates/furniture_red/images/logo.png,logo_ready,high,supplier_import_20260630_official_site,"Prepared from supplier table. Sheet: Мосбилд 2024, row 65. Logo source: official site."
Конструктивные решения,Древесно-плитные материалы,Древесно-плитные материалы,завод ЦСП,"ООО ""КАМИ-ГРУПП""","ООО ""КАМИ-ГРУПП""",ooo-kami-grupp,https://stanki.ru,assets/img/logos/vendors/import-20260630/ooo-kami-grupp.svg,https://www.stanki.ru/bitrix/templates/2023/images/logo.svg,logo_ready,high,supplier_import_20260630_official_site,"Prepared from supplier table. Sheet: завод ЦСП, row 2. Logo source: official site."
Конструктивные решения,Древесно-плитные материалы,Древесно-плитные материалы,Мосбилд 2024,"ООО ""СЭСТ-ЛЮВЭ""","ООО ""СЭСТ-ЛЮВЭ""",ooo-sest-lyuve,https://luvegroup.com,assets/img/logos/vendors/import-20260630/ooo-sest-lyuve.svg,https://lu-ve.com/wp-content/uploads/2025/08/luve-logo-symbol-only.svg,logo_ready,high,supplier_import_20260630_official_site,"Prepared from supplier table. Sheet: Мосбилд 2024, row 74. Logo source: official site."
Конструктивные решения,Древесно-плитные материалы,Древесно-плитные материалы,Мосбилд 2024,"ООО ""Феррони""","ООО ""Феррони""",ooo-ferroni,https://ferroni-doors.ru,assets/img/logos/vendors/import-20260630/ooo-ferroni.svg,https://ferroni-doors.ru/assets/images/logo.svg,logo_ready,high,supplier_import_20260630_official_site,"Prepared from supplier table. Sheet: Мосбилд 2024, row 72. Logo source: official site."
Конструктивные решения,Древесно-плитные материалы,Древесно-плитные материалы,Мосбилд 2024,ООО «АФК Лидер»,ООО «АФК Лидер»,ooo-afk-lider,https://afkleader.ru,assets/img/logos/vendors/import-20260630/ooo-afk-lider.png,https://afkleader.ru/local/templates/fasad/img/logo.png,logo_ready,high,supplier_import_20260630_official_site,"Prepared from supplier table. Sheet: Мосбилд 2024, row 107. Logo source: official site."
Конструктивные решения,Древесно-плитные материалы,Древесно-плитные материалы,Мосбилд 2024,ООО «Изомакс Рус»,ООО «Изомакс Рус»,ooo-izomaks-rus,https://isomaxrus.ru,assets/img/logos/vendors/import-20260630/ooo-izomaks-rus.svg,https://isomaxrus.ru/img/logo.svg,logo_ready,high,supplier_import_20260630_official_site,"Prepared from supplier table. Sheet: Мосбилд 2024, row 2. Logo source: official site."
Конструктивные решения,Древесно-плитные материалы,Древесно-плитные материалы,Мосбилд 2024,ООО «ПФ Хаммер»,ООО «ПФ Хаммер»,ooo-pf-hammer,https://xammer-luki.ru,assets/img/logos/vendors/import-20260630/ooo-pf-hammer.svg,https://www.xammer-luki.ru:443/local/templates/xammer/src/img/logo.svg,logo_ready,high,supplier_import_20260630_official_site,"Prepared from supplier table. Sheet: Мосбилд 2024, row 23. Logo source: official site."
Конструктивные решения,Древесно-плитные материалы,Древесно-плитные материалы,Мосбилд 2024,ООО «ТД «РусКомпозит»,ООО «ТД «РусКомпозит»,ooo-td-ruskompozit,https://t-decks.ru,assets/img/logos/vendors/import-20260630/ooo-td-ruskompozit.png,https://t-decks.ru/images/logotdesk.png,logo_ready,high,supplier_import_20260630_official_site,"Prepared from supplier table. Sheet: Мосбилд 2024, row 13. Logo source: official site."
Конструктивные решения,Древесно-плитные материалы,Древесно-плитные материалы,Мосбилд 2025,ООО Век,ООО Век,ooo-vek,https://plast-vek.ru,assets/img/logos/vendors/import-20260630/ooo-vek.svg,https://plast-vek.ru/image/catalog/vek-logo.svg,logo_ready,high,supplier_import_20260630_official_site,"Prepared from supplier table. Sheet: Мосбилд 2025, row 12. Logo source: official site."
Конструктивные решения,Древесно-плитные материалы,Древесно-плитные материалы,Мосбилд 2024,ООО Невидимые решетки,ООО Невидимые решетки,ooo-nevidimye-reshetki,https://invisiline.ru,assets/img/logos/vendors/import-20260630/ooo-nevidimye-reshetki.svg,https://invisiline.ru/assets/img/new_full_logo.svg,logo_ready,high,supplier_import_20260630_official_site,"Prepared from supplier table. Sheet: Мосбилд 2024, row 30. Logo source: official site."
Конструктивные решения,Древесно-плитные материалы,Древесно-плитные материалы,Мосбилд 2025,ООО Техносервис,ООО Техносервис,ooo-tehnoservis,https://www.selecta.ru/,assets/img/logos/vendors/import-20260630/ooo-tehnoservis.png,https://www.selecta.ru/assets/selecta_logo_full.png,logo_ready,high,supplier_import_20260630_official_site,"Prepared from supplier table. Sheet: Мосбилд 2025, row 47. Logo source: official site."
Конструктивные решения,Древесно-плитные материалы,Древесно-плитные материалы,Мосбилд 2025,ООО ФАБРИКА ЛЕСТНИЦ ЭЙФЕЛЬ,ООО ФАБРИКА ЛЕСТНИЦ ЭЙФЕЛЬ,ooo-fabrika-lestnits-eyfel,https://fabrika-lestnic.ru,assets/img/logos/vendors/import-20260630/ooo-fabrika-lestnits-eyfel.png,https://fabrika-lestnic.ru/upload/landing/85d/v07gmn03yzu2seebranekc89bw9s0dxv.png,logo_ready,high,supplier_import_20260630_official_site,"Prepared from supplier table. Sheet: Мосбилд 2025, row 9. Logo source: official site."
Конструктивные решения,Древесно-плитные материалы,Древесно-плитные материалы,Древесно плитные,Пешелань,Пешелань,peshelan,https://pgz-dekor.ru,assets/img/logos/vendors/import-20260630/peshelan.svg,https://www.pgz-dekor.ru/local/templates/pgz/img/i-logo.svg,logo_ready,high,supplier_import_20260630_official_site,"Prepared from supplier table. Sheet: Древесно плитные , row 9. Logo source: official site."
Конструктивные решения,Древесно-плитные материалы,Древесно-плитные материалы,Фанера,Свеза_Манутрово,Свеза_Манутрово,sveza-manutrovo,https://sveza.com,assets/img/logos/vendors/import-20260630/sveza-manutrovo.svg,https://sveza.com/local/templates/sveza/html/build/assets/img/logo_en.svg,logo_ready,high,supplier_import_20260630_official_site,"Prepared from supplier table. Sheet: Фанера, row 80. Logo source: official site."
Конструктивные решения,Древесно-плитные материалы,Древесно-плитные материалы,Фанера,Смоленский ДОК,Смоленский ДОК,smolenskiy-dok,https://smoldok.ru,assets/img/logos/vendors/import-20260630/smolenskiy-dok.png,http://smoldok.ru/files/315/logo1.png,logo_ready,high,supplier_import_20260630_official_site,"Prepared from supplier table. Sheet: Фанера, row 14. Logo source: official site."
Конструктивные решения,Древесно-плитные материалы,Древесно-плитные материалы,Фанера,Старвуд,Старвуд,starvud,https://starwoodnn.com,assets/img/logos/vendors/import-20260630/starvud.png,https://starwoodnn.com/wp-content/themes/starwoodnn/images/logo.png,logo_ready,high,supplier_import_20260630_official_site,"Prepared from supplier table. Sheet: Фанера, row 37. Logo source: official site."
Конструктивные решения,Древесно-плитные материалы,Древесно-плитные материалы,Мосбилд 2024,Старопетровское,Старопетровское,staropetrovskoe,https://kcstaro.ru,assets/img/logos/vendors/import-20260630/staropetrovskoe.jpg,https://kcstaro.ru/upload/iblock/43e/95vf9pbp4xjpfiti2o4rxez46tkoozia/GEOTILES_logo.jpg,logo_ready,high,supplier_import_20260630_official_site,"Prepared from supplier table. Sheet: Мосбилд 2024, row 66. Logo source: official site."
Конструктивные решения,Древесно-плитные материалы,Древесно-плитные материалы,Фанера,Сыктывкар ФК,Сыктывкар ФК,syktyvkar-fk,https://syply.ru,assets/img/logos/vendors/import-20260630/syktyvkar-fk.svg,https://www.syply.com/netcat_template/images/logo_syply.svg,logo_ready,high,supplier_import_20260630_official_site,"Prepared from supplier table. Sheet: Фанера, row 70. Logo source: official site."
Конструктивные решения,Древесно-плитные материалы,Древесно-плитные материалы,Мосбилд 2024,"ТПК ""Татполимер""","ТПК ""Татполимер""",tpk-tatpolimer,https://tatpolimer.ru,assets/img/logos/vendors/import-20260630/tpk-tatpolimer.png,https://www.tatpolimer.ru/wp-content/uploads/2018/04/cropped-logo.png,logo_ready,high,supplier_import_20260630_official_site,"Prepared from supplier table. Sheet: Мосбилд 2024, row 28. Logo source: official site."
Конструктивные решения,Древесно-плитные материалы,Древесно-плитные материалы,Мосбилд 2024,"Торговый Дом ""МИСТИ""","Торговый Дом ""МИСТИ""",torgovyy-dom-misti,https://mistytd.ru,assets/img/logos/vendors/import-20260630/torgovyy-dom-misti.png,https://mistyofficial.ru/img/siteimg/footer-logo_300_125.png,logo_ready,high,supplier_import_20260630_official_site,"Prepared from supplier table. Sheet: Мосбилд 2024, row 78. Logo source: official site."
Конструктивные решения,Древесно-плитные материалы,Древесно-плитные материалы,ОСБ,Уральский завод ОСБ,Уральский завод ОСБ,uralskiy-zavod-osb,https://uralosb.ru,assets/img/logos/vendors/import-20260630/uralskiy-zavod-osb.png,https://uralosb.ru/assets/static/img/logo-1.png,logo_ready,high,supplier_import_20260630_official_site,"Prepared from supplier table. Sheet: ОСБ , row 6. Logo source: official site."
Конструктивные решения,Древесно-плитные материалы,Древесно-плитные материалы,Фанера,Фанпром,Фанпром,fanprom,https://starwoodnn.com,assets/img/logos/vendors/import-20260630/fanprom.png,https://starwoodnn.com/wp-content/themes/starwoodnn/images/logo.png,logo_ready,high,supplier_import_20260630_official_site,"Prepared from supplier table. Sheet: Фанера, row 95. Logo source: official site."
Конструктивные решения,Древесно-плитные материалы,Древесно-плитные материалы,Мосбилд 2024,"Холдинг ""Герметик Центр""","Холдинг ""Герметик Центр""",holding-germetik-tsentr,https://mastersil.ru,assets/img/logos/vendors/import-20260630/holding-germetik-tsentr.svg,https://mastersil.ru/local/templates/msil/images/logo.svg,logo_ready,high,supplier_import_20260630_official_site,"Prepared from supplier table. Sheet: Мосбилд 2024, row 20. Logo source: official site."
Конструктивные решения,Древесно-плитные материалы,Древесно-плитные материалы,Фанера,Холм-Жирковский,Холм-Жирковский,holm-zhirkovskiy,https://smolenskfanera.ru,assets/img/logos/vendors/import-20260630/holm-zhirkovskiy.png,http://smolenskfanera.ru/files/110/logotip.png,logo_ready,high,supplier_import_20260630_official_site,"Prepared from supplier table. Sheet: Фанера, row 8. Logo source: official site."
Конструктивные решения,Древесно-плитные материалы,Древесно-плитные материалы,Фанера,ЧФМК,ЧФМК,chfmk,https://cfmk.ru,assets/img/logos/vendors/import-20260630/chfmk.png,https://www.cfmk.ru/wp-content/uploads/2019/08/Logo_green_color.png,logo_ready,high,supplier_import_20260630_official_site,"Prepared from supplier table. Sheet: Фанера, row 25. Logo source: official site."
Конструктивные решения,Инертные и сыпучие материалы,Щебень,Щебень,ННК,ННК,nnk,https://nnk.ru/,assets/img/logos/vendors/nnk.svg,https://nnk.ru/js/common.js#logo,logo_ready,medium,official_p2_remaining_groups_20260706,Official NNK site uses an inline SVG symbol logo in its JS bundle; supplier/product relation to crushed stone was checked from the official site menu/source and remains medium confidence until procurement confirms exact plants.
Конструктивные решения,Конструктивные решения,Конструктивные решения,Металл,Cybersteel,Cybersteel,cybersteel,https://cybersteel.com,assets/img/logos/vendors/import-20260630/cybersteel.svg,https://cybersteel.com/safari-pinned-tab.svg,logo_ready,high,supplier_import_20260630_official_site,"Prepared from supplier table. Sheet: Металл, row 88. Logo source: official site."
Конструктивные решения,Конструктивные решения,Конструктивные решения,Блоки,INSTKULT,INSTKULT,instkult,https://istkult.ru,assets/img/logos/vendors/import-20260630/instkult.png,https://istkult.ru/include/logotype.png,logo_ready,high,supplier_import_20260630_official_site,"Official logotype PNG, supplier table row contained contacts URL in the company name, normalized to brand name."
Конструктивные решения,Конструктивные решения,Конструктивные решения,Металл,Marcegaglia,Marcegaglia,marcegaglia,https://marcegaglia.com,assets/img/logos/vendors/import-20260630/marcegaglia.png,https://www.marcegaglia.com/officialwebsite/wp-content/uploads/2022/04/Marcegaglia-logo-partner-acciaio-steel.png,logo_ready,high,supplier_import_20260630_official_site,"Prepared from supplier table. Sheet: Металл, row 117. Logo source: official site."
Конструктивные решения,Конструктивные решения,Конструктивные решения,Блоки,АЛЬФАТЕКС ООО,АЛЬФАТЕКС ООО,alfateks-ooo,https://alfa-teks.ru,assets/img/logos/vendors/import-20260630/alfateks-ooo.png,https://alfa-teks.ru/upload/iblock/905/56xkjlt1cs2uo2gup2k3mzr7dz1tf5p1.png,logo_ready,high,supplier_import_20260630_official_site,"Prepared from supplier table. Sheet: Блоки , row 5. Logo source: official site."
Конструктивные решения,Конструктивные решения,Конструктивные решения,металлоконструкции и изделия,АНТ-ИНЖИНИРИНГ ООО,АНТ-ИНЖИНИРИНГ ООО,ant-inzhiniring-ooo,https://ant-prom.ru,assets/img/logos/vendors/import-20260630/ant-inzhiniring-ooo.png,https://ant-prom.ru/uploads/1756041854666-logo-dark-1-.png,logo_ready,high,supplier_import_20260630_official_site,"Prepared from supplier table. Sheet: металлоконструкции и изделия , row 18. Logo source: official site."
Конструктивные решения,Конструктивные решения,Конструктивные решения,Металл,"АО ""Алюминий Металлург Рус""","АО ""Алюминий Металлург Рус""",ao-alyuminiy-metallurg-rus,https://amrbk.ru,assets/img/logos/vendors/import-20260630/ao-alyuminiy-metallurg-rus.png,https://amrbk.ru/bitrix/templates/AMR/theme/images/logo-black.png,logo_ready,high,supplier_import_20260630_official_site,"Prepared from supplier table. Sheet: Металл, row 119. Logo source: official site."
Конструктивные решения,Конструктивные решения,Конструктивные решения,СВаи,"АО ""Завод промстройдеталей""","АО ""Завод промстройдеталей""",ao-zavod-promstroydetaley,https://zavodpsd.ru,assets/img/logos/vendors/import-20260630/ao-zavod-promstroydetaley.png,https://zavodpsd.ru/bitrix/templates/zspd/img/logo_new.png,logo_ready,high,supplier_import_20260630_official_site,"Prepared from supplier table. Sheet: СВаи , row 5. Logo source: official site."
Конструктивные решения,Конструктивные решения,Конструктивные решения,Металл,Ашинский металлугрический завод,Ашинский металлугрический завод,ashinskiy-metallugricheskiy-zavod,https://amet.ru,assets/img/logos/vendors/import-20260630/ashinskiy-metallugricheskiy-zavod.png,https://amet.ru/bitrix/templates/amet/img/logo.png,logo_ready,high,supplier_import_20260630_official_site,"Prepared from supplier table. Sheet: Металл, row 81. Logo source: official site."
Конструктивные решения,Конструктивные решения,Конструктивные решения,Кирпич,"Белкерамик, г. Белгород","Белкерамик, г. Белгород",belkeramik-g-belgorod,https://bel-keram.ru,assets/img/logos/vendors/import-20260630/belkeramik-g-belgorod.png,https://bel-keram.ru/logo.png,logo_ready,high,supplier_import_20260630_official_site,"Prepared from supplier table. Sheet: Кирпич , row 53. Logo source: official site."
Конструктивные решения,Конструктивные решения,Конструктивные решения,СВаи,ГК Монолит Сервис - Производство ЖБИ,ГК Монолит Сервис - Производство ЖБИ,gk-monolit-servis-proizvodstvo-zhbi,https://pkf-st.ru,assets/img/logos/vendors/import-20260630/gk-monolit-servis-proizvodstvo-zhbi.png,https://pkf-st.ru/t/v2056/images/logo.png,logo_ready,high,supplier_import_20260630_official_site,"Prepared from supplier table. Sheet: СВаи , row 6. Logo source: official site."
Конструктивные решения,Конструктивные решения,Конструктивные решения,Металл,ГЛАВТЕХКОНСТРУКЦИЯ,ГЛАВТЕХКОНСТРУКЦИЯ,glavtehkonstruktsiya,https://glavtk.ru,assets/img/logos/vendors/import-20260630/glavtehkonstruktsiya.svg,https://glavtk.ru/img/logo-header.svg,logo_ready,high,supplier_import_20260630_official_site,"Prepared from supplier table. Sheet: Металл, row 166. Logo source: official site."
Конструктивные решения,Конструктивные решения,Конструктивные решения,Опалубка Балка,Дмитровский Завод Строительной Опалубки,Дмитровский Завод Строительной Опалубки,dmitrovskiy-zavod-stroitelnoy-opalubki,https://dzsl.ru,assets/img/logos/vendors/import-20260630/dmitrovskiy-zavod-stroitelnoy-opalubki.png,https://dzsl.ru/images/logo-h170.png,logo_ready,high,supplier_import_20260630_official_site,"Prepared from supplier table. Sheet: Опалубка Балка, row 53. Logo source: official site."
Конструктивные решения,Конструктивные решения,Конструктивные решения,металлоконструкции и изделия,Завод Дорожных Конструкций «Соламир»,Завод Дорожных Конструкций «Соламир»,zavod-dorozhnyh-konstruktsiy-solamir,https://solamir.ru,assets/img/logos/vendors/import-20260630/zavod-dorozhnyh-konstruktsiy-solamir.png,https://solamir.ru/templates/at_services/images/presets/preset1/logo.png,logo_ready,high,supplier_import_20260630_official_site,"Prepared from supplier table. Sheet: металлоконструкции и изделия , row 38. Logo source: official site."
Конструктивные решения,Конструктивные решения,Конструктивные решения,Металл,КМК ТЭМПО АО,КМК ТЭМПО АО,kmk-tempo-ao,https://kmk-tempo.ru,assets/img/logos/vendors/import-20260630/kmk-tempo-ao.svg,https://kmk-tempo.ru/netcat_files/cs/KMK_TEMPO_LOGO_sin.svg?v=2,logo_ready,high,supplier_import_20260630_official_site,"Prepared from supplier table. Sheet: Металл, row 2. Logo source: official site."
Конструктивные решения,Конструктивные решения,Конструктивные решения,Блоки,КСЗ АО,КСЗ АО,ksz-ao,https://silikat.ru,assets/img/logos/vendors/import-20260630/ksz-ao.png,http://www.silikat.ru/icms/templates/tmpl1/img/logo.png,logo_ready,high,supplier_import_20260630_official_site,"Prepared from supplier table. Sheet: Блоки , row 6. Logo source: official site."
Конструктивные решения,Конструктивные решения,Конструктивные решения,Металл,КУЗОЦМ,КУЗОЦМ,kuzotsm,https://kuzocm.ru,assets/img/logos/vendors/import-20260630/kuzotsm.svg,https://kuzocm.ru/local/templates/kuzocm_new/images/logo.svg,logo_ready,high,supplier_import_20260630_official_site,"Official SVG, readable site-card variant uses black lettering on white cards."
Конструктивные решения,Конструктивные решения,Конструктивные решения,Композитная арматура,Курский Завод Композитных Материалов,Курский Завод Композитных Материалов,kurskiy-zavod-kompozitnyh-materialov,https://kzkm.org,assets/img/logos/vendors/import-20260630/kurskiy-zavod-kompozitnyh-materialov.jpg,https://kzkm.org/images/og_logo.jpg,logo_ready,high,supplier_import_20260630_official_site,"Prepared from supplier table. Sheet: Композитная арматура , row 4. Logo source: official site."
Конструктивные решения,Конструктивные решения,Конструктивные решения,Опалубка Балка,МОНОЛИТКОМПЛЕКТ-ИНВЕСТ,МОНОЛИТКОМПЛЕКТ-ИНВЕСТ,monolitkomplekt-invest,https://opalubka.by,assets/img/logos/vendors/import-20260630/monolitkomplekt-invest.svg,https://opalubka.by/Geoplast-Logo.svg,logo_ready,high,supplier_import_20260630_official_site,"Prepared from supplier table. Sheet: Опалубка Балка, row 63. Logo source: official site."
Конструктивные решения,Конструктивные решения,Конструктивные решения,Все для кровли,Металл Профиль,Металл Профиль,metall-profil,https://metallprofil.ru,assets/img/logos/vendors/import-20260630/metall-profil.svg,https://metallprofil.ru/favicon/safari-pinned-tab.svg,logo_ready,high,supplier_import_20260630_official_site,"Prepared from supplier table. Sheet: Все для кровли , row 30. Logo source: official site."
Конструктивные решения,Конструктивные решения,Конструктивные решения,МЕталлокасеты,Метстальгрупп,Метстальгрупп,metstalgrupp,https://metstal.ru,assets/img/logos/vendors/import-20260630/metstalgrupp.png,https://metstal.ru/i/logo.png,logo_ready,high,supplier_import_20260630_official_site,"Prepared from supplier table. Sheet: МЕталлокасеты , row 5. Logo source: official site."
Конструктивные решения,Конструктивные решения,Конструктивные решения,Металл,Метчив,Метчив,metchiv,https://tdmchel.ru,assets/img/logos/vendors/import-20260630/metchiv.svg,https://tdmchel.ru/favicon.svg,logo_ready,high,supplier_import_20260630_official_site,"Prepared from supplier table. Sheet: Металл, row 121. Logo source: official site."
Конструктивные решения,Конструктивные решения,Конструктивные решения,ЖБИ,Монолит-сервис,Монолит-сервис,monolit-servis,https://pkf-st.ru,assets/img/logos/vendors/import-20260630/monolit-servis.png,https://pkf-st.ru/t/v2056/images/logo.png,logo_ready,high,supplier_import_20260630_official_site,"Prepared from supplier table. Sheet: ЖБИ, row 13. Logo source: official site."
Конструктивные решения,Конструктивные решения,Конструктивные решения,Металл,НИЖНЕТАГИЛЬСКИЙ ТРУБНЫЙ ЗАВОД МЕТАЛЛИНВЕСТ,НИЖНЕТАГИЛЬСКИЙ ТРУБНЫЙ ЗАВОД МЕТАЛЛИНВЕСТ,nizhnetagilskiy-trubnyy-zavod-metallinvest,https://tagil-steel.ru,assets/img/logos/vendors/import-20260630/nizhnetagilskiy-trubnyy-zavod-metallinvest.svg,https://tagil-steel.ru/local/templates/base/assets/img/logo.svg?1657984754423,logo_ready,high,supplier_import_20260630_official_site,"Prepared from supplier table. Sheet: Металл, row 93. Logo source: official site."
Конструктивные решения,Конструктивные решения,Конструктивные решения,Металл,НОВОРОССИЙСКИЙ ПРОКАТНЫЙ ЗАВОД ООО,НОВОРОССИЙСКИЙ ПРОКАТНЫЙ ЗАВОД ООО,novorossiyskiy-prokatnyy-zavod-ooo,https://ooonpz.ru,assets/img/logos/vendors/import-20260630/novorossiyskiy-prokatnyy-zavod-ooo.svg,https://ooonpz.ru/images/site/logo.svg,logo_ready,high,supplier_import_20260630_official_site,"Prepared from supplier table. Sheet: Металл, row 37. Logo source: official site."
Конструктивные решения,Конструктивные решения,Конструктивные решения,Металл,НТПЗ ООО,НТПЗ ООО,ntpz-ooo,https://ntpz.ru,assets/img/logos/vendors/import-20260630/ntpz-ooo.svg,https://ntpz.ru/local/templates/b2eng_new/img/header/logo.svg,logo_ready,high,supplier_import_20260630_official_site,"Prepared from supplier table. Sheet: Металл, row 11. Logo source: official site."
Конструктивные решения,Конструктивные решения,Конструктивные решения,ЖБИ,"ОАО ""Гомельжелезобетон""","ОАО ""Гомельжелезобетон""",oao-gomelzhelezobeton,https://gomelbeton.by,assets/img/logos/vendors/import-20260630/oao-gomelzhelezobeton.svg,https://gomelbeton.by/wp-content/uploads/2020/06/logo.svg,logo_ready,high,supplier_import_20260630_official_site,"Prepared from supplier table. Sheet: ЖБИ, row 22. Logo source: official site."
Конструктивные решения,Конструктивные решения,Конструктивные решения,Цемент,"ООО ""Магнитогорский цементно-огнеупорный завод""","ООО ""Магнитогорский цементно-огнеупорный завод""",ooo-magnitogorskiy-tsementno-ogneupornyy-zavod,https://mcoz.mmk.ru,assets/img/logos/vendors/import-20260630/ooo-magnitogorskiy-tsementno-ogneupornyy-zavod.gif,https://mcoz.mmk.ru/bitrix/templates/mcoz/images/company_logo.gif,logo_ready,high,supplier_import_20260630_official_site,"Prepared from supplier table. Sheet: Цемент , row 9. Logo source: official site."
Конструктивные решения,Конструктивные решения,Конструктивные решения,СВАИ ЖБИ,"ООО ""Монолит-сервис""","ООО ""Монолит-сервис""",ooo-monolit-servis,https://pkf-st.ru,assets/img/logos/vendors/import-20260630/ooo-monolit-servis.png,https://pkf-st.ru/t/v2056/images/logo.png,logo_ready,high,supplier_import_20260630_official_site,"Prepared from supplier table. Sheet: СВАИ ЖБИ, row 4. Logo source: official site."
Конструктивные решения,Конструктивные решения,Конструктивные решения,керамзит блоки,ООО «Алексинский керамзитовый завод»,ООО «Алексинский керамзитовый завод»,ooo-aleksinskiy-keramzitovyy-zavod,https://keramzit-aleksin.ru,assets/img/logos/vendors/import-20260630/ooo-aleksinskiy-keramzitovyy-zavod.png,https://www.keramzit-aleksin.ru/assets/img/logo.png,logo_ready,high,supplier_import_20260630_official_site,"Prepared from supplier table. Sheet: керамзит блоки, row 11. Logo source: official site."
Конструктивные решения,Конструктивные решения,Конструктивные решения,Хризотилцементные листы,ООО «Уральский асбоцементный завод»,ООО «Уральский асбоцементный завод»,ooo-uralskiy-asbotsementnyy-zavod,https://www.uralasbest.ru/,assets/img/logos/vendors/import-20260630/ooo-uralskiy-asbotsementnyy-zavod.png,https://www.uralasbest.ru/assets/templates/image/logo.png,logo_ready,high,supplier_import_20260630_official_site,"Prepared from supplier table. Sheet: Хризотилцементные листы, row 7. Logo source: official site."
Конструктивные решения,Конструктивные решения,Конструктивные решения,Опалубка Балка,ООО «Уровень»,ООО «Уровень»,ooo-uroven,https://opalubkavspb.ru,assets/img/logos/vendors/import-20260630/ooo-uroven.webp,https://opalubkavspb.ru/templates/new-site2/images/logo.webp,logo_ready,high,supplier_import_20260630_official_site,"Prepared from supplier table. Sheet: Опалубка Балка, row 14. Logo source: official site."
Конструктивные решения,Конструктивные решения,Конструктивные решения,Сендвич панели,ООО ЗАВОД «МРС,ООО ЗАВОД «МРС,ooo-zavod-mrs,https://mrs48.ru,assets/img/logos/vendors/import-20260630/ooo-zavod-mrs.svg,https://mrs48.ru/pro/img/icons/max-app-logo.svg,logo_ready,high,supplier_import_20260630_official_site,"Prepared from supplier table. Sheet: Сендвич панели , row 20. Logo source: official site."
Конструктивные решения,Конструктивные решения,Конструктивные решения,ЖБИ,ООО Сафоновский завод жби,ООО Сафоновский завод жби,ooo-safonovskiy-zavod-zhbi,https://szgbi.ru,assets/img/logos/vendors/import-20260630/ooo-safonovskiy-zavod-zhbi.svg,https://szgbi.ru/wp-content/uploads/2025/09/logoszgbi.svg,logo_ready,high,supplier_import_20260630_official_site,"Prepared from supplier table. Sheet: ЖБИ, row 5. Logo source: official site."
Конструктивные решения,Конструктивные решения,Конструктивные решения,СВаи,ООО ТД БЕРОТЕК,ООО ТД БЕРОТЕК,ooo-td-berotek,https://plitapb.ru,assets/img/logos/vendors/import-20260630/ooo-td-berotek.png,https://plitapb.ru/upload/logoppb.png,logo_ready,high,supplier_import_20260630_official_site,"Prepared from supplier table. Sheet: СВаи , row 4. Logo source: official site."
Конструктивные решения,Конструктивные решения,Конструктивные решения,Металл,ООО “РМИ-Сталь”,ООО “РМИ-Сталь”,ooo-rmi-stal,https://akron-holding.ru,assets/img/logos/vendors/import-20260630/ooo-rmi-stal.svg,https://www.akron-holding.ru/local/templates/akron-holding/assets/images/logo-white.svg,logo_ready,high,supplier_import_20260630_official_site,"Prepared from supplier table. Sheet: Металл, row 118. Logo source: official site."
Конструктивные решения,Конструктивные решения,Конструктивные решения,Металл,ООО”УМК”,ООО”УМК”,ooo-umk,https://uralmetalcompany.ru,assets/img/logos/vendors/import-20260630/ooo-umk.svg,https://umc.market/local/templates/umcmarket/img/logo.svg,logo_ready,high,supplier_import_20260630_official_site,"Prepared from supplier table. Sheet: Металл, row 129. Logo source: official site."
Конструктивные решения,Конструктивные решения,Конструктивные решения,ЖБИ,Очаковский завод ЖБИ,Очаковский завод ЖБИ,ochakovskiy-zavod-zhbi,https://okgbi.ru,assets/img/logos/vendors/import-20260630/ochakovskiy-zavod-zhbi.png,https://okgbi.ru/include/logotype.png,logo_ready,high,supplier_import_20260630_official_site,"Prepared from supplier table. Sheet: ЖБИ, row 12. Logo source: official site."
Конструктивные решения,Конструктивные решения,Конструктивные решения,Металл,ПО НВТЗ ООО,ПО НВТЗ ООО,po-nvtz-ooo,https://ponvtz.ru,assets/img/logos/vendors/import-20260630/po-nvtz-ooo.svg,https://ponvtz.ru/local/templates/akras/images/logo_head.svg?v=1.0,logo_ready,high,supplier_import_20260630_official_site,"Prepared from supplier table. Sheet: Металл, row 52. Logo source: official site."
Конструктивные решения,Конструктивные решения,Конструктивные решения,Металл,Петросталь,Петросталь,petrostal,https://mpstal.ru,assets/img/logos/vendors/import-20260630/petrostal.svg,https://mpstal.ru/static/i/logo.svg,logo_ready,high,supplier_import_20260630_official_site,"Prepared from supplier table. Sheet: Металл, row 72. Logo source: official site."
Конструктивные решения,Конструктивные решения,Конструктивные решения,ЖБИ,Производственная Компания «ЖБИ 50»,Производственная Компания «ЖБИ 50»,proizvodstvennaya-kompaniya-zhbi-50,https://zhbi50.ru,assets/img/logos/vendors/import-20260630/proizvodstvennaya-kompaniya-zhbi-50.png,https://zhbi50.ru/template/img/logo.png,logo_ready,high,supplier_import_20260630_official_site,"Prepared from supplier table. Sheet: ЖБИ, row 16. Logo source: official site."
Конструктивные решения,Конструктивные решения,Конструктивные решения,Металл,Ростовский электрометаллургический завод,Ростовский электрометаллургический завод,rostovskiy-elektrometallurgicheskiy-zavod,https://remzltd.com,assets/img/logos/vendors/import-20260630/rostovskiy-elektrometallurgicheskiy-zavod.svg,https://remzltd.com/assets/images/vdhmbigtioyhmxbntwmgcafxmuvaadukt.svg,logo_ready,high,supplier_import_20260630_official_site,"Prepared from supplier table. Sheet: Металл, row 71. Logo source: official site."
Конструктивные решения,Конструктивные решения,Конструктивные решения,Металл,Русские Шпунтовые Стены,Русские Шпунтовые Стены,russkie-shpuntovye-steny,https://profilgroup.ru,assets/img/logos/vendors/import-20260630/russkie-shpuntovye-steny.png,https://profilgroup.ru/img/logo-copy.png,logo_ready,high,supplier_import_20260630_official_site,"Prepared from supplier table. Sheet: Металл, row 75. Logo source: official site."
Конструктивные решения,Конструктивные решения,Конструктивные решения,металлоконструкции и изделия,СЕАФ-ТЕРМА ООО,СЕАФ-ТЕРМА ООО,seaf-terma-ooo,https://gostmetal.ru,assets/img/logos/vendors/import-20260630/seaf-terma-ooo.png,https://gostmetal.ru/images/themes/default/img/logo.png,logo_ready,high,supplier_import_20260630_official_site,"Prepared from supplier table. Sheet: металлоконструкции и изделия , row 19. Logo source: official site."
Конструктивные решения,Конструктивные решения,Конструктивные решения,Металл,СЕВЕРСТАЛЬ ПАО,СЕВЕРСТАЛЬ ПАО,severstal-pao,https://severstal.com,assets/img/logos/vendors/import-20260630/severstal-pao.svg,https://severstal.com/assets/images/logo_ru.svg,logo_ready,high,supplier_import_20260630_official_site,"Prepared from supplier table. Sheet: Металл, row 57. Logo source: official site."
Конструктивные решения,Конструктивные решения,Конструктивные решения,металлоконструкции и изделия,СПЕКТРОМ ООО,СПЕКТРОМ ООО,spektrom-ooo,https://spectrom.ru,assets/img/logos/vendors/import-20260630/spektrom-ooo.png,https://spectrom.ru/images/logo1234.png,logo_ready,high,supplier_import_20260630_official_site,"Prepared from supplier table. Sheet: металлоконструкции и изделия , row 13. Logo source: official site."
Конструктивные решения,Конструктивные решения,Конструктивные решения,Металл,СТАЛЬИМЭКС ТД ООО,СТАЛЬИМЭКС ТД ООО,stalimeks-td-ooo,https://www.stalimex.ru,assets/img/logos/vendors/import-20260630/stalimeks-td-ooo.png,http://xn--80aqgcg0afc6gm.xn--p1ai/img/logo.png,logo_ready,high,supplier_import_20260630_official_site,"Prepared from supplier table. Sheet: Металл, row 49. Logo source: official site."
Конструктивные решения,Конструктивные решения,Конструктивные решения,керамзит блоки,Серпуховский керамзитовый завод (СКЗ),Серпуховский керамзитовый завод (СКЗ),serpuhovskiy-keramzitovyy-zavod-skz,https://keramzit-serpuhov.ru,assets/img/logos/vendors/import-20260630/serpuhovskiy-keramzitovyy-zavod-skz.svg,https://keramzit-serpuhov.ru/img/logo_serp.svg,logo_ready,high,supplier_import_20260630_official_site,"Prepared from supplier table. Sheet: керамзит блоки, row 12. Logo source: official site."
Конструктивные решения,Конструктивные решения,Конструктивные решения,керамзит блоки,"Тульский кирпичный завод ""Победа""","Тульский кирпичный завод ""Победа""",tulskiy-kirpichnyy-zavod-pobeda,https://tula-tkz.ru,assets/img/logos/vendors/import-20260630/tulskiy-kirpichnyy-zavod-pobeda.jpg,https://tula-tkz.ru/wp-content/uploads/2017/04/logo-pobeda.jpg,logo_ready,high,supplier_import_20260630_official_site,"Prepared from supplier table. Sheet: керамзит блоки, row 2. Logo source: official site."
Конструктивные решения,Конструктивные решения,Конструктивные решения,ЖБИ,Штарком,Штарком,shtarkom,https://www.obeton.ru,assets/img/logos/vendors/import-20260630/shtarkom.png,https://www.obeton.ru/sites/all/themes/obeton/images/logo2.png,logo_ready,high,supplier_import_20260630_official_site,"Prepared from supplier table. Sheet: ЖБИ, row 23. Logo source: official site."
Конструктивные решения,Конструктивные решения,Конструктивные решения,МЕталлокасеты,ЭлитФасад,ЭлитФасад,elitfasad,https://elitfasad.ru,assets/img/logos/vendors/import-20260630/elitfasad.svg,https://elitfasad.ru/wp-content/uploads/2022/01/logo.svg,logo_ready,high,supplier_import_20260630_official_site,"Prepared from supplier table. Sheet: МЕталлокасеты , row 32. Logo source: official site."
Конструктивные решения,Крепеж,Крепеж,Крепеж,TECH-KREP,TECH-KREP,tech-krep,https://tech-krep.com/,assets/img/logos/vendors/tech-krep.svg,https://tech-krep.com/local/templates/main/img/header-logo.svg,logo_ready,high,official_p2_remaining_groups_20260706,"Official site title identifies chemical anchors, dowels and fastening systems; logo from official template asset."
Конструктивные решения,Стены,Стены,Кирпич,АО «Воскресенский кирпичный завод»,"АО ""Воскресенский кирпичный завод""",ao-voskresenskiy-kirpichnyy-zavod,https://www.xn--80adbicaohaajcgcc8bghpnmimdc8nne.xn--p1ai/,assets/img/logos/vendors/ao-voskresenskiy-kirpichnyy-zavod.png,https://www.xn--80adbicaohaajcgcc8bghpnmimdc8nne.xn--p1ai/upload/medialibrary/c3c/c3cabe68cb568f65d99e93e5ce4e17dd.png,logo_ready,high,user_confirmed_list,PNG logo from official site header with matching alt text.
Конструктивные решения,Стены,Стены,Кирпич,АО «Железногорский кирпичный завод»,"АО ""Железногорский кирпичный завод""",ao-zheleznogorskiy-kirpichnyy-zavod,,,,manual_review_needed,medium,user_confirmed_list,Site candidate needs manual confirmation. No trustworthy logo source used.
Конструктивные решения,Стены,Стены,Кирпич,АО «Керамика» / Ломинцевский кирпичный завод,"АО ""Керамика"" / Ломинцевский кирпичный завод",ao-keramika-lomintsevskiy-kirpichnyy-zavod,https://lomincevo.ru/,assets/img/logos/vendors/ao-keramika-lomintsevskiy-kirpichnyy-zavod.svg,https://lomincevo.ru/assets/images/LLL.svg,logo_ready,high,user_confirmed_list,SVG logo from official site header.
Конструктивные решения,Стены,Стены,Кирпич,АО «Новомосковский завод керамических материалов»,"АО ""Новомосковский завод керамических материалов""",ao-novomoskovskiy-zavod-keramicheskih-materialov,,,,confirmed_by_user,high,user_confirmed_list,Поставщик кирпича и стеновых материалов
Конструктивные решения,Стены,Стены,Кирпич,АО «Норский керамический завод»,"АО ""Норский керамический завод""",ao-norskiy-keramicheskiy-zavod,,,,confirmed_by_user,high,user_confirmed_list,Поставщик кирпича и стеновых материалов
Конструктивные решения,Стены,Стены,Кирпич,АО «Рязанский кирпичный завод»,"АО ""Рязанский кирпичный завод""",ao-ryazanskiy-kirpichnyy-zavod,,,,confirmed_by_user,high,user_confirmed_list,Поставщик кирпича и стеновых материалов
Конструктивные решения,Стены,Стены,Кирпич,АО «Силикат»,"АО ""Силикат""",ao-silikat,https://oaosilikat.ru/,assets/img/logos/vendors/ao-silikat.png,https://oaosilikat.ru/images/logo.png,logo_ready,high,user_confirmed_list,PNG logo from official site header.
Конструктивные решения,Стены,Стены,Кирпич,АО «Славянский кирпич»,"АО ""Славянский кирпич""",ao-slavyanskiy-kirpich,,,,confirmed_by_user,high,user_confirmed_list,Поставщик кирпича и стеновых материалов
Конструктивные решения,Стены,Стены,Кирпич,АО «Тульский кирпичный завод» / Тульский кирпичный завод №1,"АО ""Тульский кирпичный завод"" / Тульский кирпичный завод №1",ao-tulskiy-kirpichnyy-zavod-tulskiy-kirpichnyy-zavod-1,,,,confirmed_by_user,high,user_confirmed_list,Поставщик кирпича и стеновых материалов
Конструктивные решения,Стены,Стены,Кирпич,Белкерамик / Белгородская керамика,Белкерамик / Белгородская керамика,belkeramik-belgorodskaya-keramika,,,,confirmed_by_user,high,user_confirmed_list,Поставщик кирпича и стеновых материалов
Конструктивные решения,Стены,Стены,Кирпич,Группа компаний «Терех»,"Группа компаний ""Терех""",gruppa-kompaniy-tereh,,,,confirmed_by_user,high,user_confirmed_list,Поставщик кирпича и стеновых материалов
Конструктивные решения,Стены,Стены,Кирпич,ЗАО «Могилёвский комбинат силикатных изделий»,"ЗАО ""Могилёвский комбинат силикатных изделий""",zao-mogilevskiy-kombinat-silikatnyh-izdeliy,,,,confirmed_by_user,high,user_confirmed_list,Поставщик кирпича и стеновых материалов
Конструктивные решения,Стены,Стены,Кирпич,Завод «РИМХЕН»,"Завод ""РИМХЕН""",zavod-rimhen,,,,confirmed_by_user,high,user_confirmed_list,Поставщик кирпича и стеновых материалов
Конструктивные решения,Стены,Стены,Кирпич,Завод керамзитового гравия г. Новолукомль,Завод керамзитового гравия г. Новолукомль,zavod-keramzitovogo-graviya-g-novolukoml,,,,confirmed_by_user,high,user_confirmed_list,Поставщик кирпича и стеновых материалов
Конструктивные решения,Стены,Стены,Кирпич,Каширский кирпичный завод,Каширский кирпичный завод,kashirskiy-kirpichnyy-zavod,,,,confirmed_by_user,high,user_confirmed_list,Поставщик кирпича и стеновых материалов
Конструктивные решения,Стены,Стены,Кирпич,Кирпичный завод «Клим Клинкер»,"Кирпичный завод ""Клим Клинкер""",kirpichnyy-zavod-klim-klinker,,,,confirmed_by_user,high,user_confirmed_list,Поставщик кирпича и стеновых материалов
Конструктивные решения,Стены,Стены,Кирпич,Коломенский кирпичный завод,Коломенский кирпичный завод,kolomenskiy-kirpichnyy-zavod,,,,confirmed_by_user,high,user_confirmed_list,Поставщик кирпича и стеновых материалов
Конструктивные решения,Стены,Стены,Кирпич,Краснополянский кирпичный завод,Краснополянский кирпичный завод,krasnopolyanskiy-kirpichnyy-zavod,,,,confirmed_by_user,high,user_confirmed_list,Поставщик кирпича и стеновых материалов
Конструктивные решения,Стены,Стены,Кирпич,ЛСР / ЛСР. Стеновые,ЛСР / ЛСР. Стеновые,lsr-lsr-stenovye,,,,confirmed_by_user,high,user_confirmed_list,Поставщик кирпича и стеновых материалов
Конструктивные решения,Стены,Стены,Кирпич,Минский керамический завод ОАО «Керамин»,"Минский керамический завод ОАО ""Керамин""",minskiy-keramicheskiy-zavod-oao-keramin,,,,confirmed_by_user,high,user_confirmed_list,Поставщик кирпича и стеновых материалов
Конструктивные решения,Стены,Стены,Кирпич,ОАО «Брестский комбинат строительных материалов»,"ОАО ""Брестский комбинат строительных материалов""",oao-brestskiy-kombinat-stroitelnyh-materialov,,,,confirmed_by_user,high,user_confirmed_list,Поставщик кирпича и стеновых материалов
Конструктивные решения,Стены,Стены,Кирпич,ОАО «Гжельский кирпичный завод»,"ОАО ""Гжельский кирпичный завод""",oao-gzhelskiy-kirpichnyy-zavod,,,,confirmed_by_user,high,user_confirmed_list,Поставщик кирпича и стеновых материалов
Конструктивные решения,Стены,Стены,Кирпич,ОАО «Голицынский керамический завод»,"ОАО ""Голицынский керамический завод""",oao-golitsynskiy-keramicheskiy-zavod,https://www.gkz.ru/,assets/img/logos/vendors/oao-golitsynskiy-keramicheskiy-zavod.png,https://www.gkz.ru/assets/images/Logo.png,logo_ready,high,user_confirmed_list,PNG logo from official site header.
Конструктивные решения,Стены,Стены,Кирпич,ОАО «Гомельстройматериалы»,"ОАО ""Гомельстройматериалы""",oao-gomelstroymaterialy,,,,confirmed_by_user,high,user_confirmed_list,Поставщик кирпича и стеновых материалов
Конструктивные решения,Стены,Стены,Кирпич,ОАО «Горынский комбинат строительных материалов»,"ОАО ""Горынский комбинат строительных материалов""",oao-gorynskiy-kombinat-stroitelnyh-materialov,,,,confirmed_by_user,high,user_confirmed_list,Поставщик кирпича и стеновых материалов
Конструктивные решения,Стены,Стены,Кирпич,"ОАО «Керамика», УНП 300000303","ОАО ""Керамика"", УНП 300000303",oao-keramika-unp-300000303,,,,confirmed_by_user,high,user_confirmed_list,Поставщик кирпича и стеновых материалов
Конструктивные решения,Стены,Стены,Кирпич,ОАО «Ново-Иерусалимский кирпичный завод»,"ОАО ""Ново-Иерусалимский кирпичный завод""",oao-novo-ierusalimskiy-kirpichnyy-zavod,https://www.xn--80aaeckcpfcaaalckcmtmnhbrrpjre6cwi7e.xn--p1ai/,assets/img/logos/vendors/oao-novo-ierusalimskiy-kirpichnyy-zavod.png,https://www.xn--80aaeckcpfcaaalckcmtmnhbrrpjre6cwi7e.xn--p1ai/upload/medialibrary/7d3/7d3a4cad8589f729b37c293c57959a28.png,logo_ready,high,user_confirmed_list,Official site and own orange logo confirmed on official punycode domain. Rejected earlier Tilda Logo.svg as unrelated.
Конструктивные решения,Стены,Стены,Кирпич,ОАО «Новокубанский завод керамических стеновых материалов»,"ОАО ""Новокубанский завод керамических стеновых материалов""",oao-novokubanskiy-zavod-keramicheskih-stenovyh-materialov,https://nzksm.ru/,assets/img/logos/vendors/oao-novokubanskiy-zavod-keramicheskih-stenovyh-materialov.svg,https://nzksm.ru/templates/2024/nzksm-new/images/logo_small.svg,logo_ready,high,user_confirmed_list,Official site title identifies NZKSM. Colored small logo used because header logo is white.
Конструктивные решения,Стены,Стены,Кирпич,ОАО «Обольский керамический завод»,"ОАО ""Обольский керамический завод""",oao-obolskiy-keramicheskiy-zavod,,,,confirmed_by_user,high,user_confirmed_list,Поставщик кирпича и стеновых материалов
Конструктивные решения,Стены,Стены,Кирпич,ОАО «Радошковичский керамический завод»,"ОАО ""Радошковичский керамический завод""",oao-radoshkovichskiy-keramicheskiy-zavod,https://ceglar.by/,assets/img/logos/vendors/oao-radoshkovichskiy-keramicheskiy-zavod.png,https://ceglar.by/local/templates/main/images/logo.png,logo_ready,high,user_confirmed_list,PNG logo from official CEGLAR site header. rkz.by redirects to ceglar.by.
Конструктивные решения,Стены,Стены,Кирпич,ОАО «Столбцовский кирпичный завод»,"ОАО ""Столбцовский кирпичный завод""",oao-stolbtsovskiy-kirpichnyy-zavod,,,,confirmed_by_user,high,user_confirmed_list,Поставщик кирпича и стеновых материалов
Конструктивные решения,Стены,Стены,Кирпич,ООО «Алексинский кирпичный завод»,"ООО ""Алексинский кирпичный завод""",ooo-aleksinskiy-kirpichnyy-zavod,https://www.xn--80aagicmgaaajchbcj1bgxnuoc6m3d.xn--p1ai/,assets/img/logos/vendors/ooo-aleksinskiy-kirpichnyy-zavod.jpg,https://www.xn--80aagicmgaaajchbcj1bgxnuoc6m3d.xn--p1ai/upload/medialibrary/c3c/c3cabe68cb568f65d99e93e5ce4e17dd.jpg,logo_ready,medium_high,user_confirmed_list,Official site candidate matches plant name. Header uses compact brick mark.
Конструктивные решения,Стены,Стены,Кирпич,ООО «Анастасиевский кирпичный завод»,"ООО ""Анастасиевский кирпичный завод""",ooo-anastasievskiy-kirpichnyy-zavod,,,,manual_review_needed,medium,user_confirmed_list,No official site confirmed in this pass. Logo not used.
Конструктивные решения,Стены,Стены,Кирпич,ООО «Богандинский кирпичный завод»,"ООО ""Богандинский кирпичный завод""",ooo-bogandinskiy-kirpichnyy-zavod,https://zaobkz.ru/,assets/img/logos/vendors/ooo-bogandinskiy-kirpichnyy-zavod.svg,https://zaobkz.ru/assets/general/icons/logo/logo-black-mini-54b253159f65a14f79744a414921a9d02c949a42e27644fbc1e0c7c00b4a07fd.svg,logo_ready,high,user_confirmed_list,"SVG logo mark from official site header, black variant for white cards."
Конструктивные решения,Стены,Стены,Кирпич,ООО «Болоховский кирпичный завод»,"ООО ""Болоховский кирпичный завод""",ooo-bolohovskiy-kirpichnyy-zavod,https://bkz71.ru/,assets/img/logos/vendors/ooo-bolohovskiy-kirpichnyy-zavod.png,https://static.tildacdn.com/tild6137-6462-4637-b337-326539326137/--.png,logo_ready,high,user_confirmed_list,Official site title identifies Bolohovsky brick plant. Logo is from site header.
Конструктивные решения,Стены,Стены,Кирпич,ООО «Брянский кирпичный завод»,"ООО ""Брянский кирпичный завод""",ooo-bryanskiy-kirpichnyy-zavod,,,,confirmed_by_user,high,user_confirmed_list,Поставщик кирпича и стеновых материалов
Конструктивные решения,Стены,Стены,Кирпич,ООО «Вяземский кирпичный завод»,"ООО ""Вяземский кирпичный завод""",ooo-vyazemskiy-kirpichnyy-zavod,https://www.xn--80adbiclbhaajcic0awvlso8kudud.xn--p1ai/,assets/img/logos/vendors/ooo-vyazemskiy-kirpichnyy-zavod.png,https://www.xn--80adbiclbhaajcic0awvlso8kudud.xn--p1ai/upload/medialibrary/998/998a7403893a39a66f582f9adcce1084.png,logo_ready,high,user_confirmed_list,Official site asset contains Vyazemsky brick plant logotype.
Конструктивные решения,Стены,Стены,Кирпич,ООО «Гнездово»,"ООО ""Гнездово""",ooo-gnezdovo,,,,confirmed_by_user,high,user_confirmed_list,Поставщик кирпича и стеновых материалов
Конструктивные решения,Стены,Стены,Кирпич,ООО «КЕММА»,"ООО ""КЕММА""",ooo-kemma,,,,confirmed_by_user,high,user_confirmed_list,Поставщик кирпича и стеновых материалов
Конструктивные решения,Стены,Стены,Кирпич,ООО «Карасевский керамический завод»,"ООО ""Карасевский керамический завод""",ooo-karasevskiy-keramicheskiy-zavod,https://www.xn--80aaahbmdriaakcfec7cwamlioc6m3d.xn--p1ai/,assets/img/logos/vendors/ooo-karasevskiy-keramicheskiy-zavod.png,https://www.xn--80aaahbmdriaakcfec7cwamlioc6m3d.xn--p1ai/upload/medialibrary/591/9368e2afa9fe16c7c2ffbb89b07c83cb.png,logo_ready,high,user_confirmed_list,PNG logo from official site header with matching alt text.
Конструктивные решения,Стены,Стены,Кирпич,ООО «Краснодарский кирпичный завод №1»,"ООО ""Краснодарский кирпичный завод №1""",ooo-krasnodarskiy-kirpichnyy-zavod-1,,,,manual_review_needed,medium,user_confirmed_list,Candidate domain returned access errors. Needs manual review before logo work.
Конструктивные решения,Стены,Стены,Кирпич,ООО «Липковский кирпичный завод»,"ООО ""Липковский кирпичный завод""",ooo-lipkovskiy-kirpichnyy-zavod,https://www.xn--g1afclaa.xn--p1ai/,assets/img/logos/vendors/ooo-lipkovskiy-kirpichnyy-zavod.png,https://www.xn--g1afclaa.xn--p1ai/wp-content/uploads/2022/07/lkz-logo-main.png,logo_ready,high,user_confirmed_list,PNG logo from official site header.
Конструктивные решения,Стены,Стены,Кирпич,ООО «МОСБЛОК»,"ООО ""МОСБЛОК""",ooo-mosblok,,,,confirmed_by_user,high,user_confirmed_list,Поставщик кирпича и стеновых материалов
Конструктивные решения,Стены,Стены,Кирпич,ООО «Маркинский кирпичный завод»,"ООО ""Маркинский кирпичный завод""",ooo-markinskiy-kirpichnyy-zavod,,,,confirmed_by_user,high,user_confirmed_list,Поставщик кирпича и стеновых материалов
Конструктивные решения,Стены,Стены,Кирпич,ООО «Михневская керамика»,"ООО ""Михневская керамика""",ooo-mihnevskaya-keramika,https://www.ooomik.ru/,assets/img/logos/vendors/ooo-mihnevskaya-keramika.png,https://www.ooomik.ru/images/newsys/logo_ooomik_new.png,logo_ready,high,user_confirmed_list,Official site title identifies Mihnevskaya keramika. Logo is from official site assets.
Конструктивные решения,Стены,Стены,Кирпич,ООО «Новолеушковский завод строительных материалов»,"ООО ""Новолеушковский завод строительных материалов""",ooo-novoleushkovskiy-zavod-stroitelnyh-materialov,,,,manual_review_needed,medium,user_confirmed_list,No official site confirmed in this pass. Logo not used.
Конструктивные решения,Стены,Стены,Кирпич,ООО «РуБелЭко»,"ООО ""РуБелЭко""",ooo-rubeleko,,,,confirmed_by_user,high,user_confirmed_list,Поставщик кирпича и стеновых материалов
Конструктивные решения,Стены,Стены,Кирпич,ООО «Сергиево-Посадский кирпичный завод»,"ООО ""Сергиево-Посадский кирпичный завод""",ooo-sergievo-posadskiy-kirpichnyy-zavod,https://xn--80aaecbicbbxkaamclc0dkanhikojic6pve.xn--p1ai/,,,confirmed_by_user,high,user_confirmed_list,"Official site identifies Sergievo Posad brick plant and brick production. Logo remains empty because no trustworthy official logo asset was confirmed."
Конструктивные решения,Стены,Стены,Кирпич,ООО «Технологии керамики» / Кирпичный завод Балашиха,"ООО ""Технологии керамики"" / Кирпичный завод Балашиха",ooo-tehnologii-keramiki-kirpichnyy-zavod-balashiha,,,,confirmed_by_user,high,user_confirmed_list,Поставщик кирпича и стеновых материалов
Конструктивные решения,Стены,Стены,Кирпич,ООО «Ухтинский завод глиняного кирпича» / УЗГК,"ООО ""Ухтинский завод глиняного кирпича"" / УЗГК",ooo-uhtinskiy-zavod-glinyanogo-kirpicha-uzgk,,,,confirmed_by_user,high,user_confirmed_list,Поставщик кирпича и стеновых материалов
Конструктивные решения,Стены,Стены,Кирпич,ООО «Фабрика СВ ПРО»,"ООО ""Фабрика СВ ПРО""",ooo-fabrika-sv-pro,,,,confirmed_by_user,high,user_confirmed_list,Поставщик кирпича и стеновых материалов
Конструктивные решения,Стены,Стены,Кирпич,ООО «Фокинский комбинат строительных материалов»,"ООО ""Фокинский комбинат строительных материалов""",ooo-fokinskiy-kombinat-stroitelnyh-materialov,,,,confirmed_by_user,high,user_confirmed_list,Поставщик кирпича и стеновых материалов
Конструктивные решения,Стены,Стены,Кирпич,ПУЧП «Надежда»,"ПУЧП ""Надежда""",puchp-nadezhda,,,,confirmed_by_user,high,user_confirmed_list,Поставщик кирпича и стеновых материалов
Конструктивные решения,Стены,Стены,Кирпич,Псковский кирпичный завод / ООО «Орион М»,"Псковский кирпичный завод / ООО ""Орион М""",pskovskiy-kirpichnyy-zavod-ooo-orion-m,,,,confirmed_by_user,high,user_confirmed_list,Поставщик кирпича и стеновых материалов
Конструктивные решения,Стены,Стены,Кирпич,СЗАО «КварцМелПром»,"СЗАО ""КварцМелПром""",szao-kvartsmelprom,,,,confirmed_by_user,high,user_confirmed_list,Поставщик кирпича и стеновых материалов
Конструктивные решения,Стены,Стены,Кирпич,Филиал №3 «Минский комбинат силикатных изделий» ОАО «Белорусский цементный завод»,"Филиал №3 ""Минский комбинат силикатных изделий"" ОАО ""Белорусский цементный завод""",filial-3-minskiy-kombinat-silikatnyh-izdeliy-oao-belorusskiy-tsementnyy-zavod,,,,confirmed_by_user,high,user_confirmed_list,Поставщик кирпича и стеновых материалов
Конструктивные решения,Стены,Стены,Кирпич,Филиал №5 «Гродненский комбинат строительных материалов»,"Филиал №5 ""Гродненский комбинат строительных материалов""",filial-5-grodnenskiy-kombinat-stroitelnyh-materialov,,,,confirmed_by_user,high,user_confirmed_list,Поставщик кирпича и стеновых материалов
Конструктивные решения,Стены,Стены,Кирпич,Филиал №6 «Любанский КСМ» ОАО «Белорусский цементный завод»,"Филиал №6 ""Любанский КСМ"" ОАО ""Белорусский цементный завод""",filial-6-lyubanskiy-ksm-oao-belorusskiy-tsementnyy-zavod,,,,confirmed_by_user,high,user_confirmed_list,Поставщик кирпича и стеновых материалов
Конструктивные решения / кирпич и мощение,Конструктивные решения / кирпич и мощение,Конструктивные решения / кирпич и мощение,Конструктивные решения / кирпич и мощение,BRAER,BRAER,braer,https://braer.ru/,assets/img/logos/partners/braer.svg,https://braer.ru/upload/iblock/730/kyeo84bl8yncl3asmrc0ogho3vu2u77t.svg,logo_ready,high,partner_catalog_backfill_20260702,Backfilled from confirmed partner source for catalog vendor coverage; official site/logo already tracked in partners data.
Кровля / гидроизоляция / теплоизоляция,Кровля / гидроизоляция / теплоизоляция,Кровля / гидроизоляция / теплоизоляция,Кровля / гидроизоляция / теплоизоляция,Технониколь,Технониколь,tehnonikol,https://www.tn.ru/,assets/img/logos/partners/technonikol-clean.png,https://www.tn.ru/upload/delight.webpconverter/upload/resize_cache/iblock/c98/451_119_1/949edb715aadf20d817abeedc079ccb9.jpg.webp?17256584824098,logo_ready,high,partner_catalog_backfill_20260702,Backfilled from confirmed partner source for catalog vendor coverage; official site/logo already tracked in partners data.
ОВиК / вентиляция,ОВиК / вентиляция,ОВиК / вентиляция,ОВиК / вентиляция,KORF,KORF,korf,https://po-korf.ru/,assets/img/logos/partners/korf.png,https://po-korf.ru/assets/images/logo2.png,logo_ready,high,partner_catalog_backfill_20260702,Backfilled from confirmed partner source for catalog vendor coverage; official site/logo already tracked in partners data.
ОВиК / климатическое оборудование,ОВиК / климатическое оборудование,ОВиК / климатическое оборудование,ОВиК / климатическое оборудование,Clivet,Clivet,clivet,https://www.clivet.com/,assets/img/logos/partners/clivet.svg,https://www.clivet.com/o/clivet-liferay-nuance-theme/images/clivet/logo-simple.svg,logo_ready,high,partner_catalog_backfill_20260702,Backfilled from confirmed partner source for catalog vendor coverage; official site/logo already tracked in partners data.
ОВиК / климатическое оборудование,ОВиК / климатическое оборудование,ОВиК / климатическое оборудование,ОВиК / климатическое оборудование,KENTATSU,KENTATSU,kentatsu,https://kentatsurussia.ru/,assets/img/logos/partners/kentatsu.svg,https://kentatsurussia.ru/frontend/build/images/logo.svg,logo_ready,high,partner_catalog_backfill_20260702,Backfilled from confirmed partner source for catalog vendor coverage; official site/logo already tracked in partners data.
ОВиК / климатическое оборудование,ОВиК / климатическое оборудование,ОВиК / климатическое оборудование,ОВиК / климатическое оборудование,MIDEA,MIDEA,midea,https://www.midea.com/global/,assets/img/logos/partners/midea.png,https://web-res.midea.com/content/dam/midea-aem/global/official/midea-logo.png/jcr%3Acontent/renditions/midea-logo.webp,logo_ready,high,partner_catalog_backfill_20260702,Backfilled from confirmed partner source for catalog vendor coverage; official site/logo already tracked in partners data.
ОВиК / радиаторы,ОВиК / радиаторы,ОВиК / радиаторы,ОВиК / радиаторы,PRADO,PRADO,prado,https://radiator-prado.ru/,assets/img/logos/partners/prado.webp,https://radiator-prado.ru/upload/CMax/c2f/cfjod3b7deghsrwr5lxr9uc77u5b6ia6/logo.webp,logo_ready,high,partner_catalog_backfill_20260702,Backfilled from confirmed partner source for catalog vendor coverage; official site/logo already tracked in partners data.
ОВиК / радиаторы,ОВиК / радиаторы,ОВиК / радиаторы,ОВиК / радиаторы,RIFAR,RIFAR,rifar,https://rifar.ru/,assets/img/logos/partners/rifar.png,https://rifar.ru/images/logo.png,logo_ready,high,partner_catalog_backfill_20260702,Backfilled from confirmed partner source for catalog vendor coverage; official site/logo already tracked in partners data.
ОВиК и тепловые сети,Инженерные системы,Инженерные системы,сантехника,AQUAPOLIS,AQUAPOLIS,aquapolis,https://aquapolis.ru,assets/img/logos/vendors/import-20260630/aquapolis.svg,https://aquapolis.ru/upload/logo.svg,logo_ready,high,supplier_import_20260630_official_site,"Prepared from supplier table. Sheet: сантехника , row 135. Logo source: official site."
ОВиК и тепловые сети,Инженерные системы,Инженерные системы,сантехника,LEO center,LEO center,leo-center,https://leo-center.ru,assets/img/logos/vendors/import-20260630/leo-center.svg,https://leo-center.ru/favicon.svg,logo_ready,high,supplier_import_20260630_official_site,"Prepared from supplier table. Sheet: сантехника , row 120. Logo source: official site."
ОВиК и тепловые сети,Инженерные системы,Инженерные системы,Радиаторы,Solur aluminium Company,Solur aluminium Company,solur-aluminium-company,https://solur-aluminium.ru,assets/img/logos/vendors/import-20260630/solur-aluminium-company.svg,https://solur-aluminium.ru/static/logo.old-39852271237d694edbb9947b764bb524.svg,logo_ready,high,supplier_import_20260630_official_site,"Prepared from supplier table. Sheet: Радиаторы, row 4. Logo source: official site."
ОВиК и тепловые сети,Инженерные системы,Инженерные системы,Вентиляция,VAKIO,VAKIO,vakio,https://vakio.ru,assets/img/logos/vendors/import-20260630/vakio.png,https://vakio.ru/wp-content/uploads/2021/08/logonew.png,logo_ready,high,supplier_import_20260630_official_site,"Prepared from supplier table. Sheet: Вентиляция , row 66. Logo source: official site."
ОВиК и тепловые сети,Инженерные системы,Инженерные системы,сантехника,АЛЬТЕРПЛАСТ,АЛЬТЕРПЛАСТ,alterplast,https://alterplast.ru,assets/img/logos/vendors/import-20260630/alterplast.svg,https://www.alterplast.ru/local/templates/alterplast/images/header_logo.svg,logo_ready,high,supplier_import_20260630_official_site,"Prepared from supplier table. Sheet: сантехника , row 130. Logo source: official site."
ОВиК и тепловые сети,Инженерные системы,Инженерные системы,Вентиляция,ВЕНТАРТ ГРУПП ООО,ВЕНТАРТ ГРУПП ООО,ventart-grupp-ooo,https://ventart.ru,assets/img/logos/vendors/import-20260630/ventart-grupp-ooo.jpg,https://www.ventart.ru/bitrix/templates/ventart/images/logo.jpg,logo_ready,high,supplier_import_20260630_official_site,"Prepared from supplier table. Sheet: Вентиляция , row 54. Logo source: official site."
ОВиК и тепловые сети,Инженерные системы,Инженерные системы,Вентиляция,ВЕНТИНФОРМ ООО,ВЕНТИНФОРМ ООО,ventinform-ooo,https://ventinform.ru,assets/img/logos/vendors/import-20260630/ventinform-ooo.png,https://www.ventinform.ru/arr/images/logo.png,logo_ready,high,supplier_import_20260630_official_site,"Prepared from supplier table. Sheet: Вентиляция , row 18. Logo source: official site."
ОВиК и тепловые сети,Инженерные системы,Инженерные системы,Вентиляция,ВЕНТСИСТЕМС ООО,ВЕНТСИСТЕМС ООО,ventsistems-ooo,https://vent-mo.ru,assets/img/logos/vendors/import-20260630/ventsistems-ooo.webp,https://vent-mo.ru/imgx/logo-new.webp,logo_ready,high,supplier_import_20260630_official_site,"Prepared from supplier table. Sheet: Вентиляция , row 10. Logo source: official site."
ОВиК и тепловые сети,Инженерные системы,Инженерные системы,Вентиляция,ВТС ООО,ВТС ООО,vts-ooo,https://vtsgroup.com,assets/img/logos/vendors/import-20260630/vts-ooo.svg,https://vtsgroup.com/v_t_s/images/logo.svg,logo_ready,high,supplier_import_20260630_official_site,"Prepared from supplier table. Sheet: Вентиляция , row 7. Logo source: official site."
ОВиК и тепловые сети,Инженерные системы,Инженерные системы,Вентиляция,Вентиляционный завод Виктория,Вентиляционный завод Виктория,ventilyatsionnyy-zavod-viktoriya,https://v-klapan.ru,assets/img/logos/vendors/import-20260630/ventilyatsionnyy-zavod-viktoriya.svg,https://v-klapan.ru/media/imcndahq/head-logo.svg,logo_ready,high,supplier_import_20260630_official_site,"Prepared from supplier table. Sheet: Вентиляция , row 33. Logo source: official site."
ОВиК и тепловые сети,Инженерные системы,Инженерные системы,сантехника,ГАЛЛОП,ГАЛЛОП,gallop,https://gallop.ru,assets/img/logos/vendors/import-20260630/gallop.png,https://gallop.ru/bitrix/templates/main/images/logo.png,logo_ready,high,supplier_import_20260630_official_site,"Prepared from supplier table. Sheet: сантехника , row 124. Logo source: official site."
ОВиК и тепловые сети,Инженерные системы,Инженерные системы,сантехника,ГЛОБУС СТАЛЬ,ГЛОБУС СТАЛЬ,globus-stal,https://globus-stal.ru,assets/img/logos/vendors/import-20260630/globus-stal.svg,https://www.globus-stal.ru/bitrix/templates/globus_ru/images/logo_s1.svg,logo_ready,high,supplier_import_20260630_official_site,"Prepared from supplier table. Sheet: сантехника , row 126. Logo source: official site."
ОВиК и тепловые сети,Инженерные системы,Инженерные системы,Вентиляция,ГРАДВЕНТ ООО,ГРАДВЕНТ ООО,gradvent-ooo,https://gradvent.ru,assets/img/logos/vendors/import-20260630/gradvent-ooo.png,https://gradvent.ru/wa-data/public/site/data/gradvent.ru/logo_new_160x50.png,logo_ready,high,supplier_import_20260630_official_site,"Prepared from supplier table. Sheet: Вентиляция , row 6. Logo source: official site."
ОВиК и тепловые сети,Инженерные системы,Инженерные системы,Вентиляция,ГРУППА КОМПАНИЙ ПОЛЕКС ООО,ГРУППА КОМПАНИЙ ПОЛЕКС ООО,gruppa-kompaniy-poleks-ooo,https://polexgroup.ru,assets/img/logos/vendors/import-20260630/gruppa-kompaniy-poleks-ooo.gif,https://www.polexgroup.ru:443/fileadmin/polexgroup.ru/templates/images/logo.gif,logo_ready,high,supplier_import_20260630_official_site,"Prepared from supplier table. Sheet: Вентиляция , row 16. Logo source: official site."
ОВиК и тепловые сети,Инженерные системы,Инженерные системы,Вентиляция,ДЫМОХОД ООО,ДЫМОХОД ООО,dymohod-ooo,https://rosinox-klin.ru,assets/img/logos/vendors/import-20260630/dymohod-ooo.png,https://rosinox-klin.ru/images/header_logo.png,logo_ready,high,supplier_import_20260630_official_site,"Prepared from supplier table. Sheet: Вентиляция , row 23. Logo source: official site."
ОВиК и тепловые сети,Инженерные системы,Инженерные системы,сантехника,Завод РВК,Завод РВК,zavod-rvk,https://rvkinfo.com,assets/img/logos/vendors/import-20260630/zavod-rvk.svg,https://rvkinfo.com/wp-content/uploads/2025/09/logo.svg,logo_ready,high,supplier_import_20260630_official_site,"Prepared from supplier table. Sheet: сантехника , row 85. Logo source: official site."
ОВиК и тепловые сети,Инженерные системы,Инженерные системы,труба в ППУ,Завод Теплоизоляции УМК,Завод Теплоизоляции УМК,zavod-teploizolyatsii-umk,https://uralmk.com,assets/img/logos/vendors/import-20260630/zavod-teploizolyatsii-umk.png,https://uralmk.com/t/images/new_logo.png,logo_ready,high,supplier_import_20260630_official_site,"Prepared from supplier table. Sheet: труба в ППУ, row 19. Logo source: official site."
ОВиК и тепловые сети,Инженерные системы,Инженерные системы,труба в ППУ,Завод изоляции труб компании СТС Изоляция,Завод изоляции труб компании СТС Изоляция,zavod-izolyatsii-trub-kompanii-sts-izolyatsiya,https://stscom.ru,assets/img/logos/vendors/import-20260630/zavod-izolyatsii-trub-kompanii-sts-izolyatsiya.jpg,https://www.stscom.ru/images/logo.jpg,logo_ready,high,supplier_import_20260630_official_site,"Prepared from supplier table. Sheet: труба в ППУ, row 21. Logo source: official site."
ОВиК и тепловые сети,Инженерные системы,Инженерные системы,Вентиляция,КЛИМАТВЕНТМАШ,КЛИМАТВЕНТМАШ,klimatventmash,https://cvm.ru,assets/img/logos/vendors/import-20260630/klimatventmash.png,https://www.cvm.ru/assets/images/logo.png,logo_ready,high,supplier_import_20260630_official_site,"Prepared from supplier table. Sheet: Вентиляция , row 39. Logo source: official site."
ОВиК и тепловые сети,Инженерные системы,Инженерные системы,КНС,"Компания ""Тех-Аэро""","Компания ""Тех-Аэро""",kompaniya-teh-aero,https://tech-aero.ru,assets/img/logos/vendors/import-20260630/kompaniya-teh-aero.svg,https://tech-aero.ru/assets/templates/TechAero/img/logo.svg,logo_ready,high,supplier_import_20260630_official_site,"Prepared from supplier table. Sheet: КНС, row 9. Logo source: official site."
ОВиК и тепловые сети,Инженерные системы,Инженерные системы,труба в ППУ,Компания «Теплоизоляция-Холдинг»,Компания «Теплоизоляция-Холдинг»,kompaniya-teploizolyatsiya-holding,https://ppu37.ru,assets/img/logos/vendors/import-20260630/kompaniya-teploizolyatsiya-holding.svg,https://ppu37.ru/catalog/view/images/logo.svg,logo_ready,high,supplier_import_20260630_official_site,"Prepared from supplier table. Sheet: труба в ППУ, row 23. Logo source: official site."
ОВиК и тепловые сети,Инженерные системы,Инженерные системы,КНС,Компания Элмакс Групп,Компания Элмакс Групп,kompaniya-elmaks-grupp,https://elmaxgroup.ru,assets/img/logos/vendors/import-20260630/kompaniya-elmaks-grupp.svg,http://elmaxgroup.ru/wp-content/themes/elmaxgroup_1758883807/images/62cd778f1c0f8c7e186a1266_logo_elmax_full.svg,logo_ready,high,supplier_import_20260630_official_site,"Prepared from supplier table. Sheet: КНС, row 5. Logo source: official site."
ОВиК и тепловые сети,Инженерные системы,Инженерные системы,сантехника,"НПП ""ЮНИКОР""","НПП ""ЮНИКОР""",npp-yunikor,https://unicornplast.ru,assets/img/logos/vendors/import-20260630/npp-yunikor.svg,https://unicornplast.ru/images/logo_Unicorn_new-01.svg,logo_ready,high,supplier_import_20260630_official_site,"Prepared from supplier table. Sheet: сантехника , row 114. Logo source: official site."
ОВиК и тепловые сети,Инженерные системы,Инженерные системы,сантехника,Новоуральский трубный завод,Новоуральский трубный завод,novouralskiy-trubnyy-zavod,https://ntzural.ru,assets/img/logos/vendors/import-20260630/novouralskiy-trubnyy-zavod.png,https://ntzural.ru/wp-content/uploads/sites/251939/logo_new.png,logo_ready,high,supplier_import_20260630_official_site,"Prepared from supplier table. Sheet: сантехника , row 89. Logo source: official site."
ОВиК и тепловые сети,Инженерные системы,Инженерные системы,Вентиляция,"ООО ""ПАНОРАМАВЕНТ""","ООО ""ПАНОРАМАВЕНТ""",ooo-panoramavent,https://panoramavent.ru,assets/img/logos/vendors/import-20260630/ooo-panoramavent.png,https://panoramavent.com/wa-data/public/site/themes/market24_1_1_4/img/logo-mobile.png?v1756978806?v1.1.4.104,logo_ready,high,supplier_import_20260630_official_site,"Prepared from supplier table. Sheet: Вентиляция , row 5. Logo source: official site."
ОВиК и тепловые сети,Инженерные системы,Инженерные системы,Насосы,ООО «Джетекс»,ООО «Джетекс»,ooo-dzheteks,https://www.jetexpumps.ru,assets/img/logos/vendors/import-20260630/ooo-dzheteks.png,https://www.jetexpumps.ru/logo_jetex.png,logo_ready,high,supplier_import_20260630_official_site,"Prepared from supplier table. Sheet: Насосы, row 5. Logo source: official site."
ОВиК и тепловые сети,Инженерные системы,Инженерные системы,труба в ППУ,ООО «ИКАПЛАСТ»,ООО «ИКАПЛАСТ»,ooo-ikaplast,https://icaplast.ru,assets/img/logos/vendors/import-20260630/ooo-ikaplast.png,https://icaplast.ru/templates/common/images/t/logo.png,logo_ready,high,supplier_import_20260630_official_site,"Prepared from supplier table. Sheet: труба в ППУ, row 9. Logo source: official site."
ОВиК и тепловые сети,Инженерные системы,Инженерные системы,труба в ППУ,ООО «ПК ТеплоЭнергоПласт»,ООО «ПК ТеплоЭнергоПласт»,ooo-pk-teploenergoplast,https://teploenergoplast.ru,assets/img/logos/vendors/import-20260630/ooo-pk-teploenergoplast.webp,https://www.teploenergoplast.ru/upload/dev2fun.imagecompress/webp/logo.webp,logo_ready,high,supplier_import_20260630_official_site,"Prepared from supplier table. Sheet: труба в ППУ, row 28. Logo source: official site."
ОВиК и тепловые сети,Инженерные системы,Инженерные системы,сантехника,ООО «Приволжский Завод Металлоизделий»,ООО «Приволжский Завод Металлоизделий»,ooo-privolzhskiy-zavod-metalloizdeliy,https://reon-armatura.ru,assets/img/logos/vendors/import-20260630/ooo-privolzhskiy-zavod-metalloizdeliy.svg,https://reon-armatura.ru/favicon.svg?v=20260331,logo_ready,high,supplier_import_20260630_official_site,"Prepared from supplier table. Sheet: сантехника , row 103. Logo source: official site."
ОВиК и тепловые сети,Инженерные системы,Инженерные системы,труба в ППУ,ООО «ТеплоСетьИзол»,ООО «ТеплоСетьИзол»,ooo-teplosetizol,https://teplosetizol.ru,assets/img/logos/vendors/import-20260630/ooo-teplosetizol.png,http://www.teplosetizol.ru/pic/logo.png,logo_ready,high,supplier_import_20260630_official_site,"Prepared from supplier table. Sheet: труба в ППУ, row 7. Logo source: official site."
ОВиК и тепловые сети,Инженерные системы,Инженерные системы,труба в ППУ,ООО «Теплосеть»,ООО «Теплосеть»,ooo-teploset,https://teploset43.ru,assets/img/logos/vendors/import-20260630/ooo-teploset.png,https://teploset43.ru/wp-content/uploads/2017/12/cropped-logo2.png,logo_ready,high,supplier_import_20260630_official_site,"Prepared from supplier table. Sheet: труба в ППУ, row 29. Logo source: official site."
ОВиК и тепловые сети,Инженерные системы,Инженерные системы,Вентиляция,ООО Вентилиционные системы,ООО Вентилиционные системы,ooo-ventilitsionnye-sistemy,https://waer-air.com,assets/img/logos/vendors/import-20260630/ooo-ventilitsionnye-sistemy.png,https://waer-air.com/theme/WAER/images/logo.png,logo_ready,high,supplier_import_20260630_official_site,"Prepared from supplier table. Sheet: Вентиляция , row 29. Logo source: official site."
ОВиК и тепловые сети,Инженерные системы,Инженерные системы,сантехника,ООО ДКО ПОЛИПЛАСТИК,ООО ДКО ПОЛИПЛАСТИК,ooo-dko-poliplastik,https://ironpolimer.ru,assets/img/logos/vendors/import-20260630/ooo-dko-poliplastik.png,https://ironpolimer.ru/design/images/logo.png,logo_ready,high,supplier_import_20260630_official_site,"Prepared from supplier table. Sheet: сантехника , row 49. Logo source: official site."
ОВиК и тепловые сети,Инженерные системы,Инженерные системы,сантехника,"ООО НПО ""АВЕКТРА","ООО НПО ""АВЕКТРА",ooo-npo-avektra,https://nt-rt.ru,assets/img/logos/vendors/import-20260630/ooo-npo-avektra.png,https://avektra.ru/local/templates/avektra/img/logo.png,logo_ready,high,supplier_import_20260630_official_site,Official AVEKTRA logo from avektra.ru selected instead of tiny nt-rt favicon.
ОВиК и тепловые сети,Инженерные системы,Инженерные системы,КНС,ООО НПО «Зенит-Север»,ООО НПО «Зенит-Север»,ooo-npo-zenit-sever,https://zenit-sever.ru,assets/img/logos/vendors/import-20260630/ooo-npo-zenit-sever.svg,https://zenit-sever.ru/local/templates/main/html/img/logo.svg,logo_ready,high,supplier_import_20260630_official_site,"Prepared from supplier table. Sheet: КНС, row 12. Logo source: official site."
ОВиК и тепловые сети,Инженерные системы,Инженерные системы,сантехника,"ООО ПК ""Поли-Групп""","ООО ПК ""Поли-Групп""",ooo-pk-poli-grupp,https://polycorr.ru,assets/img/logos/vendors/import-20260630/ooo-pk-poli-grupp.svg,https://polycorr.ru/themes/demo/assets/img/favicon/poly-logo-icon.svg,logo_ready,high,supplier_import_20260630_official_site,"Prepared from supplier table. Sheet: сантехника , row 144. Logo source: official site."
ОВиК и тепловые сети,Инженерные системы,Инженерные системы,труба в ППУ,ООО СЗТОиМ»,ООО СЗТОиМ»,ooo-sztoim,https://zavodtm.ru,assets/img/logos/vendors/import-20260630/ooo-sztoim.png,https://zavodtm.ru/wp-content/themes/ZTOM/img/logo5.png,logo_ready,high,supplier_import_20260630_official_site,"Prepared from supplier table. Sheet: труба в ППУ, row 17. Logo source: official site."
ОВиК и тепловые сети,Инженерные системы,Инженерные системы,сантехника,ООО Трубный завод,ООО Трубный завод,ooo-trubnyy-zavod,https://iss-gk.ru,assets/img/logos/vendors/import-20260630/ooo-trubnyy-zavod.svg,https://iss-gk.ru/assets/images/logo/logo182_70.svg,logo_ready,high,supplier_import_20260630_official_site,"Prepared from supplier table. Sheet: сантехника , row 44. Logo source: official site."
ОВиК и тепловые сети,Инженерные системы,Инженерные системы,труба в ППУ,ПК СЗ «СТРОЙИЗОЛЯЦИЯ»,ПК СЗ «СТРОЙИЗОЛЯЦИЯ»,pk-sz-stroyizolyatsiya,https://trubu.ru,assets/img/logos/vendors/import-20260630/pk-sz-stroyizolyatsiya.png,https://trubu.ru/assets/images/trubu_logo.png,logo_ready,high,supplier_import_20260630_official_site,"Prepared from supplier table. Sheet: труба в ППУ, row 15. Logo source: official site."
ОВиК и тепловые сети,Инженерные системы,Инженерные системы,сантехника,РТР,РТР,rtr,https://rosturplast.ru,assets/img/logos/vendors/import-20260630/rtr.svg,https://rtp.ru/favicon/safari-pinned-tab.svg,logo_ready,high,supplier_import_20260630_official_site,"Prepared from supplier table. Sheet: сантехника , row 128. Logo source: official site."
ОВиК и тепловые сети,Инженерные системы,Инженерные системы,труба в ППУ,Северо-Западная Трубная Гидроизоляционная Компания,Северо-Западная Трубная Гидроизоляционная Компания,severo-zapadnaya-trubnaya-gidroizolyatsionnaya-kompaniya,https://sztgk.ru,assets/img/logos/vendors/import-20260630/severo-zapadnaya-trubnaya-gidroizolyatsionnaya-kompaniya.png,https://sztgk.ru/images/mini-logo.png,logo_ready,high,supplier_import_20260630_official_site,"Prepared from supplier table. Sheet: труба в ППУ, row 27. Logo source: official site."
ОВиК и тепловые сети,Инженерные системы,Инженерные системы,сантехника,ЭВАН,ЭВАН,evan,https://evan.ru,assets/img/logos/vendors/import-20260630/evan.svg,https://www.evan.ru/local/templates/evan_2.0/images/logo.svg,logo_ready,high,supplier_import_20260630_official_site,"Prepared from supplier table. Sheet: сантехника , row 125. Logo source: official site."
ОВиК и тепловые сети,Инженерные системы,Инженерные системы,Вентиляция,ЯЛКА ООО,ЯЛКА ООО,yalka-ooo,https://yalca.ru,assets/img/logos/vendors/import-20260630/yalka-ooo.svg,https://yalca.ru/local/templates/yalca/img/logo.svg,logo_ready,high,supplier_import_20260630_official_site,"Prepared from supplier table. Sheet: Вентиляция , row 4. Logo source: official site."
ОВиК и тепловые сети,Тепловые завесы,Тепловые завесы,Тепловые завесы,Ballu,Ballu,ballu,https://www.ballu.ru/catalog/promyshlennoe_oborudovanie/vozdushnye_i_teplovye_zavesy/,assets/img/logos/vendors/ballu.svg,https://www.ballu.ru/images/ballu_logo_2024.svg,logo_ready,high,codex_p2_hvac_ev_20260703,Official Ballu catalog contains air/thermal curtain categories; logo from official site header.
ОВиК и тепловые сети,Тепловые завесы,Тепловые завесы,Тепловые завесы,Тепломаш,Тепломаш,teplomash,https://teplomash.ru/,assets/img/logos/vendors/teplomash.png,https://teplomash.ru/images/logo.png,logo_ready,high,codex_p2_hvac_ev_20260703,Official site title identifies Teplomash as a plant producing air curtains; logo from official CSS background image.
Оконные профильные системы,Оконные профильные системы,Оконные профильные системы,Оконные профильные системы,VEKA,VEKA,veka,https://www.veka.ru/,assets/img/logos/partners/veka.svg,https://www.veka.ru/images/icons/logo.svg,logo_ready,high,partner_catalog_backfill_20260702,Backfilled from confirmed partner source for catalog vendor coverage; official site/logo already tracked in partners data.
Опалубка / строительные леса,Опалубка / строительные леса,Опалубка / строительные леса,Опалубка / строительные леса,PERI,PERI,peri,https://www.peri.com/en,assets/img/logos/partners/peri.webp,https://www.peri.com/.resources/fe2/webresources/img/peri-logo.webp,logo_ready,high,partner_catalog_backfill_20260702,Backfilled from confirmed partner source for catalog vendor coverage; official site/logo already tracked in partners data.
Освещение,Освещение,Освещение,Освещение,FEREKS,FEREKS,fereks,https://fereks.ru/,assets/img/logos/partners/fereks.svg,https://fereks.ru/local/templates/main/images/logo.svg,logo_ready,high,partner_catalog_backfill_20260702,Backfilled from confirmed partner source for catalog vendor coverage; official site/logo already tracked in partners data.
Освещение,Освещение,Освещение,Освещение,LEDEL,LEDEL,ledel,https://ledel.ru/,assets/img/logos/partners/ledel.svg,https://ledel.ru/local/templates/ledel/images/logo.svg,logo_ready,high,partner_catalog_backfill_20260702,Backfilled from confirmed partner source for catalog vendor coverage; official site/logo already tracked in partners data.
Освещение,Освещение,Освещение,Освещение,Navigator,Navigator,navigator,https://navigator-light.ru/,assets/img/logos/partners/navigator.svg,https://navigator-light.ru/design/svg/logo.svg,logo_ready,high,partner_catalog_backfill_20260702,Backfilled from confirmed partner source for catalog vendor coverage; official site/logo already tracked in partners data.
Плитка / керамогранит,Плитка / керамогранит,Плитка / керамогранит,Плитка / керамогранит,KERAMA MARAZZI,KERAMA MARAZZI,kerama-marazzi,https://kerama-marazzi.com/,assets/img/logos/partners/kerama-marazzi.png,,logo_ready,high,partner_catalog_backfill_20260702,Backfilled from confirmed partner source for catalog vendor coverage; official site/logo already tracked in partners data.
Плитка / отделочные материалы,Плитка / отделочные материалы,Плитка / отделочные материалы,Плитка / отделочные материалы,Unitile,Unitile,unitile,https://unitile.ru/partners/style_guidelines/,assets/img/logos/partners/unitile.png,https://unitile.ru/custom/assets/guideline/unitile-logo.zip,logo_ready,high,partner_catalog_backfill_20260702,Backfilled from confirmed partner source for catalog vendor coverage; official site/logo already tracked in partners data.
Промышленная автоматизация,Промышленная автоматизация,Промышленная автоматизация,Промышленная автоматизация,ONI,ONI,oni,https://oni-system.com/,assets/img/logos/partners/oni.svg,https://oni-system.com/local/templates/oni-system-2025/images/logo_new-dark.svg,logo_ready,high,partner_catalog_backfill_20260702,Backfilled from confirmed partner source for catalog vendor coverage; official site/logo already tracked in partners data.
Сантехника,Сантехника,Сантехника,Сантехника,Sanita,Sanita,sanita,https://sanita.ru/,assets/img/logos/partners/sanita.png,https://static.tildacdn.com/tild6661-3431-4361-b466-346430643430/_.png,logo_ready,high,partner_catalog_backfill_20260702,Backfilled from confirmed partner source for catalog vendor coverage; official site/logo already tracked in partners data.
Сантехника,Сантехника,Сантехника,Сантехника,Santeri,Santeri,santeri,https://santeri.su/,assets/img/logos/partners/santeri.png,https://santeri.su/local/templates/santeri/images/logo.png,logo_ready,high,partner_catalog_backfill_20260702,Backfilled from confirmed partner source for catalog vendor coverage; official site/logo already tracked in partners data.
Сантехническая арматура,Сантехническая арматура,Сантехническая арматура,Сантехническая арматура,ANI Plast,ANI Plast,ani-plast,https://www.aniplast.ru/,assets/img/logos/partners/ani-plast.png,https://www.aniplast.ru/local/templates/main/img/logo.png,logo_ready,high,partner_catalog_backfill_20260702,Backfilled from confirmed partner source for catalog vendor coverage; official site/logo already tracked in partners data.
Сантехническая керамика,Сантехническая керамика,Сантехническая керамика,Сантехническая керамика,Roca,Roca,roca,https://www.roca.com/,assets/img/logos/partners/roca.svg,https://www.roca.com/documents/20126/346080475/roca-logo.svg/4dc29d13-1df3-b628-786b-7c63db57cdcd?t=1753429104544,logo_ready,high,partner_catalog_backfill_20260702,Backfilled from confirmed partner source for catalog vendor coverage; official site/logo already tracked in partners data.
Сантехническая керамика,Сантехническая керамика,Сантехническая керамика,Сантехническая керамика,Santek,Santek,santek,https://santek.ru/,assets/img/logos/partners/santek.svg,https://santek.ru/image/logo.svg,logo_ready,high,partner_catalog_backfill_20260702,Backfilled from confirmed partner source for catalog vendor coverage; official site/logo already tracked in partners data.
Слаботочные сети и связь,Периметральная охрана / охранное освещение,Системы безопасности,Периметральная охрана и охранное освещение,Заря,Заря / Импэкс-Групп,zarya-impeks,https://impeks-group.ru/catalog/ohrannoe-osveshenie/,assets/img/logos/vendors/zarya-impeks.png,https://impeks-group.ru/wp-content/uploads/2024/07/zarya_logo_3.png,logo_ready,high,official_impeks_product_logo_fix_20260703,Official product logo from the Impeks-Group site. Used for security lighting instead of the unreadable white-on-transparent company logo.
Слаботочные сети и связь,Периметральная охрана / охранное освещение,Системы безопасности,Периметральная охрана и охранное освещение,СОП Точка,СОП Точка / Импэкс-Групп,tochka-impeks,https://impeks-group.ru/catalog/ohrana-perimetra/tochka/,assets/img/logos/vendors/tochka-impeks.png,https://impeks-group.ru/wp-content/uploads/2024/07/tochka_logo_7.png,logo_ready,high,official_impeks_product_logo_fix_20260703,Official product logo from the Impeks-Group site. Used instead of the unreadable white-on-transparent company logo for perimeter security cards.
Слаботочные сети и связь,СКУД,Системы контроля и управления доступом,СКУД и запирающие устройства,Dormakaba,Dormakaba,dormakaba,https://www.dormakaba.com/ru-ru,assets/img/logos/partners/dormakaba.svg,https://www.dormakaba.com/ru-ru/icons/sprite-logos.svg#dk-logo-neutral,logo_ready,high,partner_catalog_backfill_20260702,Backfilled from confirmed partner source for catalog vendor coverage; official site/logo already tracked in partners data.
Слаботочные сети и связь,Системы контроля и управления доступом,Автоматическая выдача ключей,Системы автоматической выдачи ключей,KeyGuard,KeyGuard,keyguard,https://keyguard.ru/,assets/img/logos/vendors/keyguard.jpg,https://keyguard.ru/img/keyguard_logo_2.jpg,logo_ready,high,official_p1_vendor_hint_batch_20260703,Official KeyGuard product/manufacturer site logo; catalog hint covers automatic key issue systems.
Слаботочные сети и связь,Системы сбора и обработки информации,ССОИ,"ССОИ, программно-аппаратные комплексы",Бастион-3 / ЕС-Пром,Бастион-3 / ЕС-Пром,bastion-3-es-prom,https://www.trevog.net/,assets/img/logos/vendors/bastion-3-es-prom.png,https://www.trevog.net/upload/uf/0a7/o4xicna4nr4t2vcf9r7k1rhwybpz53sz/Bastion-3-logo_21051.png,logo_ready,high,official_p1_vendor_hint_batch_20260703,Official ЕС-Пром site publishes this Бастион-3 logo; catalog hint covers SSOI / software-hardware complexes.
Слаботочные сети и связь,Слаботочные сети и связь,Видеонаблюдение и сетевое оборудование,Активное оборудование ЛВС,Eltex,Eltex,eltex,https://eltex.ru/,assets/img/logos/vendors/eltex.svg,https://eltex.ru/images/logo.svg,logo_ready,high,official_site_asset,"Официальный синий SVG Eltex с прозрачным фоном, активное оборудование ЛВС, сетевое и телекоммуникационное оборудование."
Слаботочные сети и связь,Слаботочные сети и связь,Кабельные сети и ВОЛС,Волоконно-оптический кабель,Интегра Кабель,Интегра Кабель,integra-kabel,https://intg.ru/,assets/img/logos/vendors/integra-kabel.png,https://intg.ru/wp-content/uploads/2019/12/logo-integra-cable-systems.png,logo_ready,high,official_site_asset,"Волоконно-оптический кабель для грунта, канализации, труб, подвеса и объектных сетей связи."
Слаботочные сети и связь,Слаботочные сети и связь,Слаботочные сети и связь,"""Securika Moscow 2026""","ООО НПП ""МАГНИТО-КОНТАКТ""","ООО НПП ""МАГНИТО-КОНТАКТ""",ooo-npp-magnito-kontakt,https://m-kontakt.ru/,assets/img/logos/vendors/import-20260630/ooo-npp-magnito-kontakt.svg,https://m-kontakt.ru/images/logo_mk.svg,logo_ready,high,supplier_import_20260630_official_site,"Prepared from supplier table. Sheet: ""Securika Moscow 2026"", row 16. Logo source: official site."
Слаботочные системы / аудио,Слаботочные системы / аудио,Слаботочные системы / аудио,Слаботочные системы / аудио,Ecler,Ecler,ecler,https://www.ecler.com/,assets/img/logos/partners/ecler.svg,https://www.ecler.com/_next/static/media/logo.884da08e.svg,logo_ready,high,partner_catalog_backfill_20260702,Backfilled from confirmed partner source for catalog vendor coverage; official site/logo already tracked in partners data.
Слаботочные системы / видеонаблюдение,Слаботочные системы / видеонаблюдение,Слаботочные системы / видеонаблюдение,Слаботочные системы / видеонаблюдение,IDIS,IDIS,idis,https://www.idisglobal.com/,assets/img/logos/partners/idis.png,https://www.idisglobal.com/images/etc/ci/IDIS_C.I_v3.1.png,logo_ready,high,partner_catalog_backfill_20260702,Backfilled from confirmed partner source for catalog vendor coverage; official site/logo already tracked in partners data.
Слаботочные системы / корпоративная связь,Слаботочные системы / корпоративная связь,Слаботочные системы / корпоративная связь,Слаботочные системы / корпоративная связь,IVA,IVA,iva,https://iva.ru/ru/,assets/img/logos/partners/iva-readable.svg,https://iva.ru/assets/templates/main/assets/img/logo.svg,logo_ready,high,partner_catalog_backfill_20260702,Backfilled from confirmed partner source for catalog vendor coverage; official site/logo already tracked in partners data.
Слаботочные системы / электронная очередь,Слаботочные системы / электронная очередь,Слаботочные системы / электронная очередь,Слаботочные системы / электронная очередь,Альфаматика,Альфаматика,alfamatika,https://alphamatica.ru/aboutPage,assets/img/logos/partners/alphamatica.svg,https://alphamatica.ru/_next/static/media/LogoCompany.6ab5ef73.svg,logo_ready,high,partner_catalog_backfill_20260702,Backfilled from confirmed partner source for catalog vendor coverage; official site/logo already tracked in partners data.
Строительные материалы,Конструктивные решения,Металл,Муфты обжимные для арматуры,RECO,RECO,reco,https://recorus.ru/,assets/img/logos/vendors/reco.svg,https://static.tildacdn.com/tild6466-6537-4438-b832-393834666631/Logo_Reco.svg,logo_ready,high,codex_p1_metal_vendor_fill_20260703,Official RECO page is dedicated to compression rebar couplers and positions the company as a manufacturer. Official SVG logo is used as-is; mapped only to compression rebar couplers.
Строительные материалы,Конструктивные решения,Металл,Сетка,ЗМС,ЗМС,zms-setka,https://zms-setka.ru/,assets/img/logos/vendors/zms-setka.png,https://zms-setka.ru/assets/templates/zms/images/logo.png,logo_ready,medium,codex_p1_metal_vendor_fill_20260703,Official product page states welded reinforcing/road/masonry mesh from manufacturer ZMS. Official site logo is used as-is; mapped only to the mesh product group.
Строительные материалы,Конструктивные решения,Стены / кладочные материалы,Газобетонные блоки,Bonolit,Bonolit,bonolit,https://bonolit.ru/,assets/img/logos/vendors/bonolit.png,https://bonolit.ru/local/templates/bonolit2022/img/header-logo.png,logo_ready,high,codex_p2_masonry_vendor_fill_20260703,Official Bonolit site identifies the company as a gas concrete plant/manufacturer. Official header logo is used as-is and mapped only to aerated concrete blocks.
Строительные материалы,Конструктивные решения,Стены / кладочные материалы,Пеноблоки,Пеноблок.Ру,Пеноблок.Ру,penoblok-ru,https://www.penoblok.ru/,assets/img/logos/vendors/penoblok-ru.png,https://www.penoblok.ru/bitrix/templates/penoblok/img/logo.png,logo_ready,medium,codex_p2_masonry_vendor_fill_20260703,Official Penoblok.Ru site positions the company as a certified foam block manufacturer. Official site logo contains a tagline and is used as-is; mapped only to foam blocks.
Строительные смеси,Строительные смеси,Строительные смеси,Строительные смеси,Bergauf,Bergauf,bergauf,https://bergauf.ru/,assets/img/logos/partners/bergauf.svg,https://bergauf.ru/wp-content/themes/template/img/logo24.svg,logo_ready,high,partner_catalog_backfill_20260702,Backfilled from confirmed partner source for catalog vendor coverage; official site/logo already tracked in partners data.
Строительные смеси,Строительные смеси,Строительные смеси,Строительные смеси,GLIMS,GLIMS,glims,https://glims.ru/,assets/img/logos/partners/glims.svg,https://glims.ru/upload/CMax/810/hii4oej8qr16ik2759y0x0kr6tk5n0tl/logo_glims.svg,logo_ready,high,partner_catalog_backfill_20260702,Backfilled from confirmed partner source for catalog vendor coverage; official site/logo already tracked in partners data.
ТХ оборудование,Технологическое оборудование,Библиотечное оборудование / стеллажи,Библиотечное оборудование; Стеллажи,Ярус,Ярус,yarus,https://www.yarus.info/,assets/img/logos/vendors/yarus.svg,https://www.yarus.info/local/templates/yarus/img/logo.svg,logo_ready,high,official_p2_tx_storage_security_sport_20260703,"Official Ярус site title identifies production of shelving equipment, including library shelving."
ТХ оборудование,Технологическое оборудование,Досмотровое оборудование,Турникеты; СКУД; системы контроля доступа,PERCo,PERCo,perco,https://www.perco.ru/,assets/img/logos/vendors/perco.svg,https://www.perco.ru/images/2023/logo.svg,logo_ready,high,official_p2_tx_storage_security_sport_20260703,Official PERCo site identifies security systems and equipment; catalog contains turnstiles and access-control equipment.
ТХ оборудование,Технологическое оборудование,Досмотровое оборудование,Металлодетекторы; досмотровое оборудование; турникеты,БЛОКПОСТ,БЛОКПОСТ,blokpost,https://detektor-rf.ru/,assets/img/logos/vendors/blokpost.svg,https://detektor-rf.ru/local/templates/detector/assets/img/elements.svg#logo,logo_ready,high,official_p2_tx_storage_security_sport_20260703,Official БЛОКПОСТ site title identifies inspection equipment from the manufacturer; logo extracted from official SVG sprite.
ТХ оборудование,Технологическое оборудование,Медицинские газы и оборудование,Medical equipment,B. Braun,B. Braun,b-braun,https://www.bbraun.com/,assets/img/logos/vendors/medical-20260703/b-braun.svg,https://www.bbraun.com/content/dam/b-braun/master/website-6/en/00_home-and-miscellaneous/logo/bbraun-logo-full.svg,logo_ready,high,codex_medical_p1_vendors_20260703,Official B. Braun site describes it as a medical technology company; official SVG logo from bbraun.com. Mapped to infusion therapy and general medical equipment.
ТХ оборудование,Технологическое оборудование,Медицинские газы и оборудование,Медицинская визуализация и диагностика,FUJIFILM,FUJIFILM,fujifilm,https://www.fujifilm.com/us/en/healthcare,assets/img/logos/vendors/fujifilm.svg,https://www.fujifilm.com/us/themes/custom/fujifilm_com_g2/common/img/fujifilm_corporate_logo.svg,logo_ready,high,codex_medical_japan_vendors_20260702,Official SVG logo from Fujifilm site header; mapped to medical visualization and diagnostics.
ТХ оборудование,Технологическое оборудование,Медицинские газы и оборудование,Medical equipment,Mindray,Mindray,mindray,https://www.mindray.com/en,assets/img/logos/vendors/medical-20260703/mindray.png,https://www.mindray.com/content/dam/xpace/en/site/common/organization-logo.png,logo_ready,high,codex_medical_p1_vendors_20260703,"Official Mindray site title identifies the company as a medical technology and solutions supplier; logo source is official organization-logo.png from mindray.com. Mapped to monitoring, anesthesia/intensive care, infusion and visualization groups."
ТХ оборудование,Технологическое оборудование,Медицинские газы и оборудование,Медицинская визуализация и диагностика,Olympus,Olympus,olympus,https://www.olympus-global.com/products/medical/,assets/img/logos/vendors/olympus.png,https://www.olympus-global.com/shared/images/ci-logo-01.png,logo_ready,high,codex_medical_japan_vendors_20260702,Official PNG corporate logo from olympus-global.com; medical product page is the verified source context.
ТХ оборудование,Технологическое оборудование,Медицинские газы и оборудование,Медицинская визуализация и диагностика,PENTAX Medical,PENTAX Medical,pentax-medical,https://www.pentaxmedical.com/en,assets/img/logos/vendors/pentax-medical.svg,https://www.pentaxmedical.com/logo.svg,logo_ready,high,codex_medical_japan_vendors_20260702,Official SVG logo from pentaxmedical.com. Pentax is treated as an alias; public vendor is PENTAX Medical to avoid duplicates.
ТХ оборудование,Технологическое оборудование,Медицинские газы и оборудование,Medical equipment,Philips,Philips,philips,https://www.philips.com/healthcare,assets/img/logos/vendors/medical-20260703/philips.svg,https://www.philips.com/c-etc/philips/clientlibs/foundation-general/clientlibs-css-rb2014/images/generic/philips-footer-logo.svg,logo_ready,high,codex_medical_p1_vendors_20260703,"Official Philips healthcare site and official Philips SVG logo from philips.com. Mapped conservatively to medical equipment, cardiology/emergency care, visualization/diagnostics."
ТХ оборудование,Технологическое оборудование,Оборудование столовой и пищеблока,Оборудование пищеблока; Оборудование столовой,Abat,Abat,abat,https://abat.ru/,assets/img/logos/vendors/abat.png,https://abat.ru/img/logo.png,logo_ready,high,codex_p2_lift_fire_foodservice_20260703,Official site title: manufacturer of professional kitchen equipment; logo from official /img/logo.png.
ТХ оборудование,Технологическое оборудование,Спортивное оборудование,Спортивное оборудование,Romana,Romana,romana,https://romana.pro/,assets/img/logos/vendors/romana.png,https://romana.pro/local/include/img/logo.png,logo_ready,high,official_p2_tx_storage_security_sport_20260703,Official Romana Pro site title identifies outdoor sports/playground equipment from the manufacturer.
ТХ оборудование,Технологическое оборудование,Стеллажи / гардероб / хозяйственное хранение,Стеллажи; Оборудование гардероба; Хозяйственное оборудование,ПРАКТИК,ПРАКТИК,praktik,https://practic.biz/,assets/img/logos/vendors/praktik.png,https://practic.biz/files/brands/logo_practic.jpg,logo_ready,high,official_p2_tx_storage_security_sport_20260703,"Official ПРАКТИК catalog contains shelving, locker/wardrobe systems and metal storage cabinets."
Теплоизоляция,Теплоизоляция,Теплоизоляция,Теплоизоляция,ROCKWOOL,ROCKWOOL,rockwool,https://rwl.ru/,assets/img/logos/partners/rockwool.svg,https://rwl.ru/local/templates/rockwool_v2/assets/images/logo/logo.svg?1752752399,logo_ready,high,partner_catalog_backfill_20260702,Backfilled from confirmed partner source for catalog vendor coverage; official site/logo already tracked in partners data.
Технологическое оборудование,Комплектация,Мебель,Мебель (мягкая и офисная),Бюрократ,Бюрократ,byurokrat,https://buro.ru/,assets/img/logos/vendors/byurokrat.svg,https://static.buro.ru/img2023/logo.svg,logo_ready,high,official_p0_vendor_batch_20260703,Official Buro/Byurokrat site logo; catalog hint covers office furniture.
Технологическое оборудование,Комплектация,Мебель,Мебель (мягкая и офисная),КОМПАНИЯ ДОК-17,КОМПАНИЯ ДОК-17,kompaniya-dok-17,https://www.dok17.ru/,assets/img/logos/vendors/kompaniya-dok-17.jpg,https://www.dok17.ru/images/logotip.jpg,logo_ready,high,official_p0_vendor_batch_20260703,Official company site logo; catalog hint covers office and soft furniture.
Технологическое оборудование,Комплектация,Промышленная мебель,Промышленная мебель,GEFESD,GEFESD,gefesd,https://gefesd.ru/,assets/img/logos/vendors/gefesd.png,https://gefesd.ru/local/templates/gefesd/assets/images/logo.png,logo_ready,high,official_p0_vendor_batch_20260703,Official GEFESD site logo; catalog hint covers industrial furniture.
Технологическое оборудование,Технологическое оборудование,Технологическое оборудование,лаборатор оборуд,Аналитика,Аналитика,analitika,https://analytica-lab.ru,assets/img/logos/vendors/import-20260630/analitika.png,https://analytica-lab.ru/local/templates/analytics/frontend/img/images/footer_logotype.png,logo_ready,high,supplier_import_20260630_official_site,"Prepared from supplier table. Sheet: лаборатор оборуд , row 13. Logo source: official site."
Технологическое оборудование,Технологическое оборудование,Технологическое оборудование,"Медицина, госпиталя",БЕЛАНД,БЕЛАНД,beland,https://beland.ru,assets/img/logos/vendors/import-20260630/beland.png,https://beland.ru/img/logo.png,logo_ready,high,supplier_import_20260630_official_site,"Prepared from supplier table. Sheet: Медицина, госпиталя, row 53. Logo source: official site."
Технологическое оборудование,Технологическое оборудование,Технологическое оборудование,"Медицина, госпиталя",ГК «МОДУЛЬ»,ГК «МОДУЛЬ»,gk-modul,https://cleanmodule.ru,assets/img/logos/vendors/import-20260630/gk-modul.svg,https://cleanmodule.ru/wp-content/themes/module/images/logos/logo_module.svg,logo_ready,high,supplier_import_20260630_official_site,"Prepared from supplier table. Sheet: Медицина, госпиталя, row 52. Logo source: official site."
Технологическое оборудование,Технологическое оборудование,Технологическое оборудование,"Медицина, госпиталя",Компания РЕАТОРГ,Компания РЕАТОРГ,kompaniya-reatorg,https://reatorg.ru,assets/img/logos/vendors/import-20260630/kompaniya-reatorg.png,https://www.reatorg.ru/local/templates/reatorg_new/images/logo.png,logo_ready,high,supplier_import_20260630_official_site,"Prepared from supplier table. Sheet: Медицина, госпиталя, row 54. Logo source: official site."
Технологическое оборудование,Технологическое оборудование,Технологическое оборудование,"Медицина, госпиталя",ОАО ИНТЕГРАЛ,ОАО ИНТЕГРАЛ,oao-integral,https://integralspb.ru,assets/img/logos/vendors/import-20260630/oao-integral.svg,https://integralspb.ru/local/templates/site/images/logo.svg,logo_ready,high,supplier_import_20260630_official_site,"Prepared from supplier table. Sheet: Медицина, госпиталя, row 62. Logo source: official site."
Технологическое оборудование,Технологическое оборудование,Технологическое оборудование,лаборатор оборуд,"ООО ""Алкор Био""","ООО ""Алкор Био""",ooo-alkor-bio,https://alkorbio.ru,assets/img/logos/vendors/import-20260630/ooo-alkor-bio.png,https://www.alkorbio.ru/local/templates/alkorbio/images/logo.png,logo_ready,high,supplier_import_20260630_official_site,"Prepared from supplier table. Sheet: лаборатор оборуд , row 23. Logo source: official site."
Технологическое оборудование,Технологическое оборудование,Технологическое оборудование,"Медицина, госпиталя",ООО «ПОДОЛЬСКИЙ ЗАВОД СТЕНОВЫХ И ПОТОЛОЧНЫХ ПАНЕЛЕЙ»,ООО «ПОДОЛЬСКИЙ ЗАВОД СТЕНОВЫХ И ПОТОЛОЧНЫХ ПАНЕЛЕЙ»,ooo-podolskiy-zavod-stenovyh-i-potolochnyh-paneley,https://gipsometal.ru,assets/img/logos/vendors/import-20260630/ooo-podolskiy-zavod-stenovyh-i-potolochnyh-paneley.png,https://gipsometal.ru/bitrix/templates/base/img/logo.png,logo_ready,high,supplier_import_20260630_official_site,"Prepared from supplier table. Sheet: Медицина, госпиталя, row 6. Logo source: official site."
Технологическое оборудование,Технологическое оборудование,Технологическое оборудование,"Медицина, госпиталя",ООО ЭНЕРГОЛАБ,ООО ЭНЕРГОЛАБ,ooo-energolab,https://energolab.com,assets/img/logos/vendors/import-20260630/ooo-energolab.svg,https://energolab.com/local/templates/main_global/assets/img/logo.svg,logo_ready,high,supplier_import_20260630_official_site,"Prepared from supplier table. Sheet: Медицина, госпиталя, row 25. Logo source: official site."
Технологическое оборудование,Технологическое оборудование,Технологическое оборудование,Комплексы чистых помещений,Производственное объединение АМС-МЗМО «Асептические Медицинские Системы» и «Миасский Завод Медицинского Оборудования»,Производственное объединение АМС-МЗМО «Асептические Медицинские Системы» и «Миасский Завод Медицинского Оборудования»,proizvodstvennoe-obedinenie-ams-mzmo-asepticheskie-meditsinskie-sistemy-i-miasskiy-zavod-meditsinskogo-oborudovaniya,https://laminar.ru,assets/img/logos/vendors/import-20260630/proizvodstvennoe-obedinenie-ams-mzmo-asepticheskie-meditsinskie-sistemy-i-miasskiy-zavod-meditsinskogo-oborudovaniya.png,https://www.laminar.ru/local/templates/laminar/asset/images/logo.png,logo_ready,high,supplier_import_20260630_official_site,"Prepared from supplier table. Sheet: Комплексы чистых помещений , row 3. Logo source: official site."
Технологическое оборудование,Технологическое оборудование,Технологическое оборудование,"Медицина, госпиталя",Центр Комплектации Оборудованием,Центр Комплектации Оборудованием,tsentr-komplektatsii-oborudovaniem,https://aec-profi.ru,assets/img/logos/vendors/import-20260630/tsentr-komplektatsii-oborudovaniem.png,https://aec-profi.ru/template_view/img_new/aec_mobyle.png,logo_ready,high,supplier_import_20260630_official_site,"Prepared from supplier table. Sheet: Медицина, госпиталя, row 45. Logo source: official site."
Умное освещение / IIoT,Умное освещение / IIoT,Умное освещение / IIoT,Умное освещение / IIoT,AMBIOT,AMBIOT,ambiot,https://ambiot.io/,assets/img/logos/partners/ambiot.svg,https://static.tildacdn.com/tild3866-3766-4535-b033-323763323063/__Header.svg,logo_ready,high,partner_catalog_backfill_20260702,Backfilled from confirmed partner source for catalog vendor coverage; official site/logo already tracked in partners data.
ЭОМ,Световые приборы,Светотехника,Светотехника,FERON,FERON,feron,https://feron.ru/korporativnyy-stil/,assets/img/logos/partners/feron.png,https://feron.ru/korporativnyy-stil/Feron.rar,logo_ready,high,partner_catalog_backfill_20260702,Backfilled from confirmed partner source for catalog vendor coverage; official site/logo already tracked in partners data.
ЭОМ,Световые приборы,Светотехника,Светотехника,GAUSS,GAUSS,gauss,https://gauss.ru/,assets/img/logos/partners/gauss.svg,https://academy.gauss.ru/,logo_ready,high,partner_catalog_backfill_20260702,Backfilled from confirmed partner source for catalog vendor coverage; official site/logo already tracked in partners data.
ЭОМ,Световые приборы,Светотехника,Светотехника,JazzWay,JazzWay,jazzway,https://www.jazz-way.com/,assets/img/logos/partners/jazzway.svg,https://www.jazz-way.com/images/logo-jazz.svg,logo_ready,high,partner_catalog_backfill_20260702,Backfilled from confirmed partner source for catalog vendor coverage; official site/logo already tracked in partners data.
ЭОМ,Трансформаторные и распределительные подстанции,"БКТП, БРП, ВРУ","БКТП, БРП, ВРУ",ЗЭТО,ЗЭТО,zeto,https://zeto.ru/,assets/img/logos/vendors/zeto.svg,https://zeto.ru/wp-content/uploads/2021/09/logo.svg,logo_ready,high,official_p0_vendor_batch_20260703,Official ZETO site logo; catalog hint covers BКTP/BRP/VRU group.
ЭОМ,Трансформаторные и распределительные подстанции,"БКТП, БРП, ВРУ","БКТП, БРП, ВРУ",ЧЭАЗ,ЧЭАЗ,cheaz,https://www.cheaz.ru/,assets/img/logos/vendors/cheaz.svg,https://www.cheaz.ru/assets/images/logo_ru.svg,logo_ready,high,official_p0_vendor_batch_20260703,Official CHEAZ logo from official site; catalog hint covers BКTP/BRP/VRU group.
ЭОМ,Трансформаторные и распределительные подстанции,"БКТП, БРП, ВРУ","БКТП, БРП, ВРУ",ЭЗОИС,ЭЗОИС,ezois,https://www.ezois.ru/,assets/img/logos/vendors/ezois.png,https://www.ezois.ru/local/templates/ezois_2019/images/logo_ezois_grun.png,logo_ready,high,official_p0_vendor_batch_20260703,Official EZOIS site logo; catalog hint covers BКTP/BRP/VRU group.
ЭОМ,ЭОМ,ЭОМ,Российская строительная неделя,LC КАБЕЛЬ,LC КАБЕЛЬ,lc-kabel,https://lc-cable.ru,assets/img/logos/vendors/import-20260630/lc-kabel.png,https://lc-cable.ru/wp-content/uploads/elementor/thumbs/logo_208-qvpfskdo15p1nsyvfyog12jf971ncjtx19qc7e8r7k.png,logo_ready,high,supplier_import_20260630_official_site,"Prepared from supplier table. Sheet: Российская строительная неделя, row 20. Logo source: official site."
ЭОМ,ЭОМ,ЭОМ,Опоры освещения,АМИРА,АМИРА,amira,https://www.amira.ru,assets/img/logos/vendors/import-20260630/amira.svg,https://www.amira.ru/wp-content/themes/amira/img/logo.svg,logo_ready,high,supplier_import_20260630_official_site,"Prepared from supplier table. Sheet: Опоры освещения, row 31. Logo source: official site."
ЭОМ,ЭОМ,ЭОМ,строит. инструм,АО «ЗАВОД «ФИОЛЕНТ»,АО «ЗАВОД «ФИОЛЕНТ»,ao-zavod-fiolent,https://zdphiolent.ru,assets/img/logos/vendors/import-20260630/ao-zavod-fiolent.png,https://zdphiolent.ru/wp-content/uploads/2025/12/logo-300x88.png,logo_ready,high,supplier_import_20260630_official_site,"Prepared from supplier table. Sheet: строит. инструм, row 33. Logo source: official site."
ЭОМ,ЭОМ,ЭОМ,Электрика,Безгалогенные огнестойкие комупады,Безгалогенные огнестойкие комупады,bezgalogennye-ognestoykie-komupady,https://l-compaund.ru,assets/img/logos/vendors/import-20260630/bezgalogennye-ognestoykie-komupady.png,https://l-compaund.ru/images/2024/04/02/logo_new.png,logo_ready,high,supplier_import_20260630_official_site,"Prepared from supplier table. Sheet: Электрика, row 57. Logo source: official site."
ЭОМ,ЭОМ,ЭОМ,Светильники,Завод светотехники ГУД ЛАЙТ,Завод светотехники ГУД ЛАЙТ,zavod-svetotehniki-gud-layt,https://goodlight.ru,assets/img/logos/vendors/import-20260630/zavod-svetotehniki-gud-layt.jpg,http://www.goodlight.ru/bitrix/templates/goodlight/images/header/ru/logo.jpg,logo_ready,high,supplier_import_20260630_official_site,"Prepared from supplier table. Sheet: Светильники, row 11. Logo source: official site."
ЭОМ,ЭОМ,ЭОМ,Электрика,Кабельные заводы,Кабельные заводы,kabelnye-zavody,https://zvetlit.ru,assets/img/logos/vendors/import-20260630/kabelnye-zavody.png,https://zvetlit.ru/images/logo_13.png,logo_ready,high,supplier_import_20260630_official_site,"Prepared from supplier table. Sheet: Электрика, row 19. Logo source: official site."
ЭОМ,ЭОМ,ЭОМ,Опоры освещения,НПО Экосистема,НПО Экосистема,npo-ekosistema,https://eco-systema.com,assets/img/logos/vendors/import-20260630/npo-ekosistema.png,https://eco-systema.com/_assets/img/official/logo-npo-new.png,logo_ready,high,supplier_import_20260630_official_site,"Prepared from supplier table. Sheet: Опоры освещения, row 37. Logo source: official site."
ЭОМ,ЭОМ,ЭОМ,Опоры освещения,"ООО ""ЗАВОД УРАЛДОРСВЕТ""","ООО ""ЗАВОД УРАЛДОРСВЕТ""",ooo-zavod-uraldorsvet,https://zavod-uraldorsvet.ru,assets/img/logos/vendors/import-20260630/ooo-zavod-uraldorsvet.png,https://zavod-uraldorsvet.ru/local/templates/zu/images/uraldorzavod_logo_white.png,logo_ready,high,supplier_import_20260630_official_site,"Prepared from supplier table. Sheet: Опоры освещения, row 9. Logo source: official site."
ЭОМ,ЭОМ,ЭОМ,Электро 2025,ООО «Научно Производственное Предприятие ЭЛМА ЭЛЕКТРОНИКС»,ООО «Научно Производственное Предприятие ЭЛМА ЭЛЕКТРОНИКС»,ooo-nauchno-proizvodstvennoe-predpriyatie-elma-elektroniks,https://elma-rus.ru/,assets/img/logos/vendors/import-20260630/ooo-nauchno-proizvodstvennoe-predpriyatie-elma-elektroniks.png,https://elma-rus.ru/tpl/img/logo.png,logo_ready,high,supplier_import_20260630_official_site,"Prepared from supplier table. Sheet: Электро 2025, row 26. Logo source: official site."
ЭОМ,ЭОМ,ЭОМ,Изоляция,ООО«СИБПРОМ»,ООО«СИБПРОМ»,ooo-sibprom,https://termokom.com,assets/img/logos/vendors/import-20260630/ooo-sibprom.svg,https://termokom.com/wp-content/uploads/2022/10/termologofav.svg,logo_ready,high,supplier_import_20260630_official_site,"Prepared from supplier table. Sheet: Изоляция , row 8. Logo source: official site."
ЭОМ,ЭОМ,ЭОМ,Электрика,Оборудование для сварки. Трансформаторы,Оборудование для сварки. Трансформаторы,oborudovanie-dlya-svarki-transformatory,https://tehnosvar.ru,assets/img/logos/vendors/import-20260630/oborudovanie-dlya-svarki-transformatory.svg,https://tehnosvar.ru/media/configs/2024/01/tehnosvar-logotip-s-tekstom-sinij-1.svg,logo_ready,high,supplier_import_20260630_official_site,"Prepared from supplier table. Sheet: Электрика, row 58. Logo source: official site."
ЭОМ,ЭОМ,ЭОМ,Российская строительная неделя,Опытно-конструкторское предприятие «ЭЛКА-КАБЕЛЬ»,Опытно-конструкторское предприятие «ЭЛКА-КАБЕЛЬ»,opytno-konstruktorskoe-predpriyatie-elka-kabel,https://www.elkacable.ru,assets/img/logos/vendors/import-20260630/opytno-konstruktorskoe-predpriyatie-elka-kabel.png,https://elkacable.ru/assets/images/logo.png,logo_ready,high,supplier_import_20260630_official_site,"Prepared from supplier table. Sheet: Российская строительная неделя, row 8. Logo source: official site."
ЭОМ,ЭОМ,ЭОМ,Электрика,Производители сип арматуры,Производители сип арматуры,proizvoditeli-sip-armatury,https://psk-si.ru,assets/img/logos/vendors/import-20260630/proizvoditeli-sip-armatury.svg,https://psk-si.ru/img/logo_white_plr.svg,logo_ready,high,supplier_import_20260630_official_site,"Prepared from supplier table. Sheet: Электрика, row 59. Logo source: official site."
ЭОМ,ЭОМ,ЭОМ,Светильники,Производственно-торговая компания «ВСЕСВЕТОДИОДЫ» на Рябиновой улице,Производственно-торговая компания «ВСЕСВЕТОДИОДЫ» на Рябиновой улице,proizvodstvenno-torgovaya-kompaniya-vsesvetodiody-na-ryabinovoy-ulitse,https://vsesvetodiody.ru,assets/img/logos/vendors/import-20260630/proizvodstvenno-torgovaya-kompaniya-vsesvetodiody-na-ryabinovoy-ulitse.svg,https://vsesvetodiody.ru/local/templates/vsesvetodiody/img/logo.svg,logo_ready,high,supplier_import_20260630_official_site,"Prepared from supplier table. Sheet: Светильники, row 18. Logo source: official site."
ЭОМ,ЭОМ,ЭОМ,Российская строительная неделя,СегментЭнерго кабельный завод,СегментЭнерго кабельный завод,segmentenergo-kabelnyy-zavod,https://www.segmentenergo.ru,assets/img/logos/vendors/import-20260630/segmentenergo-kabelnyy-zavod.svg,https://segmentenergo.ru/wp-content/uploads/2021/10/se-logo-full-renew.svg,logo_ready,high,supplier_import_20260630_official_site,"Prepared from supplier table. Sheet: Российская строительная неделя, row 3. Logo source: official site."
ЭОМ,ЭОМ,ЭОМ,Опоры освещения,УМЕКОН (Уральский завод металлоконструкций),УМЕКОН (Уральский завод металлоконструкций),umekon-uralskiy-zavod-metallokonstruktsiy,https://umecon.ru,assets/img/logos/vendors/import-20260630/umekon-uralskiy-zavod-metallokonstruktsiy.svg,https://umecon.ru/img/logo_umecon_black.svg,logo_ready,high,supplier_import_20260630_official_site,"Prepared from supplier table. Sheet: Опоры освещения, row 33. Logo source: official site."
ЭОМ,ЭОМ,ЭОМ,Российская строительная неделя,ЭЛЕКТРОТЕХМАШ КАБЕЛЬНЫЙ ЗАВОД,ЭЛЕКТРОТЕХМАШ КАБЕЛЬНЫЙ ЗАВОД,elektrotehmash-kabelnyy-zavod,https://elektrotm.ru,assets/img/logos/vendors/import-20260630/elektrotehmash-kabelnyy-zavod.png,https://elektrotm.ru/wp-content/uploads/2022/02/eltm-logo-black-new.png,logo_ready,high,supplier_import_20260630_official_site,"Prepared from supplier table. Sheet: Российская строительная неделя, row 19. Logo source: official site."
ЭОМ,ЭОМ,ЭОМ,"""ParkSeason EXPO - 2026""",Электрик АРТ,Электрик АРТ,elektrik-art,https://electric-art.ru/contacts/,assets/img/logos/vendors/import-20260630/elektrik-art.svg,https://electric-art.ru/local/templates/elarts/img/logo-desk.svg,logo_ready,high,supplier_import_20260630_official_site,"Prepared from supplier table. Sheet: ""ParkSeason EXPO - 2026"", row 7. Logo source: official site."
ЭОМ,ЭОМ,ЭОМ,Электро 2025,Электрощит,Электрощит,elektroschit,https://elektro-shield.ru,assets/img/logos/vendors/import-20260630/elektroschit.png,https://elektro-shield.ru/wp-content/uploads/2024/02/logo-old.png,logo_ready,high,supplier_import_20260630_official_site,"Prepared from supplier table. Sheet: Электро 2025, row 25. Logo source: official site."
ЭОМ,ЭОМ,ЭОМ,Кабель,Камский кабель,Камский кабель,kamskiy-kabel,https://kamkabel.ru,assets/img/logos/vendors/import-20260630/vse-zaprosy-rasschityvaem-individualno-po-kazhdoy-marke-svoi-min-partii-otgruzka-tolko-s-zavoda.svg,https://kamkabel.ru/upload/uf/f58/8nz4meyb9y2zg9pd7gmaiy2e1r01v9ax.svg,logo_ready,high,supplier_import_20260630_official_site,"Corrected supplier-table note row to official vendor name from kamkabel.ru. Original sheet: Кабель, row 11. Logo source: official site."
ЭОМ,ЭОМ,ЭОМ,Электрика,опоры освещения и дорожное ограждение,опоры освещения и дорожное ограждение,opory-osvescheniya-i-dorozhnoe-ograzhdenie,https://www.zavod-npt.ru,assets/img/logos/vendors/import-20260630/opory-osvescheniya-i-dorozhnoe-ograzhdenie.png,https://www.zavod-npt.ru/upload/img/logo_NPT_120x120.png,logo_ready,high,supplier_import_20260630_official_site,"Prepared from supplier table. Sheet: Электрика, row 49. Logo source: official site."
ЭОМ,ЭОМ,ЭОМ,Кабель,"от 0,250 км, предоплата, самовывоз","от 0,250 км, предоплата, самовывоз",ot-0-250-km-predoplata-samovyvoz,https://podolskkabel.ru,assets/img/logos/vendors/import-20260630/ot-0-250-km-predoplata-samovyvoz.png,https://podolskkabel.ru/i/logo-sign.png,logo_ready,high,supplier_import_20260630_official_site,"Prepared from supplier table. Sheet: Кабель, row 15. Logo source: official site."
ЭОМ,ЭОМ,ЭОМ,Кабель,Компания «Рыбинсккабель»,Компания «Рыбинсккабель»,rybinskkabel,https://rkz.ru,assets/img/logos/vendors/import-20260630/prays-lista-net-kazhduyu-zayavku-rassmatrivayut-individualno-dostavku-mogut-sdelat-platnuyu-otgruzka-tolko-s-zavoda.png,https://rkz.ru/f/1/global/i/logo.png,logo_ready,high,supplier_import_20260630_official_site,"Corrected supplier-table note row to official vendor name from rkz.ru. Original sheet: Кабель, row 8. Logo source: official site."
ЭОМ,Электрооборудование,ИБП,ИБП и защита электропитания,Ippon,Ippon,ippon,https://ippon.ru/,assets/img/logos/partners/ippon.svg,https://static.ippon.ru/img2023/Logo.svg,logo_ready,high,partner_catalog_backfill_20260702,Backfilled from confirmed partner source for catalog vendor coverage; official site/logo already tracked in partners data.
ЭОМ,Электрооборудование,ИБП,ИБП и защита электропитания,Socomec,Socomec,socomec,https://www.socomec.com/,assets/img/logos/partners/socomec.png,https://www.socomec.com/assets/images/logo-blue.png,logo_ready,high,partner_catalog_backfill_20260702,Backfilled from confirmed partner source for catalog vendor coverage; official site/logo already tracked in partners data.
ЭОМ,Электрооборудование,Кабеленесущие системы,Электрика и кабеленесущие системы,DKC,DKC,dkc,https://www.dkc.ru/,assets/img/logos/partners/dkc.svg,https://www.dkc.ru/ru/,logo_ready,high,partner_catalog_backfill_20260702,Backfilled from confirmed partner source for catalog vendor coverage; official site/logo already tracked in partners data.
ЭОМ,Электрооборудование,Электротехника,Электротехническое оборудование,DEKraft,DEKraft,dekraft,https://www.dek.ru/,assets/img/logos/partners/dekraft.svg,https://www.dek.ru/logos/dekraft.svg,logo_ready,high,partner_catalog_backfill_20260702,Backfilled from confirmed partner source for catalog vendor coverage; official site/logo already tracked in partners data.
ЭОМ,Электрооборудование,Электротехника,Электротехническое оборудование,EKF,EKF,ekf,https://ekfgroup.com/,assets/img/logos/partners/ekf.svg,https://ekfgroup.com/images/logo-ekf.svg,logo_ready,high,partner_catalog_backfill_20260702,Backfilled from confirmed partner source for catalog vendor coverage; official site/logo already tracked in partners data.
ЭОМ,Электрооборудование,Электротехника,Электротехническое оборудование,IEK,IEK,iek,https://www.iek.ru/,assets/img/logos/partners/iek.svg,https://www.iek.ru/upload/iek.site/b44/a1tm25v7x3thqaw3ecskvvcn5yi8kwaz/logo.svg,logo_ready,high,partner_catalog_backfill_20260702,Backfilled from confirmed partner source for catalog vendor coverage; official site/logo already tracked in partners data.
ЭОМ,Электрооборудование,Электротехника,Электротехническое оборудование,TDM Electric,TDM Electric,tdm-electric,https://tdme.ru/,assets/img/logos/partners/tdm-electric.svg,https://tdme.ru/img/logo.svg,logo_ready,high,partner_catalog_backfill_20260702,Backfilled from confirmed partner source for catalog vendor coverage; official site/logo already tracked in partners data.
ЭОМ / освещение,ЭОМ / освещение,ЭОМ / освещение,ЭОМ / освещение,Ардатовский светотехнический завод,Ардатовский светотехнический завод,ardatovskiy-svetotehnicheskiy-zavod,https://astz.ru/,assets/img/logos/partners/ardatov-lighting-plant.png,https://astz.ru/upload/files/brand/logo%20ASTZ.zip,logo_ready,high,partner_catalog_backfill_20260702,Backfilled from confirmed partner source for catalog vendor coverage; official site/logo already tracked in partners data.
Электрика / автоматизация,Электрика / автоматизация,Электрика / автоматизация,Электрика / автоматизация,Schneider Electric,Schneider Electric,schneider-electric,https://schneider-russia.com/,assets/img/logos/partners/schneider-electric.svg,https://schneider-russia.com/uploads/images/logo-w1.svg,logo_ready,high,partner_catalog_backfill_20260702,Backfilled from confirmed partner source for catalog vendor coverage; official site/logo already tracked in partners data.
Электрика / кабель,Электрика / кабель,Электрика / кабель,Электрика / кабель,Кабельный Альянс,Кабельный Альянс,kabelnyy-alyans,https://holdcable.com/,assets/img/logos/partners/kabelnyy-alyans.png,https://holdcable.com/images/logo.png,logo_ready,high,partner_catalog_backfill_20260702,Backfilled from confirmed partner source for catalog vendor coverage; official site/logo already tracked in partners data.
Электрика / слаботочная инфраструктура,Электрика / слаботочная инфраструктура,Электрика / слаботочная инфраструктура,Электрика / слаботочная инфраструктура,ITK,ITK,itk,https://itk-group.ru/,assets/img/logos/partners/itk.svg,https://itk-group.ru/local/templates/itk-group-2025/images/logo_new-dark.svg,logo_ready,high,partner_catalog_backfill_20260702,Backfilled from confirmed partner source for catalog vendor coverage; official site/logo already tracked in partners data.
Электротехническое оборудование,Электротехническое оборудование,Электротехническое оборудование,Электротехническое оборудование,Generica,Generica,generica,https://generica.su/,assets/img/logos/partners/generica.svg,https://generica.su/local/templates/generica-redesign/images/logotype-dark.svg,logo_ready,high,partner_catalog_backfill_20260702,Backfilled from confirmed partner source for catalog vendor coverage; official site/logo already tracked in partners data.
Электротехническое оборудование,Электротехническое оборудование,Электротехническое оборудование,Электротехническое оборудование,Контактор,Контактор,kontaktor,https://www.kontaktor.ru/,assets/img/logos/partners/kontaktor.svg,https://www.kontaktor.ru/local/templates/kontaktor/build/img/rebranding/Kontaktor_by_IEK.svg,logo_ready,high,partner_catalog_backfill_20260702,Backfilled from confirmed partner source for catalog vendor coverage; official site/logo already tracked in partners data.
Энергетика,Зарядная инфраструктура,Зарядочные станции для электромобилей,Зарядочные станции для электромобилей,Parus Electro,Parus Electro,parus-electro,https://parus-electro.ru/catalog/zaryadnie_stanzii_electromobilei/,assets/img/logos/vendors/parus-electro.svg,https://parus-electro.ru/upload/CMax/a46/b31l4ctkfc14ss204yk0veaappnuwks9/logo_new_parus_30_09_2025.svg,logo_ready,high,codex_p2_hvac_ev_20260703,Official Parus Electro catalog page is for EV charging stations; logo from official site asset.
Энергетика,Зарядная инфраструктура,Зарядочные станции для электромобилей,Зарядочные станции для электромобилей,The Edison,The Edison,the-edison,https://theedison.ru/catalog/,assets/img/logos/vendors/the-edison.svg,https://theedison.ru/wp-content/themes/_garnet/assets/img/logo.svg,logo_ready,high,codex_p2_hvac_ev_20260703,Official catalog title identifies The Edison as EV charging station manufacturer; logo from official theme asset.
Энергосервис / автоматизация,Энергосервис / автоматизация,Энергосервис / автоматизация,Энергосервис / автоматизация,PROFESCO,PROFESCO,profesco,https://profesko.ru/,assets/img/logos/partners/profesco-clean.svg,https://profesko.ru/local/templates/profesco/img/companies/profesco/profesco-active.svg,logo_ready,high,partner_catalog_backfill_20260702,Backfilled from confirmed partner source for catalog vendor coverage; official site/logo already tracked in partners data.
